t, x1, x2, u
0.001, 4.99933e-08, 9.99798e-05, 1
0.002, 1.99946e-07, 0.000199919, 1
0.003, 4.49817e-07, 0.000299816, 1
0.004, 7.99563e-07, 0.00039967, 1
0.005, 1.24914e-06, 0.00049948, 1
0.006, 1.79851e-06, 0.000599245, 1
0.007, 2.44762e-06, 0.000698965, 1
0.008, 3.19642e-06, 0.000798638, 1
0.009, 4.04488e-06, 0.000898263, 1
0.01, 4.99293e-06, 0.000997839, 1
0.011, 6.04054e-06, 0.00109737, 1
0.012, 7.18765e-06, 0.00119684, 1
0.013, 8.43421e-06, 0.00129627, 1
0.014, 9.78017e-06, 0.00139564, 1
0.015, 1.12255e-05, 0.00149496, 1
0.016, 1.27701e-05, 0.00159422, 1
0.017, 1.44139e-05, 0.00169343, 1
0.018, 1.61569e-05, 0.00179259, 1
0.019, 1.79991e-05, 0.00189168, 1
0.02, 1.99403e-05, 0.00199072, 1
0.021, 2.19805e-05, 0.0020897, 1
0.022, 2.41196e-05, 0.00218862, 1
0.023, 2.63577e-05, 0.00228747, 1
0.024, 2.86946e-05, 0.00238627, 1
0.025, 3.11302e-05, 0.002485, 1
0.026, 3.36645e-05, 0.00258367, 1
0.027, 3.62975e-05, 0.00268227, 1
0.028, 3.90291e-05, 0.00278081, 1
0.029, 4.18591e-05, 0.00287928, 1
0.03, 4.47876e-05, 0.00297769, 1
0.031, 4.78145e-05, 0.00307602, 1
0.032, 5.09396e-05, 0.00317429, 1
0.033, 5.4163e-05, 0.00327248, 1
0.034, 5.74846e-05, 0.00337061, 1
0.035, 6.09042e-05, 0.00346866, 1
0.036, 6.44218e-05, 0.00356664, 1
0.037, 6.80374e-05, 0.00366454, 1
0.038, 7.17509e-05, 0.00376237, 1
0.039, 7.55622e-05, 0.00386012, 1
0.04, 7.94711e-05, 0.0039578, 1
0.041, 8.34777e-05, 0.0040554, 1
0.042, 8.75819e-05, 0.00415291, 1
0.043, 9.17835e-05, 0.00425035, 1
0.044, 9.60826e-05, 0.00434771, 1
0.045, 0.000100479, 0.00444499, 1
0.046, 0.000104973, 0.00454219, 1
0.047, 0.000109563, 0.0046393, 1
0.048, 0.000114251, 0.00473632, 1
0.049, 0.000119036, 0.00483327, 1
0.05, 0.000123918, 0.00493012, 1
0.051, 0.000128896, 0.00502689, 1
0.052, 0.000133971, 0.00512357, 1
0.053, 0.000139143, 0.00522016, 1
0.054, 0.000144412, 0.00531666, 1
0.055, 0.000149777, 0.00541308, 1
0.056, 0.000155238, 0.0055094, 1
0.057, 0.000160795, 0.00560562, 1
0.058, 0.000166449, 0.00570176, 1
0.059, 0.000172199, 0.0057978, 1
0.06, 0.000178045, 0.00589374, 1
0.061, 0.000183986, 0.00598959, 1
0.062, 0.000190024, 0.00608534, 1
0.063, 0.000196157, 0.00618099, 1
0.064, 0.000202386, 0.00627654, 1
0.065, 0.00020871, 0.006372, 1
0.066, 0.00021513, 0.00646735, 1
0.067, 0.000221645, 0.0065626, 1
0.068, 0.000228255, 0.00665775, 1
0.069, 0.00023496, 0.0067528, 1
0.07, 0.00024176, 0.00684774, 1
0.071, 0.000248655, 0.00694258, 1
0.072, 0.000255645, 0.00703731, 1
0.073, 0.00026273, 0.00713193, 1
0.074, 0.000269909, 0.00722645, 1
0.075, 0.000277183, 0.00732085, 1
0.076, 0.000284551, 0.00741515, 1
0.077, 0.000292013, 0.00750934, 1
0.078, 0.00029957, 0.00760341, 1
0.079, 0.00030722, 0.00769738, 1
0.08, 0.000314964, 0.00779123, 1
0.081, 0.000322802, 0.00788496, 1
0.082, 0.000330734, 0.00797859, 1
0.083, 0.00033876, 0.00807209, 1
0.084, 0.000346878, 0.00816548, 1
0.085, 0.00035509, 0.00825875, 1
0.086, 0.000363396, 0.00835191, 1
0.087, 0.000371794, 0.00844494, 1
0.088, 0.000380286, 0.00853786, 1
0.089, 0.00038887, 0.00863065, 1
0.09, 0.000397547, 0.00872332, 1
0.091, 0.000406316, 0.00881587, 1
0.092, 0.000415179, 0.0089083, 1
0.093, 0.000424133, 0.0090006, 1
0.094, 0.00043318, 0.00909277, 1
0.095, 0.000442319, 0.00918482, 1
0.096, 0.000451549, 0.00927675, 1
0.097, 0.000460872, 0.00936854, 1
0.098, 0.000470286, 0.00946021, 1
0.099, 0.000479792, 0.00955175, 1
0.1, 0.00048939, 0.00964316, 1
0.101, 0.000499079, 0.00973443, 1
0.102, 0.000508859, 0.00982558, 1
0.103, 0.00051873, 0.00991659, 1
0.104, 0.000528692, 0.0100075, 1
0.105, 0.000538745, 0.0100982, 1
0.106, 0.000548888, 0.0101888, 1
0.107, 0.000559122, 0.0102793, 1
0.108, 0.000569447, 0.0103696, 1
0.109, 0.000579861, 0.0104598, 1
0.11, 0.000590366, 0.0105499, 1
0.111, 0.000600961, 0.0106398, 1
0.112, 0.000611646, 0.0107296, 1
0.113, 0.00062242, 0.0108192, 1
0.114, 0.000633284, 0.0109087, 1
0.115, 0.000644238, 0.0109981, 1
0.116, 0.00065528, 0.0110873, 1
0.117, 0.000666412, 0.0111763, 1
0.118, 0.000677633, 0.0112653, 1
0.119, 0.000688943, 0.011354, 1
0.12, 0.000700341, 0.0114427, 1
0.121, 0.000711828, 0.0115311, 1
0.122, 0.000723403, 0.0116195, 1
0.123, 0.000735067, 0.0117076, 1
0.124, 0.000746818, 0.0117957, 1
0.125, 0.000758658, 0.0118836, 1
0.126, 0.000770585, 0.0119713, 1
0.127, 0.0007826, 0.0120589, 1
0.128, 0.000794703, 0.0121463, 1
0.129, 0.000806893, 0.0122335, 1
0.13, 0.00081917, 0.0123207, 1
0.131, 0.000831534, 0.0124076, 1
0.132, 0.000843985, 0.0124944, 1
0.133, 0.000856523, 0.0125811, 1
0.134, 0.000869147, 0.0126675, 1
0.135, 0.000881858, 0.0127539, 1
0.136, 0.000894655, 0.01284, 1
0.137, 0.000907538, 0.012926, 1
0.138, 0.000920507, 0.0130119, 1
0.139, 0.000933562, 0.0130976, 1
0.14, 0.000946702, 0.0131831, 1
0.141, 0.000959928, 0.0132685, 1
0.142, 0.000973239, 0.0133537, 1
0.143, 0.000986635, 0.0134387, 1
0.144, 0.00100012, 0.0135235, 1
0.145, 0.00101368, 0.0136082, 1
0.146, 0.00102733, 0.0136928, 1
0.147, 0.00104107, 0.0137771, 1
0.148, 0.00105489, 0.0138613, 1
0.149, 0.00106879, 0.0139453, 1
0.15, 0.00108278, 0.0140292, 1
0.151, 0.00109685, 0.0141129, 1
0.152, 0.001111, 0.0141964, 1
0.153, 0.00112524, 0.0142797, 1
0.154, 0.00113956, 0.0143629, 1
0.155, 0.00115397, 0.0144459, 1
0.156, 0.00116845, 0.0145287, 1
0.157, 0.00118302, 0.0146113, 1
0.158, 0.00119768, 0.0146938, 1
0.159, 0.00121241, 0.0147761, 1
0.16, 0.00122723, 0.0148582, 1
0.161, 0.00124213, 0.0149401, 1
0.162, 0.00125711, 0.0150219, 1
0.163, 0.00127217, 0.0151034, 1
0.164, 0.00128732, 0.0151848, 1
0.165, 0.00130254, 0.015266, 1
0.166, 0.00131785, 0.015347, 1
0.167, 0.00133324, 0.0154279, 1
0.168, 0.0013487, 0.0155085, 1
0.169, 0.00136425, 0.015589, 1
0.17, 0.00137988, 0.0156693, 1
0.171, 0.00139559, 0.0157494, 1
0.172, 0.00141138, 0.0158293, 1
0.173, 0.00142725, 0.015909, 1
0.174, 0.0014432, 0.0159886, 1
0.175, 0.00145923, 0.0160679, 1
0.176, 0.00147533, 0.0161471, 1
0.177, 0.00149152, 0.0162261, 1
0.178, 0.00150779, 0.0163049, 1
0.179, 0.00152413, 0.0163835, 1
0.18, 0.00154055, 0.0164619, 1
0.181, 0.00155705, 0.0165401, 1
0.182, 0.00157363, 0.0166181, 1
0.183, 0.00159029, 0.0166959, 1
0.184, 0.00160702, 0.0167735, 1
0.185, 0.00162384, 0.0168509, 1
0.186, 0.00164073, 0.0169282, 1
0.187, 0.00165769, 0.0170052, 1
0.188, 0.00167474, 0.017082, 1
0.189, 0.00169186, 0.0171587, 1
0.19, 0.00170905, 0.0172351, 1
0.191, 0.00172633, 0.0173114, 1
0.192, 0.00174368, 0.0173874, 1
0.193, 0.0017611, 0.0174632, 1
0.194, 0.0017786, 0.0175389, 1
0.195, 0.00179618, 0.0176143, 1
0.196, 0.00181383, 0.0176895, 1
0.197, 0.00183156, 0.0177646, 1
0.198, 0.00184936, 0.0178394, 1
0.199, 0.00186724, 0.017914, 1
0.2, 0.00188519, 0.0179884, 1
0.201, 0.00190321, 0.0180626, 1
0.202, 0.00192131, 0.0181366, 1
0.203, 0.00193949, 0.0182104, 1
0.204, 0.00195773, 0.018284, 1
0.205, 0.00197606, 0.0183574, 1
0.206, 0.00199445, 0.0184306, 1
0.207, 0.00201292, 0.0185035, 1
0.208, 0.00203146, 0.0185763, 1
0.209, 0.00205007, 0.0186488, 1
0.21, 0.00206875, 0.0187211, 1
0.211, 0.00208751, 0.0187932, 1
0.212, 0.00210634, 0.0188651, 1
0.213, 0.00212524, 0.0189368, 1
0.214, 0.00214421, 0.0190083, 1
0.215, 0.00216326, 0.0190795, 1
0.216, 0.00218237, 0.0191506, 1
0.217, 0.00220156, 0.0192214, 1
0.218, 0.00222082, 0.019292, 1
0.219, 0.00224014, 0.0193624, 1
0.22, 0.00225954, 0.0194326, 1
0.221, 0.00227901, 0.0195025, 1
0.222, 0.00229855, 0.0195722, 1
0.223, 0.00231815, 0.0196418, 1
0.224, 0.00233783, 0.0197111, 1
0.225, 0.00235757, 0.0197801, 1
0.226, 0.00237739, 0.019849, 1
0.227, 0.00239727, 0.0199176, 1
0.228, 0.00241722, 0.019986, 1
0.229, 0.00243724, 0.0200542, 1
0.23, 0.00245733, 0.0201221, 1
0.231, 0.00247749, 0.0201899, 1
0.232, 0.00249771, 0.0202574, 1
0.233, 0.002518, 0.0203247, 1
0.234, 0.00253836, 0.0203917, 1
0.235, 0.00255879, 0.0204585, 1
0.236, 0.00257928, 0.0205251, 1
0.237, 0.00259984, 0.0205915, 1
0.238, 0.00262046, 0.0206577, 1
0.239, 0.00264115, 0.0207236, 1
0.24, 0.00266191, 0.0207893, 1
0.241, 0.00268273, 0.0208547, 1
0.242, 0.00270362, 0.0209199, 1
0.243, 0.00272457, 0.0209849, 1
0.244, 0.00274559, 0.0210497, 1
0.245, 0.00276667, 0.0211142, 1
0.246, 0.00278782, 0.0211785, 1
0.247, 0.00280903, 0.0212426, 1
0.248, 0.0028303, 0.0213064, 1
0.249, 0.00285164, 0.02137, 1
0.25, 0.00287304, 0.0214334, 1
0.251, 0.00289451, 0.0214965, 1
0.252, 0.00291603, 0.0215594, 1
0.253, 0.00293762, 0.021622, 1
0.254, 0.00295928, 0.0216845, 1
0.255, 0.00298099, 0.0217466, 1
0.256, 0.00300277, 0.0218086, 1
0.257, 0.00302461, 0.0218703, 1
0.258, 0.00304651, 0.0219317, 1
0.259, 0.00306847, 0.021993, 1
0.26, 0.0030905, 0.0220539, 1
0.261, 0.00311258, 0.0221147, 1
0.262, 0.00313473, 0.0221752, 1
0.263, 0.00315693, 0.0222354, 1
0.264, 0.0031792, 0.0222954, 1
0.265, 0.00320152, 0.0223552, 1
0.266, 0.00322391, 0.0224147, 1
0.267, 0.00324635, 0.022474, 1
0.268, 0.00326886, 0.0225331, 1
0.269, 0.00329142, 0.0225919, 1
0.27, 0.00331404, 0.0226504, 1
0.271, 0.00333672, 0.0227087, 1
0.272, 0.00335946, 0.0227668, 1
0.273, 0.00338225, 0.0228246, 1
0.274, 0.00340511, 0.0228822, 1
0.275, 0.00342802, 0.0229395, 1
0.276, 0.00345099, 0.0229966, 1
0.277, 0.00347401, 0.0230534, 1
0.278, 0.00349709, 0.02311, 1
0.279, 0.00352023, 0.0231663, 1
0.28, 0.00354342, 0.0232224, 1
0.281, 0.00356667, 0.0232782, 1
0.282, 0.00358998, 0.0233338, 1
0.283, 0.00361334, 0.0233891, 1
0.284, 0.00363676, 0.0234442, 1
0.285, 0.00366023, 0.023499, 1
0.286, 0.00368376, 0.0235535, 1
0.287, 0.00370734, 0.0236079, 1
0.288, 0.00373097, 0.0236619, 1
0.289, 0.00375466, 0.0237157, 1
0.29, 0.0037784, 0.0237693, 1
0.291, 0.0038022, 0.0238226, 1
0.292, 0.00382605, 0.0238756, 1
0.293, 0.00384995, 0.0239284, 1
0.294, 0.00387391, 0.0239809, 1
0.295, 0.00389791, 0.0240332, 1
0.296, 0.00392197, 0.0240852, 1
0.297, 0.00394608, 0.024137, 1
0.298, 0.00397025, 0.0241885, 1
0.299, 0.00399446, 0.0242398, 1
0.3, 0.00401873, 0.0242907, 1
0.301, 0.00404304, 0.0243415, 1
0.302, 0.00406741, 0.0243919, 1
0.303, 0.00409182, 0.0244422, 1
0.304, 0.00411629, 0.0244921, 1
0.305, 0.00414081, 0.0245418, 1
0.306, 0.00416538, 0.0245912, 1
0.307, 0.00418999, 0.0246404, 1
0.308, 0.00421466, 0.0246893, 1
0.309, 0.00423937, 0.024738, 1
0.31, 0.00426413, 0.0247863, 1
0.311, 0.00428894, 0.0248345, 1
0.312, 0.0043138, 0.0248823, 1
0.313, 0.00433871, 0.0249299, 1
0.314, 0.00436366, 0.0249773, 1
0.315, 0.00438866, 0.0250243, 1
0.316, 0.00441371, 0.0250711, 1
0.317, 0.0044388, 0.0251177, 1
0.318, 0.00446394, 0.025164, 1
0.319, 0.00448913, 0.02521, 1
0.32, 0.00451436, 0.0252557, 1
0.321, 0.00453964, 0.0253012, 1
0.322, 0.00456497, 0.0253464, 1
0.323, 0.00459034, 0.0253913, 1
0.324, 0.00461575, 0.025436, 1
0.325, 0.00464121, 0.0254804, 1
0.326, 0.00466671, 0.0255246, 1
0.327, 0.00469226, 0.0255685, 1
0.328, 0.00471785, 0.0256121, 1
0.329, 0.00474348, 0.0256554, 1
0.33, 0.00476916, 0.0256985, 1
0.331, 0.00479488, 0.0257413, 1
0.332, 0.00482064, 0.0257838, 1
0.333, 0.00484645, 0.0258261, 1
0.334, 0.00487229, 0.0258681, 1
0.335, 0.00489818, 0.0259098, 1
0.336, 0.00492411, 0.0259512, 1
0.337, 0.00495008, 0.0259924, 1
0.338, 0.0049761, 0.0260333, 1
0.339, 0.00500215, 0.0260739, 1
0.34, 0.00502824, 0.0261143, 1
0.341, 0.00505438, 0.0261544, 1
0.342, 0.00508055, 0.0261942, 1
0.343, 0.00510677, 0.0262338, 1
0.344, 0.00513302, 0.026273, 1
0.345, 0.00515931, 0.026312, 1
0.346, 0.00518564, 0.0263508, 1
0.347, 0.00521201, 0.0263892, 1
0.348, 0.00523842, 0.0264274, 1
0.349, 0.00526487, 0.0264653, 1
0.35, 0.00529135, 0.0265029, 1
0.351, 0.00531787, 0.0265403, 1
0.352, 0.00534443, 0.0265774, 1
0.353, 0.00537103, 0.0266142, 1
0.354, 0.00539766, 0.0266507, 1
0.355, 0.00542433, 0.0266869, 1
0.356, 0.00545104, 0.0267229, 1
0.357, 0.00547778, 0.0267586, 1
0.358, 0.00550455, 0.026794, 1
0.359, 0.00553136, 0.0268292, 1
0.36, 0.00555821, 0.026864, 1
0.361, 0.00558509, 0.0268986, 1
0.362, 0.00561201, 0.0269329, 1
0.363, 0.00563896, 0.026967, 1
0.364, 0.00566594, 0.0270007, 1
0.365, 0.00569296, 0.0270342, 1
0.366, 0.00572001, 0.0270674, 1
0.367, 0.00574709, 0.0271003, 1
0.368, 0.00577421, 0.027133, 1
0.369, 0.00580136, 0.0271653, 1
0.37, 0.00582854, 0.0271974, 1
0.371, 0.00585575, 0.0272292, 1
0.372, 0.005883, 0.0272607, 1
0.373, 0.00591028, 0.027292, 1
0.374, 0.00593758, 0.027323, 1
0.375, 0.00596492, 0.0273536, 1
0.376, 0.00599229, 0.027384, 1
0.377, 0.00601969, 0.0274142, 1
0.378, 0.00604712, 0.027444, 1
0.379, 0.00607458, 0.0274736, 1
0.38, 0.00610207, 0.0275028, 1
0.381, 0.00612958, 0.0275318, 1
0.382, 0.00615713, 0.0275606, 1
0.383, 0.0061847, 0.027589, 1
0.384, 0.00621231, 0.0276171, 1
0.385, 0.00623994, 0.027645, 1
0.386, 0.0062676, 0.0276726, 1
0.387, 0.00629528, 0.0276999, 1
0.388, 0.006323, 0.0277269, 1
0.389, 0.00635074, 0.0277537, 1
0.39, 0.0063785, 0.0277801, 1
0.391, 0.0064063, 0.0278063, 1
0.392, 0.00643412, 0.0278322, 1
0.393, 0.00646196, 0.0278578, 1
0.394, 0.00648983, 0.0278831, 1
0.395, 0.00651773, 0.0279082, 1
0.396, 0.00654565, 0.0279329, 1
0.397, 0.00657359, 0.0279574, 1
0.398, 0.00660156, 0.0279816, 1
0.399, 0.00662956, 0.0280055, 1
0.4, 0.00665757, 0.0280291, 1
0.401, 0.00668562, 0.0280524, 1
0.402, 0.00671368, 0.0280755, 1
0.403, 0.00674177, 0.0280983, 1
0.404, 0.00676988, 0.0281207, 1
0.405, 0.00679801, 0.0281429, 1
0.406, 0.00682616, 0.0281648, 1
0.407, 0.00685434, 0.0281865, 1
0.408, 0.00688253, 0.0282078, 1
0.409, 0.00691075, 0.0282289, 1
0.41, 0.00693899, 0.0282496, 1
0.411, 0.00696725, 0.0282701, 1
0.412, 0.00699553, 0.0282903, 1
0.413, 0.00702383, 0.0283102, 1
0.414, 0.00705215, 0.0283299, 1
0.415, 0.00708049, 0.0283492, 1
0.416, 0.00710885, 0.0283683, 1
0.417, 0.00713723, 0.0283871, 1
0.418, 0.00716562, 0.0284055, 1
0.419, 0.00719404, 0.0284237, 1
0.42, 0.00722247, 0.0284417, 1
0.421, 0.00725092, 0.0284593, 1
0.422, 0.00727939, 0.0284766, 1
0.423, 0.00730788, 0.0284937, 1
0.424, 0.00733638, 0.0285105, 1
0.425, 0.0073649, 0.0285269, 1
0.426, 0.00739343, 0.0285431, 1
0.427, 0.00742198, 0.028559, 1
0.428, 0.00745055, 0.0285747, 1
0.429, 0.00747913, 0.02859, 1
0.43, 0.00750773, 0.0286051, 1
0.431, 0.00753634, 0.0286198, 1
0.432, 0.00756497, 0.0286343, 1
0.433, 0.00759361, 0.0286485, 1
0.434, 0.00762227, 0.0286624, 1
0.435, 0.00765094, 0.028676, 1
0.436, 0.00767962, 0.0286893, 1
0.437, 0.00770831, 0.0287024, 1
0.438, 0.00773702, 0.0287151, 1
0.439, 0.00776574, 0.0287276, 1
0.44, 0.00779448, 0.0287398, 1
0.441, 0.00782322, 0.0287517, 1
0.442, 0.00785198, 0.0287633, 1
0.443, 0.00788075, 0.0287746, 1
0.444, 0.00790953, 0.0287857, 1
0.445, 0.00793832, 0.0287964, 1
0.446, 0.00796712, 0.0288069, 1
0.447, 0.00799594, 0.0288171, 1
0.448, 0.00802476, 0.028827, 1
0.449, 0.00805359, 0.0288366, 1
0.45, 0.00808243, 0.0288459, 1
0.451, 0.00811128, 0.0288549, 1
0.452, 0.00814014, 0.0288636, 1
0.453, 0.00816901, 0.0288721, 1
0.454, 0.00819788, 0.0288803, 1
0.455, 0.00822677, 0.0288882, 1
0.456, 0.00825566, 0.0288958, 1
0.457, 0.00828456, 0.0289031, 1
0.458, 0.00831347, 0.0289101, 1
0.459, 0.00834238, 0.0289168, 1
0.46, 0.0083713, 0.0289233, 1
0.461, 0.00840023, 0.0289295, 1
0.462, 0.00842916, 0.0289353, 1
0.463, 0.0084581, 0.0289409, 1
0.464, 0.00848704, 0.0289462, 1
0.465, 0.00851599, 0.0289513, 1
0.466, 0.00854494, 0.028956, 1
0.467, 0.0085739, 0.0289604, 1
0.468, 0.00860286, 0.0289646, 1
0.469, 0.00863183, 0.0289685, 1
0.47, 0.0086608, 0.0289721, 1
0.471, 0.00868977, 0.0289754, 1
0.472, 0.00871875, 0.0289784, 1
0.473, 0.00874773, 0.0289811, 1
0.474, 0.00877671, 0.0289836, 1
0.475, 0.0088057, 0.0289858, 1
0.476, 0.00883468, 0.0289876, 1
0.477, 0.00886367, 0.0289892, 1
0.478, 0.00889266, 0.0289905, 1
0.479, 0.00892165, 0.0289916, 1
0.48, 0.00895065, 0.0289923, 1
0.481, 0.00897964, 0.0289928, 1
0.482, 0.00900863, 0.0289929, 1
0.483, 0.00903762, 0.0289928, 1
0.484, 0.00906662, 0.0289924, 1
0.485, 0.00909561, 0.0289917, 1
0.486, 0.0091246, 0.0289908, 1
0.487, 0.00915359, 0.0289895, 1
0.488, 0.00918258, 0.028988, 1
0.489, 0.00921157, 0.0289862, 1
0.49, 0.00924055, 0.0289841, 1
0.491, 0.00926953, 0.0289817, 1
0.492, 0.00929852, 0.028979, 1
0.493, 0.00932749, 0.0289761, 1
0.494, 0.00935647, 0.0289728, 1
0.495, 0.00938544, 0.0289693, 1
0.496, 0.00941441, 0.0289655, 1
0.497, 0.00944337, 0.0289614, 1
0.498, 0.00947233, 0.0289571, 1
0.499, 0.00950128, 0.0289524, 1
0.5, 0.00953023, 0.0289475, 1
0.501, 0.00955918, 0.0289423, 1
0.502, 0.00958812, 0.0289368, 1
0.503, 0.00961705, 0.028931, 1
0.504, 0.00964598, 0.028925, 1
0.505, 0.0096749, 0.0289186, 1
0.506, 0.00970382, 0.028912, 1
0.507, 0.00973273, 0.0289051, 1
0.508, 0.00976163, 0.028898, 1
0.509, 0.00979052, 0.0288905, 1
0.51, 0.00981941, 0.0288828, 1
0.511, 0.00984829, 0.0288747, 1
0.512, 0.00987716, 0.0288664, 1
0.513, 0.00990602, 0.0288579, 1
0.514, 0.00993487, 0.028849, 1
0.515, 0.00996372, 0.0288399, 1
0.516, 0.00999255, 0.0288304, 1
0.517, 0.0100214, 0.0288207, 1
0.518, 0.0100502, 0.0288108, 1
0.519, 0.010079, 0.0288005, 1
0.52, 0.0101078, 0.02879, 1
0.521, 0.0101366, 0.0287792, 1
0.522, 0.0101654, 0.0287681, 1
0.523, 0.0101941, 0.0287567, 1
0.524, 0.0102229, 0.0287451, 1
0.525, 0.0102516, 0.0287331, 1
0.526, 0.0102803, 0.0287209, 1
0.527, 0.010309, 0.0287085, 1
0.528, 0.0103377, 0.0286957, 1
0.529, 0.0103664, 0.0286827, 1
0.53, 0.0103951, 0.0286694, 1
0.531, 0.0104238, 0.0286558, 1
0.532, 0.0104524, 0.028642, 1
0.533, 0.0104811, 0.0286278, 1
0.534, 0.0105097, 0.0286134, 1
0.535, 0.0105383, 0.0285987, 1
0.536, 0.0105669, 0.0285838, 1
0.537, 0.0105955, 0.0285685, 1
0.538, 0.010624, 0.028553, 1
0.539, 0.0106526, 0.0285373, 1
0.54, 0.0106811, 0.0285212, 1
0.541, 0.0107096, 0.0285049, 1
0.542, 0.0107381, 0.0284883, 1
0.543, 0.0107666, 0.0284714, 1
0.544, 0.010795, 0.0284543, 1
0.545, 0.0108235, 0.0284369, 1
0.546, 0.0108519, 0.0284192, 1
0.547, 0.0108803, 0.0284012, 1
0.548, 0.0109087, 0.028383, 1
0.549, 0.0109371, 0.0283645, 1
0.55, 0.0109654, 0.0283457, 1
0.551, 0.0109938, 0.0283267, 1
0.552, 0.0110221, 0.0283074, 1
0.553, 0.0110504, 0.0282878, 1
0.554, 0.0110787, 0.0282679, 1
0.555, 0.0111069, 0.0282478, 1
0.556, 0.0111352, 0.0282274, 1
0.557, 0.0111634, 0.0282068, 1
0.558, 0.0111916, 0.0281858, 1
0.559, 0.0112198, 0.0281646, 1
0.56, 0.0112479, 0.0281432, 1
0.561, 0.011276, 0.0281214, 1
0.562, 0.0113042, 0.0280994, 1
0.563, 0.0113322, 0.0280772, 1
0.564, 0.0113603, 0.0280546, 1
0.565, 0.0113884, 0.0280319, 1
0.566, 0.0114164, 0.0280088, 1
0.567, 0.0114444, 0.0279855, 1
0.568, 0.0114723, 0.0279619, 1
0.569, 0.0115003, 0.027938, 1
0.57, 0.0115282, 0.0279139, 1
0.571, 0.0115561, 0.0278895, 1
0.572, 0.011584, 0.0278648, 1
0.573, 0.0116119, 0.0278399, 1
0.574, 0.0116397, 0.0278148, 1
0.575, 0.0116675, 0.0277893, 1
0.576, 0.0116953, 0.0277636, 1
0.577, 0.011723, 0.0277376, 1
0.578, 0.0117507, 0.0277114, 1
0.579, 0.0117784, 0.0276849, 1
0.58, 0.0118061, 0.0276582, 1
0.581, 0.0118337, 0.0276312, 1
0.582, 0.0118614, 0.0276039, 1
0.583, 0.011889, 0.0275764, 1
0.584, 0.0119165, 0.0275486, 1
0.585, 0.0119441, 0.0275205, 1
0.586, 0.0119716, 0.0274922, 1
0.587, 0.011999, 0.0274637, 1
0.588, 0.0120265, 0.0274349, 1
0.589, 0.0120539, 0.0274058, 1
0.59, 0.0120813, 0.0273764, 1
0.591, 0.0121087, 0.0273468, 1
0.592, 0.012136, 0.027317, 1
0.593, 0.0121633, 0.0272869, 1
0.594, 0.0121906, 0.0272565, 1
0.595, 0.0122178, 0.0272259, 1
0.596, 0.012245, 0.027195, 1
0.597, 0.0122722, 0.0271639, 1
0.598, 0.0122993, 0.0271325, 1
0.599, 0.0123265, 0.0271009, 1
0.6, 0.0123535, 0.027069, 1
0.601, 0.0123806, 0.0270369, 1
0.602, 0.0124076, 0.0270045, 1
0.603, 0.0124346, 0.0269718, 1
0.604, 0.0124616, 0.0269389, 1
0.605, 0.0124885, 0.0269058, 1
0.606, 0.0125154, 0.0268724, 1
0.607, 0.0125422, 0.0268388, 1
0.608, 0.0125691, 0.0268049, 1
0.609, 0.0125958, 0.0267707, 1
0.61, 0.0126226, 0.0267363, 1
0.611, 0.0126493, 0.0267017, 1
0.612, 0.012676, 0.0266668, 1
0.613, 0.0127026, 0.0266316, 1
0.614, 0.0127293, 0.0265963, 1
0.615, 0.0127558, 0.0265606, 1
0.616, 0.0127824, 0.0265247, 1
0.617, 0.0128089, 0.0264886, 1
0.618, 0.0128354, 0.0264523, 1
0.619, 0.0128618, 0.0264156, 1
0.62, 0.0128882, 0.0263788, 1
0.621, 0.0129146, 0.0263417, 1
0.622, 0.0129409, 0.0263043, 1
0.623, 0.0129672, 0.0262667, 1
0.624, 0.0129934, 0.0262289, 1
0.625, 0.0130196, 0.0261908, 1
0.626, 0.0130458, 0.0261525, 1
0.627, 0.0130719, 0.026114, 1
0.628, 0.013098, 0.0260752, 1
0.629, 0.0131241, 0.0260361, 1
0.63, 0.0131501, 0.0259968, 1
0.631, 0.0131761, 0.0259573, 1
0.632, 0.013202, 0.0259176, 1
0.633, 0.0132279, 0.0258776, 1
0.634, 0.0132538, 0.0258374, 1
0.635, 0.0132796, 0.0257969, 1
0.636, 0.0133054, 0.0257562, 1
0.637, 0.0133311, 0.0257152, 1
0.638, 0.0133568, 0.0256741, 1
0.639, 0.0133824, 0.0256326, 1
0.64, 0.013408, 0.025591, 1
0.641, 0.0134336, 0.0255491, 1
0.642, 0.0134591, 0.025507, 1
0.643, 0.0134846, 0.0254646, 1
0.644, 0.0135101, 0.0254221, 1
0.645, 0.0135355, 0.0253792, 1
0.646, 0.0135608, 0.0253362, 1
0.647, 0.0135861, 0.0252929, 1
0.648, 0.0136114, 0.0252494, 1
0.649, 0.0136366, 0.0252057, 1
0.65, 0.0136618, 0.0251617, 1
0.651, 0.013687, 0.0251175, 1
0.652, 0.0137121, 0.0250731, 1
0.653, 0.0137371, 0.0250284, 1
0.654, 0.0137621, 0.0249835, 1
0.655, 0.0137871, 0.0249384, 1
0.656, 0.013812, 0.0248931, 1
0.657, 0.0138369, 0.0248475, 1
0.658, 0.0138617, 0.0248018, 1
0.659, 0.0138865, 0.0247557, 1
0.66, 0.0139112, 0.0247095, 1
0.661, 0.0139359, 0.024663, 1
0.662, 0.0139605, 0.0246164, 1
0.663, 0.0139851, 0.0245695, 1
0.664, 0.0140097, 0.0245223, 1
0.665, 0.0140342, 0.024475, 1
0.666, 0.0140586, 0.0244274, 1
0.667, 0.014083, 0.0243796, 1
0.668, 0.0141074, 0.0243316, 1
0.669, 0.0141317, 0.0242834, 1
0.67, 0.0141559, 0.0242349, 1
0.671, 0.0141802, 0.0241863, 1
0.672, 0.0142043, 0.0241374, 1
0.673, 0.0142284, 0.0240883, 1
0.674, 0.0142525, 0.0240389, 1
0.675, 0.0142765, 0.0239894, 1
0.676, 0.0143005, 0.0239397, 1
0.677, 0.0143244, 0.0238897, 1
0.678, 0.0143483, 0.0238395, 1
0.679, 0.0143721, 0.0237891, 1
0.68, 0.0143958, 0.0237385, 1
0.681, 0.0144195, 0.0236877, 1
0.682, 0.0144432, 0.0236367, 1
0.683, 0.0144668, 0.0235854, 1
0.684, 0.0144904, 0.023534, 1
0.685, 0.0145139, 0.0234823, 1
0.686, 0.0145373, 0.0234304, 1
0.687, 0.0145607, 0.0233783, 1
0.688, 0.0145841, 0.0233261, 1
0.689, 0.0146074, 0.0232736, 1
0.69, 0.0146306, 0.0232208, 1
0.691, 0.0146538, 0.0231679, 1
0.692, 0.014677, 0.0231148, 1
0.693, 0.0147001, 0.0230615, 1
0.694, 0.0147231, 0.023008, 1
0.695, 0.0147461, 0.0229542, 1
0.696, 0.014769, 0.0229003, 1
0.697, 0.0147919, 0.0228461, 1
0.698, 0.0148147, 0.0227918, 1
0.699, 0.0148375, 0.0227373, 1
0.7, 0.0148602, 0.0226825, 1
0.701, 0.0148828, 0.0226276, 1
0.702, 0.0149054, 0.0225724, 1
0.703, 0.014928, 0.0225171, 1
0.704, 0.0149505, 0.0224615, 1
0.705, 0.0149729, 0.0224058, 1
0.706, 0.0149953, 0.0223499, 1
0.707, 0.0150176, 0.0222937, 1
0.708, 0.0150399, 0.0222374, 1
0.709, 0.0150621, 0.0221809, 1
0.71, 0.0150842, 0.0221241, 1
0.711, 0.0151063, 0.0220672, 1
0.712, 0.0151284, 0.0220101, 1
0.713, 0.0151503, 0.0219528, 1
0.714, 0.0151723, 0.0218953, 1
0.715, 0.0151941, 0.0218376, 1
0.716, 0.0152159, 0.0217797, 1
0.717, 0.0152377, 0.0217217, 1
0.718, 0.0152594, 0.0216634, 1
0.719, 0.015281, 0.021605, 1
0.72, 0.0153026, 0.0215463, 1
0.721, 0.0153241, 0.0214875, 1
0.722, 0.0153456, 0.0214285, 1
0.723, 0.015367, 0.0213693, 1
0.724, 0.0153883, 0.0213099, 1
0.725, 0.0154096, 0.0212503, 1
0.726, 0.0154308, 0.0211906, 1
0.727, 0.015452, 0.0211306, 1
0.728, 0.0154731, 0.0210705, 1
0.729, 0.0154941, 0.0210102, 1
0.73, 0.0155151, 0.0209497, 1
0.731, 0.015536, 0.0208891, 1
0.732, 0.0155569, 0.0208282, 1
0.733, 0.0155777, 0.0207672, 1
0.734, 0.0155984, 0.020706, 1
0.735, 0.0156191, 0.0206446, 1
0.736, 0.0156397, 0.020583, 1
0.737, 0.0156602, 0.0205213, 1
0.738, 0.0156807, 0.0204594, 1
0.739, 0.0157012, 0.0203973, 1
0.74, 0.0157215, 0.020335, 1
0.741, 0.0157418, 0.0202726, 1
0.742, 0.0157621, 0.0202099, 1
0.743, 0.0157823, 0.0201472, 1
0.744, 0.0158024, 0.0200842, 1
0.745, 0.0158224, 0.0200211, 1
0.746, 0.0158424, 0.0199578, 1
0.747, 0.0158623, 0.0198943, 1
0.748, 0.0158822, 0.0198306, 1
0.749, 0.015902, 0.0197668, 1
0.75, 0.0159217, 0.0197028, 1
0.751, 0.0159414, 0.0196387, 1
0.752, 0.015961, 0.0195744, 1
0.753, 0.0159806, 0.0195099, 1
0.754, 0.016, 0.0194452, 1
0.755, 0.0160194, 0.0193804, 1
0.756, 0.0160388, 0.0193154, 1
0.757, 0.0160581, 0.0192503, 1
0.758, 0.0160773, 0.019185, 1
0.759, 0.0160964, 0.0191195, 1
0.76, 0.0161155, 0.0190539, 1
0.761, 0.0161346, 0.0189881, 1
0.762, 0.0161535, 0.0189222, 1
0.763, 0.0161724, 0.0188561, 1
0.764, 0.0161912, 0.0187898, 1
0.765, 0.01621, 0.0187234, 1
0.766, 0.0162287, 0.0186568, 1
0.767, 0.0162473, 0.0185901, 1
0.768, 0.0162658, 0.0185232, 1
0.769, 0.0162843, 0.0184561, 1
0.77, 0.0163028, 0.0183889, 1
0.771, 0.0163211, 0.0183216, 1
0.772, 0.0163394, 0.018254, 1
0.773, 0.0163576, 0.0181864, 1
0.774, 0.0163758, 0.0181186, 1
0.775, 0.0163939, 0.0180506, 1
0.776, 0.0164119, 0.0179825, 1
0.777, 0.0164298, 0.0179142, 1
0.778, 0.0164477, 0.0178458, 1
0.779, 0.0164655, 0.0177773, 1
0.78, 0.0164833, 0.0177086, 1
0.781, 0.0165009, 0.0176397, 1
0.782, 0.0165185, 0.0175707, 1
0.783, 0.0165361, 0.0175016, 1
0.784, 0.0165535, 0.0174323, 1
0.785, 0.0165709, 0.0173629, 1
0.786, 0.0165883, 0.0172933, 1
0.787, 0.0166055, 0.0172236, 1
0.788, 0.0166227, 0.0171537, 1
0.789, 0.0166398, 0.0170837, 1
0.79, 0.0166569, 0.0170136, 1
0.791, 0.0166739, 0.0169433, 1
0.792, 0.0166908, 0.0168729, 1
0.793, 0.0167076, 0.0168024, 1
0.794, 0.0167244, 0.0167317, 1
0.795, 0.0167411, 0.0166609, 1
0.796, 0.0167577, 0.0165899, 1
0.797, 0.0167743, 0.0165188, 1
0.798, 0.0167907, 0.0164476, 1
0.799, 0.0168071, 0.0163763, 1
0.8, 0.0168235, 0.0163048, 1
0.801, 0.0168398, 0.0162332, 1
0.802, 0.016856, 0.0161614, 1
0.803, 0.0168721, 0.0160895, 1
0.804, 0.0168881, 0.0160175, 1
0.805, 0.0169041, 0.0159454, 1
0.806, 0.01692, 0.0158731, 1
0.807, 0.0169359, 0.0158007, 1
0.808, 0.0169516, 0.0157282, 1
0.809, 0.0169673, 0.0156556, 1
0.81, 0.0169829, 0.0155828, 1
0.811, 0.0169985, 0.0155099, 1
0.812, 0.017014, 0.0154369, 1
0.813, 0.0170294, 0.0153638, 1
0.814, 0.0170447, 0.0152905, 1
0.815, 0.0170599, 0.0152171, 1
0.816, 0.0170751, 0.0151437, 1
0.817, 0.0170902, 0.01507, 1
0.818, 0.0171053, 0.0149963, 1
0.819, 0.0171202, 0.0149224, 1
0.82, 0.0171351, 0.0148485, 1
0.821, 0.0171499, 0.0147744, 1
0.822, 0.0171646, 0.0147002, 1
0.823, 0.0171793, 0.0146259, 1
0.824, 0.0171939, 0.0145515, 1
0.825, 0.0172084, 0.0144769, 1
0.826, 0.0172229, 0.0144023, 1
0.827, 0.0172372, 0.0143275, 1
0.828, 0.0172515, 0.0142526, 1
0.829, 0.0172657, 0.0141776, 1
0.83, 0.0172799, 0.0141025, 1
0.831, 0.0172939, 0.0140273, 1
0.832, 0.0173079, 0.013952, 1
0.833, 0.0173218, 0.0138766, 1
0.834, 0.0173357, 0.0138011, 1
0.835, 0.0173494, 0.0137255, 1
0.836, 0.0173631, 0.0136497, 1
0.837, 0.0173767, 0.0135739, 1
0.838, 0.0173903, 0.013498, 1
0.839, 0.0174037, 0.0134219, 1
0.84, 0.0174171, 0.0133458, 1
0.841, 0.0174304, 0.0132695, 1
0.842, 0.0174437, 0.0131932, 1
0.843, 0.0174568, 0.0131168, 1
0.844, 0.0174699, 0.0130402, 1
0.845, 0.0174829, 0.0129636, 1
0.846, 0.0174958, 0.0128869, 1
0.847, 0.0175087, 0.01281, 1
0.848, 0.0175214, 0.0127331, 1
0.849, 0.0175341, 0.0126561, 1
0.85, 0.0175467, 0.012579, 1
0.851, 0.0175593, 0.0125018, 1
0.852, 0.0175718, 0.0124245, 1
0.853, 0.0175841, 0.0123471, 1
0.854, 0.0175964, 0.0122696, 1
0.855, 0.0176087, 0.0121921, 1
0.856, 0.0176208, 0.0121144, 1
0.857, 0.0176329, 0.0120367, 1
0.858, 0.0176449, 0.0119588, 1
0.859, 0.0176568, 0.0118809, 1
0.86, 0.0176687, 0.0118029, 1
0.861, 0.0176804, 0.0117248, 1
0.862, 0.0176921, 0.0116467, 1
0.863, 0.0177037, 0.0115684, 1
0.864, 0.0177153, 0.0114901, 1
0.865, 0.0177267, 0.0114117, 1
0.866, 0.0177381, 0.0113332, 1
0.867, 0.0177494, 0.0112546, 1
0.868, 0.0177606, 0.0111759, 1
0.869, 0.0177717, 0.0110972, 1
0.87, 0.0177828, 0.0110184, 1
0.871, 0.0177938, 0.0109395, 1
0.872, 0.0178047, 0.0108606, 1
0.873, 0.0178155, 0.0107815, 1
0.874, 0.0178262, 0.0107024, 1
0.875, 0.0178369, 0.0106232, 1
0.876, 0.0178475, 0.010544, 1
0.877, 0.017858, 0.0104646, 1
0.878, 0.0178684, 0.0103852, 1
0.879, 0.0178787, 0.0103058, 1
0.88, 0.017889, 0.0102262, 1
0.881, 0.0178992, 0.0101466, 1
0.882, 0.0179093, 0.010067, 1
0.883, 0.0179193, 0.00998722, 1
0.884, 0.0179293, 0.00990741, 1
0.885, 0.0179391, 0.00982754, 1
0.886, 0.0179489, 0.0097476, 1
0.887, 0.0179586, 0.0096676, 1
0.888, 0.0179683, 0.00958754, 1
0.889, 0.0179778, 0.00950742, 1
0.89, 0.0179873, 0.00942723, 1
0.891, 0.0179967, 0.00934698, 1
0.892, 0.018006, 0.00926668, 1
0.893, 0.0180152, 0.00918631, 1
0.894, 0.0180243, 0.00910589, 1
0.895, 0.0180334, 0.00902541, 1
0.896, 0.0180424, 0.00894487, 1
0.897, 0.0180513, 0.00886428, 1
0.898, 0.0180601, 0.00878363, 1
0.899, 0.0180689, 0.00870293, 1
0.9, 0.0180775, 0.00862218, 1
0.901, 0.0180861, 0.00854137, 1
0.902, 0.0180946, 0.00846052, 1
0.903, 0.018103, 0.00837961, 1
0.904, 0.0181114, 0.00829865, 1
0.905, 0.0181196, 0.00821764, 1
0.906, 0.0181278, 0.00813659, 1
0.907, 0.0181359, 0.00805549, 1
0.908, 0.0181439, 0.00797434, 1
0.909, 0.0181519, 0.00789314, 1
0.91, 0.0181597, 0.0078119, 1
0.911, 0.0181675, 0.00773062, 1
0.912, 0.0181752, 0.00764929, 1
0.913, 0.0181828, 0.00756792, 1
0.914, 0.0181903, 0.00748651, 1
0.915, 0.0181977, 0.00740506, 1
0.916, 0.0182051, 0.00732357, 1
0.917, 0.0182124, 0.00724204, 1
0.918, 0.0182196, 0.00716047, 1
0.919, 0.0182267, 0.00707886, 1
0.92, 0.0182338, 0.00699722, 1
0.921, 0.0182407, 0.00691554, 1
0.922, 0.0182476, 0.00683382, 1
0.923, 0.0182544, 0.00675207, 1
0.924, 0.0182611, 0.00667029, 1
0.925, 0.0182677, 0.00658847, 1
0.926, 0.0182743, 0.00650663, 1
0.927, 0.0182807, 0.00642475, 1
0.928, 0.0182871, 0.00634284, 1
0.929, 0.0182934, 0.0062609, 1
0.93, 0.0182996, 0.00617893, 1
0.931, 0.0183058, 0.00609694, 1
0.932, 0.0183118, 0.00601492, 1
0.933, 0.0183178, 0.00593287, 1
0.934, 0.0183237, 0.0058508, 1
0.935, 0.0183295, 0.0057687, 1
0.936, 0.0183352, 0.00568658, 1
0.937, 0.0183409, 0.00560443, 1
0.938, 0.0183464, 0.00552227, 1
0.939, 0.0183519, 0.00544008, 1
0.94, 0.0183573, 0.00535787, 1
0.941, 0.0183626, 0.00527564, 1
0.942, 0.0183679, 0.00519339, 1
0.943, 0.018373, 0.00511113, 1
0.944, 0.0183781, 0.00502885, 1
0.945, 0.0183831, 0.00494655, 1
0.946, 0.018388, 0.00486423, 1
0.947, 0.0183928, 0.00478191, 1
0.948, 0.0183976, 0.00469956, 1
0.949, 0.0184022, 0.00461721, 1
0.95, 0.0184068, 0.00453484, 1
0.951, 0.0184113, 0.00445246, 1
0.952, 0.0184157, 0.00437007, 1
0.953, 0.01842, 0.00428767, 1
0.954, 0.0184243, 0.00420526, 1
0.955, 0.0184284, 0.00412284, 1
0.956, 0.0184325, 0.00404041, 1
0.957, 0.0184365, 0.00395798, 1
0.958, 0.0184404, 0.00387554, 1
0.959, 0.0184443, 0.0037931, 1
0.96, 0.018448, 0.00371065, 1
0.961, 0.0184517, 0.0036282, 1
0.962, 0.0184553, 0.00354575, 1
0.963, 0.0184588, 0.00346329, 1
0.964, 0.0184622, 0.00338084, 1
0.965, 0.0184655, 0.00329838, 1
0.966, 0.0184688, 0.00321593, 1
0.967, 0.018472, 0.00313347, 1
0.968, 0.0184751, 0.00305102, 1
0.969, 0.0184781, 0.00296857, 1
0.97, 0.018481, 0.00288613, 1
0.971, 0.0184838, 0.00280369, 1
0.972, 0.0184866, 0.00272125, 1
0.973, 0.0184893, 0.00263882, 1
0.974, 0.0184919, 0.0025564, 1
0.975, 0.0184944, 0.00247399, 1
0.976, 0.0184968, 0.00239158, 1
0.977, 0.0184992, 0.00230919, 1
0.978, 0.0185015, 0.0022268, 1
0.979, 0.0185036, 0.00214443, 1
0.98, 0.0185057, 0.00206207, 1
0.981, 0.0185078, 0.00197972, 1
0.982, 0.0185097, 0.00189738, 1
0.983, 0.0185116, 0.00181506, 1
0.984, 0.0185133, 0.00173275, 1
0.985, 0.018515, 0.00165046, 1
0.986, 0.0185166, 0.00156819, 1
0.987, 0.0185182, 0.00148593, 1
0.988, 0.0185196, 0.0014037, 1
0.989, 0.018521, 0.00132148, 1
0.99, 0.0185222, 0.00123928, 1
0.991, 0.0185234, 0.0011571, 1
0.992, 0.0185246, 0.00107494, 1
0.993, 0.0185256, 0.00099281, 1
0.994, 0.0185265, 0.000910699, 1
0.995, 0.0185274, 0.000828612, 1
0.996, 0.0185282, 0.000746549, 1
0.997, 0.0185289, 0.000664512, 1
0.998, 0.0185295, 0.000582501, 1
0.999, 0.0185301, 0.000500518, 1
1, 0.0185305, 0.000418562, 1
1.001, 0.0185309, 0.000336635, 1
1.002, 0.0185312, 0.000254737, 1
1.003, 0.0185314, 0.00017287, 1
1.004, 0.0185316, 9.10335e-05, 1
1.005, 0.0185316, 9.22897e-06, 1
1.006, 0.0185316, -7.25429e-05, 1
1.007, 0.0185315, -0.000154281, 1
1.008, 0.0185313, -0.000235986, 1
1.009, 0.018531, -0.000317655, 1
1.01, 0.0185306, -0.000399288, 1
1.011, 0.0185302, -0.000480885, 1
1.012, 0.0185297, -0.000562445, 1
1.013, 0.0185291, -0.000643966, 1
1.014, 0.0185284, -0.000725449, 1
1.015, 0.0185276, -0.000806892, 1
1.016, 0.0185268, -0.000888294, 1
1.017, 0.0185258, -0.000969655, 1
1.018, 0.0185248, -0.00105097, 1
1.019, 0.0185237, -0.00113225, 1
1.02, 0.0185226, -0.00121348, 1
1.021, 0.0185213, -0.00129467, 1
1.022, 0.01852, -0.00137581, 1
1.023, 0.0185186, -0.00145691, 1
1.024, 0.0185171, -0.00153796, 1
1.025, 0.0185155, -0.00161896, 1
1.026, 0.0185138, -0.00169992, 1
1.027, 0.0185121, -0.00178082, 1
1.028, 0.0185103, -0.00186168, 1
1.029, 0.0185084, -0.00194249, 1
1.03, 0.0185064, -0.00202324, 1
1.031, 0.0185043, -0.00210394, 1
1.032, 0.0185022, -0.00218459, 1
1.033, 0.0184999, -0.00226518, 1
1.034, 0.0184976, -0.00234573, 1
1.035, 0.0184952, -0.00242621, 1
1.036, 0.0184928, -0.00250664, 1
1.037, 0.0184902, -0.00258701, 1
1.038, 0.0184876, -0.00266733, 1
1.039, 0.0184849, -0.00274759, 1
1.04, 0.0184821, -0.00282778, 1
1.041, 0.0184792, -0.00290792, 1
1.042, 0.0184763, -0.002988, 1
1.043, 0.0184733, -0.00306801, 1
1.044, 0.0184702, -0.00314797, 1
1.045, 0.018467, -0.00322786, 1
1.046, 0.0184637, -0.00330769, 1
1.047, 0.0184604, -0.00338745, 1
1.048, 0.0184569, -0.00346715, 1
1.049, 0.0184534, -0.00354678, 1
1.05, 0.0184498, -0.00362635, 1
1.051, 0.0184462, -0.00370585, 1
1.052, 0.0184424, -0.00378528, 1
1.053, 0.0184386, -0.00386464, 1
1.054, 0.0184347, -0.00394393, 1
1.055, 0.0184307, -0.00402315, 1
1.056, 0.0184266, -0.0041023, 1
1.057, 0.0184225, -0.00418138, 1
1.058, 0.0184183, -0.00426038, 1
1.059, 0.018414, -0.00433932, 1
1.06, 0.0184096, -0.00441817, 1
1.061, 0.0184052, -0.00449696, 1
1.062, 0.0184006, -0.00457566, 1
1.063, 0.018396, -0.0046543, 1
1.064, 0.0183913, -0.00473285, 1
1.065, 0.0183865, -0.00481133, 1
1.066, 0.0183817, -0.00488972, 1
1.067, 0.0183768, -0.00496804, 1
1.068, 0.0183717, -0.00504628, 1
1.069, 0.0183667, -0.00512444, 1
1.07, 0.0183615, -0.00520252, 1
1.071, 0.0183563, -0.00528051, 1
1.072, 0.0183509, -0.00535842, 1
1.073, 0.0183455, -0.00543625, 1
1.074, 0.0183401, -0.00551399, 1
1.075, 0.0183345, -0.00559165, 1
1.076, 0.0183289, -0.00566922, 1
1.077, 0.0183232, -0.0057467, 1
1.078, 0.0183174, -0.0058241, 1
1.079, 0.0183115, -0.00590141, 1
1.08, 0.0183056, -0.00597863, 1
1.081, 0.0182996, -0.00605576, 1
1.082, 0.0182935, -0.00613281, 1
1.083, 0.0182873, -0.00620976, 1
1.084, 0.0182811, -0.00628661, 1
1.085, 0.0182747, -0.00636338, 1
1.086, 0.0182683, -0.00644005, 1
1.087, 0.0182618, -0.00651663, 1
1.088, 0.0182553, -0.00659312, 1
1.089, 0.0182487, -0.00666951, 1
1.09, 0.018242, -0.0067458, 1
1.091, 0.0182352, -0.006822, 1
1.092, 0.0182283, -0.0068981, 1
1.093, 0.0182214, -0.0069741, 1
1.094, 0.0182144, -0.00705, 1
1.095, 0.0182073, -0.0071258, 1
1.096, 0.0182001, -0.00720151, 1
1.097, 0.0181929, -0.00727711, 1
1.098, 0.0181856, -0.00735261, 1
1.099, 0.0181782, -0.00742801, 1
1.1, 0.0181707, -0.0075033, 1
1.101, 0.0181632, -0.0075785, 1
1.102, 0.0181555, -0.00765358, 1
1.103, 0.0181479, -0.00772856, 1
1.104, 0.0181401, -0.00780344, 1
1.105, 0.0181322, -0.00787821, 1
1.106, 0.0181243, -0.00795287, 1
1.107, 0.0181163, -0.00802743, 1
1.108, 0.0181083, -0.00810187, 1
1.109, 0.0181001, -0.00817621, 1
1.11, 0.0180919, -0.00825044, 1
1.111, 0.0180836, -0.00832455, 1
1.112, 0.0180753, -0.00839856, 1
1.113, 0.0180668, -0.00847245, 1
1.114, 0.0180583, -0.00854623, 1
1.115, 0.0180497, -0.0086199, 1
1.116, 0.0180411, -0.00869345, 1
1.117, 0.0180324, -0.00876689, 1
1.118, 0.0180236, -0.00884022, 1
1.119, 0.0180147, -0.00891342, 1
1.12, 0.0180057, -0.00898651, 1
1.121, 0.0179967, -0.00905949, 1
1.122, 0.0179876, -0.00913234, 1
1.123, 0.0179784, -0.00920508, 1
1.124, 0.0179692, -0.0092777, 1
1.125, 0.0179599, -0.00935019, 1
1.126, 0.0179505, -0.00942257, 1
1.127, 0.017941, -0.00949483, 1
1.128, 0.0179315, -0.00956696, 1
1.129, 0.0179219, -0.00963897, 1
1.13, 0.0179122, -0.00971086, 1
1.131, 0.0179025, -0.00978262, 1
1.132, 0.0178927, -0.00985426, 1
1.133, 0.0178828, -0.00992577, 1
1.134, 0.0178728, -0.00999716, 1
1.135, 0.0178628, -0.0100684, 1
1.136, 0.0178527, -0.0101396, 1
1.137, 0.0178425, -0.0102106, 1
1.138, 0.0178323, -0.0102814, 1
1.139, 0.0178219, -0.0103522, 1
1.14, 0.0178116, -0.0104228, 1
1.141, 0.0178011, -0.0104933, 1
1.142, 0.0177906, -0.0105636, 1
1.143, 0.01778, -0.0106339, 1
1.144, 0.0177693, -0.010704, 1
1.145, 0.0177586, -0.0107739, 1
1.146, 0.0177478, -0.0108437, 1
1.147, 0.0177369, -0.0109134, 1
1.148, 0.0177259, -0.010983, 1
1.149, 0.0177149, -0.0110524, 1
1.15, 0.0177038, -0.0111217, 1
1.151, 0.0176927, -0.0111909, 1
1.152, 0.0176814, -0.0112599, 1
1.153, 0.0176701, -0.0113287, 1
1.154, 0.0176588, -0.0113975, 1
1.155, 0.0176473, -0.0114661, 1
1.156, 0.0176358, -0.0115345, 1
1.157, 0.0176243, -0.0116028, 1
1.158, 0.0176126, -0.011671, 1
1.159, 0.0176009, -0.011739, 1
1.16, 0.0175892, -0.0118069, 1
1.161, 0.0175773, -0.0118747, 1
1.162, 0.0175654, -0.0119423, 1
1.163, 0.0175534, -0.0120097, 1
1.164, 0.0175414, -0.012077, 1
1.165, 0.0175293, -0.0121442, 1
1.166, 0.0175171, -0.0122112, 1
1.167, 0.0175049, -0.0122781, 1
1.168, 0.0174926, -0.0123448, 1
1.169, 0.0174802, -0.0124114, 1
1.17, 0.0174677, -0.0124779, 1
1.171, 0.0174552, -0.0125441, 1
1.172, 0.0174426, -0.0126103, 1
1.173, 0.01743, -0.0126763, 1
1.174, 0.0174173, -0.0127421, 1
1.175, 0.0174045, -0.0128078, 1
1.176, 0.0173917, -0.0128733, 1
1.177, 0.0173788, -0.0129387, 1
1.178, 0.0173658, -0.0130039, 1
1.179, 0.0173528, -0.013069, 1
1.18, 0.0173397, -0.0131339, 1
1.181, 0.0173265, -0.0131987, 1
1.182, 0.0173133, -0.0132633, 1
1.183, 0.0173, -0.0133277, 1
1.184, 0.0172866, -0.013392, 1
1.185, 0.0172732, -0.0134562, 1
1.186, 0.0172597, -0.0135201, 1
1.187, 0.0172461, -0.013584, 1
1.188, 0.0172325, -0.0136476, 1
1.189, 0.0172188, -0.0137111, 1
1.19, 0.0172051, -0.0137745, 1
1.191, 0.0171913, -0.0138377, 1
1.192, 0.0171774, -0.0139007, 1
1.193, 0.0171635, -0.0139635, 1
1.194, 0.0171495, -0.0140262, 1
1.195, 0.0171354, -0.0140888, 1
1.196, 0.0171213, -0.0141511, 1
1.197, 0.0171071, -0.0142134, 1
1.198, 0.0170929, -0.0142754, 1
1.199, 0.0170786, -0.0143373, 1
1.2, 0.0170642, -0.014399, 1
1.201, 0.0170498, -0.0144605, 1
1.202, 0.0170353, -0.0145219, 1
1.203, 0.0170207, -0.0145831, 1
1.204, 0.0170061, -0.0146442, 1
1.205, 0.0169915, -0.0147051, 1
1.206, 0.0169767, -0.0147658, 1
1.207, 0.0169619, -0.0148263, 1
1.208, 0.0169471, -0.0148867, 1
1.209, 0.0169322, -0.0149469, 1
1.21, 0.0169172, -0.0150069, 1
1.211, 0.0169021, -0.0150668, 1
1.212, 0.016887, -0.0151265, 1
1.213, 0.0168719, -0.015186, 1
1.214, 0.0168567, -0.0152453, 1
1.215, 0.0168414, -0.0153045, 1
1.216, 0.0168261, -0.0153635, 1
1.217, 0.0168107, -0.0154223, 1
1.218, 0.0167952, -0.015481, 1
1.219, 0.0167797, -0.0155395, 1
1.22, 0.0167641, -0.0155978, 1
1.221, 0.0167485, -0.0156559, 1
1.222, 0.0167328, -0.0157138, 1
1.223, 0.0167171, -0.0157716, 1
1.224, 0.0167013, -0.0158292, 1
1.225, 0.0166854, -0.0158866, 1
1.226, 0.0166695, -0.0159438, 1
1.227, 0.0166535, -0.0160009, 1
1.228, 0.0166375, -0.0160578, 1
1.229, 0.0166214, -0.0161144, 1
1.23, 0.0166053, -0.016171, 1
1.231, 0.0165891, -0.0162273, 1
1.232, 0.0165728, -0.0162834, 1
1.233, 0.0165565, -0.0163394, 1
1.234, 0.0165401, -0.0163952, 1
1.235, 0.0165237, -0.0164508, 1
1.236, 0.0165072, -0.0165062, 1
1.237, 0.0164907, -0.0165614, 1
1.238, 0.0164741, -0.0166165, 1
1.239, 0.0164575, -0.0166714, 1
1.24, 0.0164408, -0.016726, 1
1.241, 0.016424, -0.0167805, 1
1.242, 0.0164072, -0.0168348, 1
1.243, 0.0163904, -0.016889, 1
1.244, 0.0163734, -0.0169429, 1
1.245, 0.0163565, -0.0169966, 1
1.246, 0.0163394, -0.0170502, 1
1.247, 0.0163224, -0.0171036, 1
1.248, 0.0163052, -0.0171567, 1
1.249, 0.0162881, -0.0172097, 1
1.25, 0.0162708, -0.0172625, 1
1.251, 0.0162535, -0.0173151, 1
1.252, 0.0162362, -0.0173676, 1
1.253, 0.0162188, -0.0174198, 1
1.254, 0.0162014, -0.0174718, 1
1.255, 0.0161839, -0.0175237, 1
1.256, 0.0161663, -0.0175753, 1
1.257, 0.0161487, -0.0176268, 1
1.258, 0.0161311, -0.017678, 1
1.259, 0.0161133, -0.0177291, 1
1.26, 0.0160956, -0.01778, 1
1.261, 0.0160778, -0.0178307, 1
1.262, 0.0160599, -0.0178812, 1
1.263, 0.016042, -0.0179314, 1
1.264, 0.0160241, -0.0179815, 1
1.265, 0.0160061, -0.0180314, 1
1.266, 0.015988, -0.0180811, 1
1.267, 0.0159699, -0.0181306, 1
1.268, 0.0159517, -0.01818, 1
1.269, 0.0159335, -0.0182291, 1
1.27, 0.0159153, -0.018278, 1
1.271, 0.015897, -0.0183267, 1
1.272, 0.0158786, -0.0183752, 1
1.273, 0.0158602, -0.0184235, 1
1.274, 0.0158418, -0.0184716, 1
1.275, 0.0158233, -0.0185195, 1
1.276, 0.0158047, -0.0185672, 1
1.277, 0.0157862, -0.0186148, 1
1.278, 0.0157675, -0.0186621, 1
1.279, 0.0157488, -0.0187092, 1
1.28, 0.0157301, -0.0187561, 1
1.281, 0.0157113, -0.0188028, 1
1.282, 0.0156925, -0.0188493, 1
1.283, 0.0156736, -0.0188956, 1
1.284, 0.0156547, -0.0189417, 1
1.285, 0.0156357, -0.0189876, 1
1.286, 0.0156167, -0.0190332, 1
1.287, 0.0155977, -0.0190787, 1
1.288, 0.0155786, -0.019124, 1
1.289, 0.0155594, -0.0191691, 1
1.29, 0.0155402, -0.0192139, 1
1.291, 0.015521, -0.0192586, 1
1.292, 0.0155017, -0.019303, 1
1.293, 0.0154824, -0.0193473, 1
1.294, 0.015463, -0.0193913, 1
1.295, 0.0154436, -0.0194351, 1
1.296, 0.0154242, -0.0194787, 1
1.297, 0.0154047, -0.0195221, 1
1.298, 0.0153851, -0.0195653, 1
1.299, 0.0153655, -0.0196083, 1
1.3, 0.0153459, -0.0196511, 1
1.301, 0.0153262, -0.0196937, 1
1.302, 0.0153065, -0.0197361, 1
1.303, 0.0152867, -0.0197782, 1
1.304, 0.0152669, -0.0198201, 1
1.305, 0.0152471, -0.0198619, 1
1.306, 0.0152272, -0.0199034, 1
1.307, 0.0152073, -0.0199447, 1
1.308, 0.0151873, -0.0199858, 1
1.309, 0.0151673, -0.0200267, 1
1.31, 0.0151473, -0.0200673, 1
1.311, 0.0151272, -0.0201078, 1
1.312, 0.0151071, -0.020148, 1
1.313, 0.0150869, -0.0201881, 1
1.314, 0.0150667, -0.0202279, 1
1.315, 0.0150464, -0.0202675, 1
1.316, 0.0150262, -0.0203069, 1
1.317, 0.0150058, -0.020346, 1
1.318, 0.0149855, -0.020385, 1
1.319, 0.0149651, -0.0204237, 1
1.32, 0.0149446, -0.0204623, 1
1.321, 0.0149241, -0.0205006, 1
1.322, 0.0149036, -0.0205387, 1
1.323, 0.0148831, -0.0205765, 1
1.324, 0.0148625, -0.0206142, 1
1.325, 0.0148418, -0.0206516, 1
1.326, 0.0148212, -0.0206889, 1
1.327, 0.0148005, -0.0207259, 1
1.328, 0.0147797, -0.0207626, 1
1.329, 0.0147589, -0.0207992, 1
1.33, 0.0147381, -0.0208356, 1
1.331, 0.0147173, -0.0208717, 1
1.332, 0.0146964, -0.0209076, 1
1.333, 0.0146754, -0.0209433, 1
1.334, 0.0146545, -0.0209788, 1
1.335, 0.0146335, -0.021014, 1
1.336, 0.0146125, -0.0210491, 1
1.337, 0.0145914, -0.0210839, 1
1.338, 0.0145703, -0.0211185, 1
1.339, 0.0145491, -0.0211528, 1
1.34, 0.014528, -0.021187, 1
1.341, 0.0145068, -0.0212209, 1
1.342, 0.0144855, -0.0212546, 1
1.343, 0.0144643, -0.0212881, 1
1.344, 0.014443, -0.0213214, 1
1.345, 0.0144216, -0.0213544, 1
1.346, 0.0144003, -0.0213872, 1
1.347, 0.0143788, -0.0214198, 1
1.348, 0.0143574, -0.0214522, 1
1.349, 0.0143359, -0.0214844, 1
1.35, 0.0143144, -0.0215163, 1
1.351, 0.0142929, -0.021548, 1
1.352, 0.0142713, -0.0215795, 1
1.353, 0.0142498, -0.0216107, 1
1.354, 0.0142281, -0.0216417, 1
1.355, 0.0142065, -0.0216725, 1
1.356, 0.0141848, -0.0217031, 1
1.357, 0.0141631, -0.0217335, 1
1.358, 0.0141413, -0.0217636, 1
1.359, 0.0141195, -0.0217935, 1
1.36, 0.0140977, -0.0218232, 1
1.361, 0.0140759, -0.0218526, 1
1.362, 0.014054, -0.0218819, 1
1.363, 0.0140321, -0.0219109, 1
1.364, 0.0140102, -0.0219396, 1
1.365, 0.0139882, -0.0219682, 1
1.366, 0.0139663, -0.0219965, 1
1.367, 0.0139443, -0.0220246, 1
1.368, 0.0139222, -0.0220525, 1
1.369, 0.0139001, -0.0220801, 1
1.37, 0.0138781, -0.0221075, 1
1.371, 0.0138559, -0.0221347, 1
1.372, 0.0138338, -0.0221616, 1
1.373, 0.0138116, -0.0221884, 1
1.374, 0.0137894, -0.0222149, 1
1.375, 0.0137672, -0.0222411, 1
1.376, 0.0137449, -0.0222672, 1
1.377, 0.0137226, -0.022293, 1
1.378, 0.0137003, -0.0223186, 1
1.379, 0.013678, -0.0223439, 1
1.38, 0.0136557, -0.0223691, 1
1.381, 0.0136333, -0.022394, 1
1.382, 0.0136109, -0.0224186, 1
1.383, 0.0135884, -0.0224431, 1
1.384, 0.013566, -0.0224673, 1
1.385, 0.0135435, -0.0224912, 1
1.386, 0.013521, -0.022515, 1
1.387, 0.0134985, -0.0225385, 1
1.388, 0.0134759, -0.0225618, 1
1.389, 0.0134533, -0.0225848, 1
1.39, 0.0134307, -0.0226077, 1
1.391, 0.0134081, -0.0226303, 1
1.392, 0.0133855, -0.0226526, 1
1.393, 0.0133628, -0.0226747, 1
1.394, 0.0133401, -0.0226966, 1
1.395, 0.0133174, -0.0227183, 1
1.396, 0.0132947, -0.0227398, 1
1.397, 0.013272, -0.022761, 1
1.398, 0.0132492, -0.0227819, 1
1.399, 0.0132264, -0.0228027, 1
1.4, 0.0132036, -0.0228232, 1
1.401, 0.0131807, -0.0228435, 1
1.402, 0.0131579, -0.0228635, 1
1.403, 0.013135, -0.0228833, 1
1.404, 0.0131121, -0.0229029, 1
1.405, 0.0130892, -0.0229223, 1
1.406, 0.0130663, -0.0229414, 1
1.407, 0.0130433, -0.0229603, 1
1.408, 0.0130204, -0.0229789, 1
1.409, 0.0129974, -0.0229973, 1
1.41, 0.0129744, -0.0230155, 1
1.411, 0.0129513, -0.0230335, 1
1.412, 0.0129283, -0.0230512, 1
1.413, 0.0129052, -0.0230687, 1
1.414, 0.0128822, -0.0230859, 1
1.415, 0.0128591, -0.0231029, 1
1.416, 0.012836, -0.0231197, 1
1.417, 0.0128128, -0.0231363, 1
1.418, 0.0127897, -0.0231526, 1
1.419, 0.0127665, -0.0231687, 1
1.42, 0.0127433, -0.0231845, 1
1.421, 0.0127202, -0.0232002, 1
1.422, 0.0126969, -0.0232155, 1
1.423, 0.0126737, -0.0232307, 1
1.424, 0.0126505, -0.0232456, 1
1.425, 0.0126272, -0.0232603, 1
1.426, 0.012604, -0.0232747, 1
1.427, 0.0125807, -0.0232889, 1
1.428, 0.0125574, -0.0233029, 1
1.429, 0.0125341, -0.0233167, 1
1.43, 0.0125108, -0.0233302, 1
1.431, 0.0124874, -0.0233435, 1
1.432, 0.0124641, -0.0233565, 1
1.433, 0.0124407, -0.0233693, 1
1.434, 0.0124173, -0.0233819, 1
1.435, 0.0123939, -0.0233942, 1
1.436, 0.0123705, -0.0234063, 1
1.437, 0.0123471, -0.0234182, 1
1.438, 0.0123237, -0.0234299, 1
1.439, 0.0123003, -0.0234413, 1
1.44, 0.0122768, -0.0234524, 1
1.441, 0.0122534, -0.0234634, 1
1.442, 0.0122299, -0.0234741, 1
1.443, 0.0122064, -0.0234845, 1
1.444, 0.0121829, -0.0234948, 1
1.445, 0.0121594, -0.0235048, 1
1.446, 0.0121359, -0.0235145, 1
1.447, 0.0121124, -0.023524, 1
1.448, 0.0120889, -0.0235333, 1
1.449, 0.0120653, -0.0235424, 1
1.45, 0.0120418, -0.0235512, 1
1.451, 0.0120182, -0.0235598, 1
1.452, 0.0119947, -0.0235682, 1
1.453, 0.0119711, -0.0235763, 1
1.454, 0.0119475, -0.0235842, 1
1.455, 0.0119239, -0.0235918, 1
1.456, 0.0119003, -0.0235992, 1
1.457, 0.0118767, -0.0236064, 1
1.458, 0.0118531, -0.0236134, 1
1.459, 0.0118295, -0.0236201, 1
1.46, 0.0118059, -0.0236266, 1
1.461, 0.0117822, -0.0236328, 1
1.462, 0.0117586, -0.0236388, 1
1.463, 0.011735, -0.0236446, 1
1.464, 0.0117113, -0.0236501, 1
1.465, 0.0116877, -0.0236554, 1
1.466, 0.011664, -0.0236605, 1
1.467, 0.0116403, -0.0236654, 1
1.468, 0.0116167, -0.02367, 1
1.469, 0.011593, -0.0236743, 1
1.47, 0.0115693, -0.0236785, 1
1.471, 0.0115456, -0.0236824, 1
1.472, 0.011522, -0.023686, 1
1.473, 0.0114983, -0.0236895, 1
1.474, 0.0114746, -0.0236927, 1
1.475, 0.0114509, -0.0236957, 1
1.476, 0.0114272, -0.0236984, 1
1.477, 0.0114035, -0.0237009, 1
1.478, 0.0113798, -0.0237032, 1
1.479, 0.0113561, -0.0237052, 1
1.48, 0.0113324, -0.023707, 1
1.481, 0.0113087, -0.0237086, 1
1.482, 0.011285, -0.0237099, 1
1.483, 0.0112613, -0.023711, 1
1.484, 0.0112375, -0.0237119, 1
1.485, 0.0112138, -0.0237125, 1
1.486, 0.0111901, -0.0237129, 1
1.487, 0.0111664, -0.0237131, 1
1.488, 0.0111427, -0.023713, 1
1.489, 0.011119, -0.0237127, 1
1.49, 0.0110953, -0.0237122, 1
1.491, 0.0110716, -0.0237114, 1
1.492, 0.0110478, -0.0237105, 1
1.493, 0.0110241, -0.0237092, 1
1.494, 0.0110004, -0.0237078, 1
1.495, 0.0109767, -0.0237061, 1
1.496, 0.010953, -0.0237042, 1
1.497, 0.0109293, -0.023702, 1
1.498, 0.0109056, -0.0236996, 1
1.499, 0.0108819, -0.023697, 1
1.5, 0.0108582, -0.0236942, 1
1.501, 0.0108345, -0.0236911, 1
1.502, 0.0108108, -0.0236878, 1
1.503, 0.0107871, -0.0236843, 1
1.504, 0.0107635, -0.0236805, 1
1.505, 0.0107398, -0.0236765, 1
1.506, 0.0107161, -0.0236723, 1
1.507, 0.0106924, -0.0236678, 1
1.508, 0.0106688, -0.0236631, 1
1.509, 0.0106451, -0.0236582, 1
1.51, 0.0106215, -0.023653, 1
1.511, 0.0105978, -0.0236477, 1
1.512, 0.0105742, -0.023642, 1
1.513, 0.0105505, -0.0236362, 1
1.514, 0.0105269, -0.0236301, 1
1.515, 0.0105033, -0.0236238, 1
1.516, 0.0104796, -0.0236173, 1
1.517, 0.010456, -0.0236105, 1
1.518, 0.0104324, -0.0236036, 1
1.519, 0.0104088, -0.0235963, 1
1.52, 0.0103852, -0.0235889, 1
1.521, 0.0103616, -0.0235812, 1
1.522, 0.0103381, -0.0235733, 1
1.523, 0.0103145, -0.0235652, 1
1.524, 0.0102909, -0.0235568, 1
1.525, 0.0102674, -0.0235483, 1
1.526, 0.0102438, -0.0235394, 1
1.527, 0.0102203, -0.0235304, 1
1.528, 0.0101968, -0.0235211, 1
1.529, 0.0101733, -0.0235116, 1
1.53, 0.0101498, -0.0235019, 1
1.531, 0.0101263, -0.023492, 1
1.532, 0.0101028, -0.0234818, 1
1.533, 0.0100793, -0.0234714, 1
1.534, 0.0100558, -0.0234608, 1
1.535, 0.0100324, -0.0234499, 1
1.536, 0.0100089, -0.0234388, 1
1.537, 0.0099855, -0.0234275, 1
1.538, 0.00996208, -0.023416, 1
1.539, 0.00993867, -0.0234043, 1
1.54, 0.00991527, -0.0233923, 1
1.541, 0.00989188, -0.0233801, 1
1.542, 0.00986851, -0.0233677, 1
1.543, 0.00984515, -0.023355, 1
1.544, 0.0098218, -0.0233421, 1
1.545, 0.00979846, -0.023329, 1
1.546, 0.00977514, -0.0233157, 1
1.547, 0.00975183, -0.0233022, 1
1.548, 0.00972853, -0.0232884, 1
1.549, 0.00970525, -0.0232744, 1
1.55, 0.00968199, -0.0232602, 1
1.551, 0.00965873, -0.0232458, 1
1.552, 0.00963549, -0.0232311, 1
1.553, 0.00961227, -0.0232162, 1
1.554, 0.00958906, -0.0232011, 1
1.555, 0.00956587, -0.0231858, 1
1.556, 0.00954269, -0.0231702, 1
1.557, 0.00951953, -0.0231545, 1
1.558, 0.00949638, -0.0231385, 1
1.559, 0.00947325, -0.0231223, 1
1.56, 0.00945014, -0.0231059, 1
1.561, 0.00942704, -0.0230892, 1
1.562, 0.00940396, -0.0230723, 1
1.563, 0.00938089, -0.0230553, 1
1.564, 0.00935785, -0.023038, 1
1.565, 0.00933482, -0.0230204, 1
1.566, 0.00931181, -0.0230027, 1
1.567, 0.00928881, -0.0229847, 1
1.568, 0.00926584, -0.0229665, 1
1.569, 0.00924288, -0.0229481, 1
1.57, 0.00921994, -0.0229295, 1
1.571, 0.00919702, -0.0229107, 1
1.572, 0.00917412, -0.0228916, 1
1.573, 0.00915124, -0.0228724, 1
1.574, 0.00912838, -0.0228529, 1
1.575, 0.00910553, -0.0228332, 1
1.576, 0.00908271, -0.0228133, 1
1.577, 0.00905991, -0.0227931, 1
1.578, 0.00903712, -0.0227728, 1
1.579, 0.00901436, -0.0227522, 1
1.58, 0.00899162, -0.0227314, 1
1.581, 0.0089689, -0.0227104, 1
1.582, 0.0089462, -0.0226892, 1
1.583, 0.00892352, -0.0226678, 1
1.584, 0.00890086, -0.0226462, 1
1.585, 0.00887823, -0.0226243, 1
1.586, 0.00885561, -0.0226023, 1
1.587, 0.00883302, -0.02258, 1
1.588, 0.00881045, -0.0225575, 1
1.589, 0.00878791, -0.0225348, 1
1.59, 0.00876538, -0.0225119, 1
1.591, 0.00874288, -0.0224888, 1
1.592, 0.00872041, -0.0224654, 1
1.593, 0.00869795, -0.0224419, 1
1.594, 0.00867552, -0.0224181, 1
1.595, 0.00865312, -0.0223942, 1
1.596, 0.00863074, -0.02237, 1
1.597, 0.00860838, -0.0223456, 1
1.598, 0.00858604, -0.022321, 1
1.599, 0.00856374, -0.0222962, 1
1.6, 0.00854145, -0.0222712, 1
1.601, 0.00851919, -0.022246, 1
1.602, 0.00849696, -0.0222205, 1
1.603, 0.00847475, -0.0221949, 1
1.604, 0.00845257, -0.0221691, 1
1.605, 0.00843041, -0.022143, 1
1.606, 0.00840828, -0.0221167, 1
1.607, 0.00838618, -0.0220903, 1
1.608, 0.0083641, -0.0220636, 1
1.609, 0.00834205, -0.0220367, 1
1.61, 0.00832003, -0.0220097, 1
1.611, 0.00829803, -0.0219824, 1
1.612, 0.00827607, -0.0219549, 1
1.613, 0.00825412, -0.0219272, 1
1.614, 0.00823221, -0.0218993, 1
1.615, 0.00821033, -0.0218712, 1
1.616, 0.00818847, -0.0218429, 1
1.617, 0.00816664, -0.0218144, 1
1.618, 0.00814484, -0.0217856, 1
1.619, 0.00812307, -0.0217567, 1
1.62, 0.00810133, -0.0217276, 1
1.621, 0.00807961, -0.0216983, 1
1.622, 0.00805793, -0.0216688, 1
1.623, 0.00803628, -0.021639, 1
1.624, 0.00801465, -0.0216091, 1
1.625, 0.00799306, -0.021579, 1
1.626, 0.00797149, -0.0215487, 1
1.627, 0.00794996, -0.0215182, 1
1.628, 0.00792846, -0.0214874, 1
1.629, 0.00790699, -0.0214565, 1
1.63, 0.00788555, -0.0214254, 1
1.631, 0.00786414, -0.0213941, 1
1.632, 0.00784276, -0.0213626, 1
1.633, 0.00782141, -0.0213309, 1
1.634, 0.0078001, -0.021299, 1
1.635, 0.00777881, -0.0212669, 1
1.636, 0.00775756, -0.0212346, 1
1.637, 0.00773634, -0.0212021, 1
1.638, 0.00771516, -0.0211694, 1
1.639, 0.007694, -0.0211365, 1
1.64, 0.00767288, -0.0211035, 1
1.641, 0.0076518, -0.0210702, 1
1.642, 0.00763074, -0.0210367, 1
1.643, 0.00760972, -0.0210031, 1
1.644, 0.00758874, -0.0209692, 1
1.645, 0.00756779, -0.0209352, 1
1.646, 0.00754687, -0.020901, 1
1.647, 0.00752598, -0.0208665, 1
1.648, 0.00750513, -0.0208319, 1
1.649, 0.00748432, -0.0207971, 1
1.65, 0.00746354, -0.0207621, 1
1.651, 0.0074428, -0.0207269, 1
1.652, 0.00742209, -0.0206916, 1
1.653, 0.00740141, -0.020656, 1
1.654, 0.00738077, -0.0206203, 1
1.655, 0.00736017, -0.0205843, 1
1.656, 0.00733961, -0.0205482, 1
1.657, 0.00731908, -0.0205119, 1
1.658, 0.00729858, -0.0204754, 1
1.659, 0.00727813, -0.0204387, 1
1.66, 0.00725771, -0.0204018, 1
1.661, 0.00723732, -0.0203648, 1
1.662, 0.00721698, -0.0203275, 1
1.663, 0.00719667, -0.0202901, 1
1.664, 0.0071764, -0.0202525, 1
1.665, 0.00715616, -0.0202147, 1
1.666, 0.00713597, -0.0201767, 1
1.667, 0.00711581, -0.0201386, 1
1.668, 0.00709569, -0.0201002, 1
1.669, 0.00707561, -0.0200617, 1
1.67, 0.00705557, -0.020023, 1
1.671, 0.00703556, -0.0199841, 1
1.672, 0.0070156, -0.0199451, 1
1.673, 0.00699567, -0.0199058, 1
1.674, 0.00697579, -0.0198664, 1
1.675, 0.00695594, -0.0198268, 1
1.676, 0.00693613, -0.019787, 1
1.677, 0.00691637, -0.019747, 1
1.678, 0.00689664, -0.0197069, 1
1.679, 0.00687695, -0.0196666, 1
1.68, 0.00685731, -0.0196261, 1
1.681, 0.0068377, -0.0195854, 1
1.682, 0.00681813, -0.0195446, 1
1.683, 0.00679861, -0.0195036, 1
1.684, 0.00677913, -0.0194624, 1
1.685, 0.00675969, -0.019421, 1
1.686, 0.00674029, -0.0193795, 1
1.687, 0.00672093, -0.0193377, 1
1.688, 0.00670161, -0.0192958, 1
1.689, 0.00668234, -0.0192538, 1
1.69, 0.0066631, -0.0192115, 1
1.691, 0.00664391, -0.0191691, 1
1.692, 0.00662476, -0.0191266, 1
1.693, 0.00660566, -0.0190838, 1
1.694, 0.0065866, -0.0190409, 1
1.695, 0.00656758, -0.0189978, 1
1.696, 0.0065486, -0.0189546, 1
1.697, 0.00652967, -0.0189111, 1
1.698, 0.00651078, -0.0188675, 1
1.699, 0.00649193, -0.0188238, 1
1.7, 0.00647313, -0.0187799, 1
1.701, 0.00645437, -0.0187358, 1
1.702, 0.00643566, -0.0186915, 1
1.703, 0.00641699, -0.0186471, 1
1.704, 0.00639837, -0.0186025, 1
1.705, 0.00637979, -0.0185577, 1
1.706, 0.00636125, -0.0185128, 1
1.707, 0.00634276, -0.0184677, 1
1.708, 0.00632432, -0.0184225, 1
1.709, 0.00630592, -0.0183771, 1
1.71, 0.00628756, -0.0183315, 1
1.711, 0.00626925, -0.0182858, 1
1.712, 0.00625099, -0.0182399, 1
1.713, 0.00623277, -0.0181938, 1
1.714, 0.0062146, -0.0181476, 1
1.715, 0.00619648, -0.0181012, 1
1.716, 0.0061784, -0.0180547, 1
1.717, 0.00616037, -0.018008, 1
1.718, 0.00614238, -0.0179612, 1
1.719, 0.00612445, -0.0179141, 1
1.72, 0.00610656, -0.017867, 1
1.721, 0.00608871, -0.0178197, 1
1.722, 0.00607092, -0.0177722, 1
1.723, 0.00605317, -0.0177246, 1
1.724, 0.00603547, -0.0176768, 1
1.725, 0.00601781, -0.0176288, 1
1.726, 0.00600021, -0.0175807, 1
1.727, 0.00598265, -0.0175325, 1
1.728, 0.00596514, -0.0174841, 1
1.729, 0.00594768, -0.0174355, 1
1.73, 0.00593027, -0.0173868, 1
1.731, 0.00591291, -0.017338, 1
1.732, 0.0058956, -0.017289, 1
1.733, 0.00587833, -0.0172398, 1
1.734, 0.00586112, -0.0171905, 1
1.735, 0.00584395, -0.0171411, 1
1.736, 0.00582684, -0.0170915, 1
1.737, 0.00580977, -0.0170417, 1
1.738, 0.00579275, -0.0169918, 1
1.739, 0.00577579, -0.0169418, 1
1.74, 0.00575887, -0.0168916, 1
1.741, 0.005742, -0.0168412, 1
1.742, 0.00572519, -0.0167908, 1
1.743, 0.00570842, -0.0167401, 1
1.744, 0.00569171, -0.0166894, 1
1.745, 0.00567504, -0.0166385, 1
1.746, 0.00565843, -0.0165874, 1
1.747, 0.00564187, -0.0165362, 1
1.748, 0.00562536, -0.0164849, 1
1.749, 0.0056089, -0.0164334, 1
1.75, 0.00559249, -0.0163818, 1
1.751, 0.00557613, -0.01633, 1
1.752, 0.00555983, -0.0162781, 1
1.753, 0.00554358, -0.0162261, 1
1.754, 0.00552738, -0.0161739, 1
1.755, 0.00551123, -0.0161216, 1
1.756, 0.00549514, -0.0160691, 1
1.757, 0.00547909, -0.0160165, 1
1.758, 0.0054631, -0.0159638, 1
1.759, 0.00544716, -0.015911, 1
1.76, 0.00543128, -0.015858, 1
1.761, 0.00541545, -0.0158048, 1
1.762, 0.00539967, -0.0157516, 1
1.763, 0.00538395, -0.0156982, 1
1.764, 0.00536827, -0.0156446, 1
1.765, 0.00535266, -0.015591, 1
1.766, 0.00533709, -0.0155372, 1
1.767, 0.00532158, -0.0154833, 1
1.768, 0.00530613, -0.0154292, 1
1.769, 0.00529072, -0.015375, 1
1.77, 0.00527538, -0.0153207, 1
1.771, 0.00526008, -0.0152663, 1
1.772, 0.00524484, -0.0152117, 1
1.773, 0.00522966, -0.015157, 1
1.774, 0.00521453, -0.0151022, 1
1.775, 0.00519945, -0.0150472, 1
1.776, 0.00518444, -0.0149922, 1
1.777, 0.00516947, -0.014937, 1
1.778, 0.00515456, -0.0148816, 1
1.779, 0.00513971, -0.0148262, 1
1.78, 0.00512491, -0.0147706, 1
1.781, 0.00511017, -0.0147149, 1
1.782, 0.00509548, -0.0146591, 1
1.783, 0.00508085, -0.0146032, 1
1.784, 0.00506627, -0.0145471, 1
1.785, 0.00505175, -0.0144909, 1
1.786, 0.00503729, -0.0144346, 1
1.787, 0.00502288, -0.0143782, 1
1.788, 0.00500853, -0.0143217, 1
1.789, 0.00499424, -0.014265, 1
1.79, 0.00498, -0.0142082, 1
1.791, 0.00496583, -0.0141514, 1
1.792, 0.0049517, -0.0140944, 1
1.793, 0.00493764, -0.0140372, 1
1.794, 0.00492363, -0.01398, 1
1.795, 0.00490968, -0.0139227, 1
1.796, 0.00489578, -0.0138652, 1
1.797, 0.00488195, -0.0138076, 1
1.798, 0.00486817, -0.0137499, 1
1.799, 0.00485445, -0.0136921, 1
1.8, 0.00484078, -0.0136342, 1
1.801, 0.00482718, -0.0135762, 1
1.802, 0.00481363, -0.0135181, 1
1.803, 0.00480014, -0.0134598, 1
1.804, 0.00478671, -0.0134015, 1
1.805, 0.00477334, -0.013343, 1
1.806, 0.00476003, -0.0132845, 1
1.807, 0.00474677, -0.0132258, 1
1.808, 0.00473357, -0.013167, 1
1.809, 0.00472044, -0.0131081, 1
1.81, 0.00470736, -0.0130491, 1
1.811, 0.00469434, -0.01299, 1
1.812, 0.00468138, -0.0129308, 1
1.813, 0.00466848, -0.0128715, 1
1.814, 0.00465563, -0.0128121, 1
1.815, 0.00464285, -0.0127526, 1
1.816, 0.00463013, -0.012693, 1
1.817, 0.00461747, -0.0126333, 1
1.818, 0.00460486, -0.0125735, 1
1.819, 0.00459232, -0.0125136, 1
1.82, 0.00457984, -0.0124536, 1
1.821, 0.00456741, -0.0123935, 1
1.822, 0.00455505, -0.0123333, 1
1.823, 0.00454275, -0.012273, 1
1.824, 0.0045305, -0.0122126, 1
1.825, 0.00451832, -0.0121521, 1
1.826, 0.0045062, -0.0120915, 1
1.827, 0.00449414, -0.0120309, 1
1.828, 0.00448214, -0.0119701, 1
1.829, 0.0044702, -0.0119092, 1
1.83, 0.00445832, -0.0118483, 1
1.831, 0.0044465, -0.0117872, 1
1.832, 0.00443474, -0.0117261, 1
1.833, 0.00442305, -0.0116649, 1
1.834, 0.00441141, -0.0116035, 1
1.835, 0.00439984, -0.0115421, 1
1.836, 0.00438833, -0.0114806, 1
1.837, 0.00437688, -0.011419, 1
1.838, 0.00436549, -0.0113574, 1
1.839, 0.00435417, -0.0112956, 1
1.84, 0.0043429, -0.0112338, 1
1.841, 0.0043317, -0.0111718, 1
1.842, 0.00432056, -0.0111098, 1
1.843, 0.00430948, -0.0110477, 1
1.844, 0.00429846, -0.0109855, 1
1.845, 0.00428751, -0.0109233, 1
1.846, 0.00427661, -0.0108609, 1
1.847, 0.00426579, -0.0107985, 1
1.848, 0.00425502, -0.010736, 1
1.849, 0.00424431, -0.0106734, 1
1.85, 0.00423367, -0.0106107, 1
1.851, 0.00422309, -0.0105479, 1
1.852, 0.00421258, -0.0104851, 1
1.853, 0.00420212, -0.0104222, 1
1.854, 0.00419173, -0.0103592, 1
1.855, 0.0041814, -0.0102962, 1
1.856, 0.00417114, -0.010233, 1
1.857, 0.00416094, -0.0101698, 1
1.858, 0.0041508, -0.0101065, 1
1.859, 0.00414072, -0.0100432, 1
1.86, 0.00413071, -0.00997973, 1
1.861, 0.00412076, -0.00991622, 1
1.862, 0.00411088, -0.00985265, 1
1.863, 0.00410106, -0.009789, 1
1.864, 0.0040913, -0.00972528, 1
1.865, 0.00408161, -0.00966149, 1
1.866, 0.00407198, -0.00959763, 1
1.867, 0.00406241, -0.0095337, 1
1.868, 0.00405291, -0.00946971, 1
1.869, 0.00404347, -0.00940564, 1
1.87, 0.0040341, -0.00934151, 1
1.871, 0.00402479, -0.00927732, 1
1.872, 0.00401555, -0.00921306, 1
1.873, 0.00400637, -0.00914873, 1
1.874, 0.00399725, -0.00908435, 1
1.875, 0.0039882, -0.00901989, 1
1.876, 0.00397921, -0.00895538, 1
1.877, 0.00397029, -0.0088908, 1
1.878, 0.00396143, -0.00882616, 1
1.879, 0.00395263, -0.00876146, 1
1.88, 0.0039439, -0.0086967, 1
1.881, 0.00393524, -0.00863189, 1
1.882, 0.00392664, -0.00856701, 1
1.883, 0.00391811, -0.00850207, 1
1.884, 0.00390964, -0.00843708, 1
1.885, 0.00390123, -0.00837203, 1
1.886, 0.00389289, -0.00830692, 1
1.887, 0.00388462, -0.00824176, 1
1.888, 0.00387641, -0.00817655, 1
1.889, 0.00386827, -0.00811128, 1
1.89, 0.00386019, -0.00804595, 1
1.891, 0.00385217, -0.00798058, 1
1.892, 0.00384423, -0.00791515, 1
1.893, 0.00383634, -0.00784967, 1
1.894, 0.00382853, -0.00778414, 1
1.895, 0.00382077, -0.00771856, 1
1.896, 0.00381309, -0.00765293, 1
1.897, 0.00380547, -0.00758725, 1
1.898, 0.00379791, -0.00752152, 1
1.899, 0.00379043, -0.00745575, 1
1.9, 0.003783, -0.00738992, 1
1.901, 0.00377565, -0.00732406, 1
1.902, 0.00376835, -0.00725814, 1
1.903, 0.00376113, -0.00719218, 1
1.904, 0.00375397, -0.00712618, 1
1.905, 0.00374688, -0.00706014, 1
1.906, 0.00373985, -0.00699405, 1
1.907, 0.00373289, -0.00692792, 1
1.908, 0.00372599, -0.00686174, 1
1.909, 0.00371917, -0.00679553, 1
1.91, 0.0037124, -0.00672928, 1
1.911, 0.00370571, -0.00666299, 1
1.912, 0.00369908, -0.00659665, 1
1.913, 0.00369251, -0.00653028, 1
1.914, 0.00368602, -0.00646388, 1
1.915, 0.00367959, -0.00639743, 1
1.916, 0.00367322, -0.00633095, 1
1.917, 0.00366692, -0.00626444, 1
1.918, 0.00366069, -0.00619789, 1
1.919, 0.00365453, -0.0061313, 1
1.92, 0.00364843, -0.00606468, 1
1.921, 0.0036424, -0.00599803, 1
1.922, 0.00363643, -0.00593135, 1
1.923, 0.00363054, -0.00586463, 1
1.924, 0.00362471, -0.00579789, 1
1.925, 0.00361894, -0.00573111, 1
1.926, 0.00361324, -0.00566431, 1
1.927, 0.00360761, -0.00559747, 1
1.928, 0.00360205, -0.00553061, 1
1.929, 0.00359655, -0.00546372, 1
1.93, 0.00359112, -0.0053968, 1
1.931, 0.00358576, -0.00532986, 1
1.932, 0.00358046, -0.00526289, 1
1.933, 0.00357523, -0.0051959, 1
1.934, 0.00357007, -0.00512888, 1
1.935, 0.00356497, -0.00506184, 1
1.936, 0.00355995, -0.00499478, 1
1.937, 0.00355498, -0.00492769, 1
1.938, 0.00355009, -0.00486058, 1
1.939, 0.00354526, -0.00479346, 1
1.94, 0.0035405, -0.00472631, 1
1.941, 0.00353581, -0.00465914, 1
1.942, 0.00353119, -0.00459195, 1
1.943, 0.00352663, -0.00452475, 1
1.944, 0.00352214, -0.00445753, 1
1.945, 0.00351771, -0.00439029, 1
1.946, 0.00351335, -0.00432303, 1
1.947, 0.00350907, -0.00425576, 1
1.948, 0.00350484, -0.00418847, 1
1.949, 0.00350069, -0.00412117, 1
1.95, 0.0034966, -0.00405386, 1
1.951, 0.00349258, -0.00398653, 1
1.952, 0.00348863, -0.0039192, 1
1.953, 0.00348474, -0.00385185, 1
1.954, 0.00348092, -0.00378449, 1
1.955, 0.00347717, -0.00371711, 1
1.956, 0.00347349, -0.00364973, 1
1.957, 0.00346987, -0.00358234, 1
1.958, 0.00346633, -0.00351495, 1
1.959, 0.00346284, -0.00344754, 1
1.96, 0.00345943, -0.00338013, 1
1.961, 0.00345608, -0.00331271, 1
1.962, 0.0034528, -0.00324529, 1
1.963, 0.00344959, -0.00317786, 1
1.964, 0.00344645, -0.00311043, 1
1.965, 0.00344337, -0.00304299, 1
1.966, 0.00344036, -0.00297555, 1
1.967, 0.00343742, -0.00290811, 1
1.968, 0.00343455, -0.00284067, 1
1.969, 0.00343174, -0.00277322, 1
1.97, 0.003429, -0.00270578, 1
1.971, 0.00342633, -0.00263834, 1
1.972, 0.00342372, -0.00257089, 1
1.973, 0.00342119, -0.00250345, 1
1.974, 0.00341872, -0.00243602, 1
1.975, 0.00341631, -0.00236858, 1
1.976, 0.00341398, -0.00230115, 1
1.977, 0.00341171, -0.00223372, 1
1.978, 0.00340951, -0.0021663, 1
1.979, 0.00340738, -0.00209888, 1
1.98, 0.00340531, -0.00203147, 1
1.981, 0.00340332, -0.00196407, 1
1.982, 0.00340139, -0.00189668, 1
1.983, 0.00339952, -0.00182929, 1
1.984, 0.00339773, -0.00176191, 1
1.985, 0.003396, -0.00169454, 1
1.986, 0.00339434, -0.00162718, 1
1.987, 0.00339275, -0.00155984, 1
1.988, 0.00339122, -0.0014925, 1
1.989, 0.00338976, -0.00142518, 1
1.99, 0.00338837, -0.00135787, 1
1.991, 0.00338704, -0.00129057, 1
1.992, 0.00338579, -0.00122329, 1
1.993, 0.0033846, -0.00115602, 1
1.994, 0.00338348, -0.00108877, 1
1.995, 0.00338242, -0.00102154, 1
1.996, 0.00338143, -0.000954318, 1
1.997, 0.00338051, -0.000887117, 1
1.998, 0.00337966, -0.000819934, 1
1.999, 0.00337887, -0.00075277, 1
2, 0.00337815, -0.000685625, 1
2.001, 0.0033775, -0.000618501, 1
2.002, 0.00337692, -0.000551397, 1
2.003, 0.0033764, -0.000484315, 1
2.004, 0.00337595, -0.000417254, 1
2.005, 0.00337556, -0.000350217, 1
2.006, 0.00337525, -0.000283203, 1
2.007, 0.003375, -0.000216213, 1
2.008, 0.00337481, -0.000149248, 1
2.009, 0.0033747, -8.23075e-05, 1
2.01, 0.00337465, -1.53934e-05, 1
2.011, 0.00337467, 5.14941e-05, 1
2.012, 0.00337475, 0.000118354, 1
2.013, 0.0033749, 0.000185187, 1
2.014, 0.00337512, 0.000251991, 1
2.015, 0.00337541, 0.000318765, 1
2.016, 0.00337576, 0.00038551, 1
2.017, 0.00337618, 0.000452224, 1
2.018, 0.00337666, 0.000518907, 1
2.019, 0.00337722, 0.000585559, 1
2.02, 0.00337784, 0.000652178, 1
2.021, 0.00337852, 0.000718764, 1
2.022, 0.00337927, 0.000785316, 1
2.023, 0.00338009, 0.000851834, 1
2.024, 0.00338098, 0.000918317, 1
2.025, 0.00338193, 0.000984765, 1
2.026, 0.00338295, 0.00105118, 1
2.027, 0.00338403, 0.00111755, 1
2.028, 0.00338518, 0.00118389, 1
2.029, 0.0033864, 0.00125019, 1
2.03, 0.00338768, 0.00131645, 1
2.031, 0.00338903, 0.00138267, 1
2.032, 0.00339045, 0.00144885, 1
2.033, 0.00339193, 0.00151499, 1
2.034, 0.00339348, 0.00158108, 1
2.035, 0.00339509, 0.00164714, 1
2.036, 0.00339677, 0.00171316, 1
2.037, 0.00339852, 0.00177913, 1
2.038, 0.00340033, 0.00184505, 1
2.039, 0.00340221, 0.00191094, 1
2.04, 0.00340415, 0.00197677, 1
2.041, 0.00340616, 0.00204256, 1
2.042, 0.00340824, 0.00210831, 1
2.043, 0.00341038, 0.00217401, 1
2.044, 0.00341258, 0.00223966, 1
2.045, 0.00341486, 0.00230526, 1
2.046, 0.0034172, 0.00237082, 1
2.047, 0.0034196, 0.00243632, 1
2.048, 0.00342207, 0.00250177, 1
2.049, 0.0034246, 0.00256718, 1
2.05, 0.0034272, 0.00263253, 1
2.051, 0.00342987, 0.00269783, 1
2.052, 0.0034326, 0.00276308, 1
2.053, 0.00343539, 0.00282827, 1
2.054, 0.00343825, 0.00289341, 1
2.055, 0.00344118, 0.0029585, 1
2.056, 0.00344417, 0.00302353, 1
2.057, 0.00344723, 0.0030885, 1
2.058, 0.00345035, 0.00315342, 1
2.059, 0.00345353, 0.00321829, 1
2.06, 0.00345679, 0.00328309, 1
2.061, 0.0034601, 0.00334784, 1
2.062, 0.00346348, 0.00341252, 1
2.063, 0.00346693, 0.00347715, 1
2.064, 0.00347043, 0.00354172, 1
2.065, 0.00347401, 0.00360623, 1
2.066, 0.00347765, 0.00367068, 1
2.067, 0.00348135, 0.00373506, 1
2.068, 0.00348512, 0.00379938, 1
2.069, 0.00348895, 0.00386364, 1
2.07, 0.00349284, 0.00392784, 1
2.071, 0.0034968, 0.00399197, 1
2.072, 0.00350083, 0.00405604, 1
2.073, 0.00350492, 0.00412004, 1
2.074, 0.00350907, 0.00418398, 1
2.075, 0.00351328, 0.00424785, 1
2.076, 0.00351756, 0.00431165, 1
2.077, 0.00352191, 0.00437538, 1
2.078, 0.00352632, 0.00443905, 1
2.079, 0.00353079, 0.00450264, 1
2.08, 0.00353532, 0.00456617, 1
2.081, 0.00353992, 0.00462963, 1
2.082, 0.00354458, 0.00469301, 1
2.083, 0.0035493, 0.00475633, 1
2.084, 0.00355409, 0.00481957, 1
2.085, 0.00355894, 0.00488274, 1
2.086, 0.00356386, 0.00494584, 1
2.087, 0.00356884, 0.00500886, 1
2.088, 0.00357388, 0.00507181, 1
2.089, 0.00357898, 0.00513469, 1
2.09, 0.00358414, 0.00519748, 1
2.091, 0.00358937, 0.00526021, 1
2.092, 0.00359467, 0.00532285, 1
2.093, 0.00360002, 0.00538542, 1
2.094, 0.00360544, 0.00544791, 1
2.095, 0.00361092, 0.00551032, 1
2.096, 0.00361646, 0.00557266, 1
2.097, 0.00362206, 0.00563491, 1
2.098, 0.00362773, 0.00569708, 1
2.099, 0.00363345, 0.00575918, 1
2.1, 0.00363924, 0.00582119, 1
2.101, 0.0036451, 0.00588312, 1
2.102, 0.00365101, 0.00594497, 1
2.103, 0.00365699, 0.00600673, 1
2.104, 0.00366302, 0.00606841, 1
2.105, 0.00366912, 0.00613001, 1
2.106, 0.00367528, 0.00619152, 1
2.107, 0.00368151, 0.00625294, 1
2.108, 0.00368779, 0.00631428, 1
2.109, 0.00369414, 0.00637554, 1
2.11, 0.00370054, 0.0064367, 1
2.111, 0.00370701, 0.00649778, 1
2.112, 0.00371354, 0.00655878, 1
2.113, 0.00372013, 0.00661968, 1
2.114, 0.00372678, 0.00668049, 1
2.115, 0.00373349, 0.00674121, 1
2.116, 0.00374026, 0.00680185, 1
2.117, 0.00374709, 0.00686239, 1
2.118, 0.00375398, 0.00692284, 1
2.119, 0.00376094, 0.0069832, 1
2.12, 0.00376795, 0.00704346, 1
2.121, 0.00377502, 0.00710363, 1
2.122, 0.00378216, 0.00716371, 1
2.123, 0.00378935, 0.0072237, 1
2.124, 0.0037966, 0.00728359, 1
2.125, 0.00380392, 0.00734338, 1
2.126, 0.00381129, 0.00740308, 1
2.127, 0.00381872, 0.00746268, 1
2.128, 0.00382622, 0.00752219, 1
2.129, 0.00383377, 0.00758159, 1
2.13, 0.00384138, 0.0076409, 1
2.131, 0.00384905, 0.00770011, 1
2.132, 0.00385678, 0.00775922, 1
2.133, 0.00386457, 0.00781824, 1
2.134, 0.00387242, 0.00787715, 1
2.135, 0.00388032, 0.00793596, 1
2.136, 0.00388829, 0.00799467, 1
2.137, 0.00389631, 0.00805327, 1
2.138, 0.00390439, 0.00811178, 1
2.139, 0.00391254, 0.00817018, 1
2.14, 0.00392073, 0.00822848, 1
2.141, 0.00392899, 0.00828667, 1
2.142, 0.00393731, 0.00834476, 1
2.143, 0.00394568, 0.00840275, 1
2.144, 0.00395411, 0.00846063, 1
2.145, 0.0039626, 0.0085184, 1
2.146, 0.00397115, 0.00857606, 1
2.147, 0.00397976, 0.00863362, 1
2.148, 0.00398842, 0.00869107, 1
2.149, 0.00399714, 0.00874842, 1
2.15, 0.00400591, 0.00880565, 1
2.151, 0.00401475, 0.00886278, 1
2.152, 0.00402364, 0.00891979, 1
2.153, 0.00403259, 0.0089767, 1
2.154, 0.00404159, 0.00903349, 1
2.155, 0.00405066, 0.00909017, 1
2.156, 0.00405977, 0.00914675, 1
2.157, 0.00406895, 0.0092032, 1
2.158, 0.00407818, 0.00925955, 1
2.159, 0.00408747, 0.00931578, 1
2.16, 0.00409681, 0.0093719, 1
2.161, 0.00410621, 0.00942791, 1
2.162, 0.00411567, 0.0094838, 1
2.163, 0.00412518, 0.00953957, 1
2.164, 0.00413475, 0.00959523, 1
2.165, 0.00414437, 0.00965077, 1
2.166, 0.00415405, 0.0097062, 1
2.167, 0.00416378, 0.0097615, 1
2.168, 0.00417357, 0.00981669, 1
2.169, 0.00418342, 0.00987176, 1
2.17, 0.00419331, 0.00992672, 1
2.171, 0.00420327, 0.00998155, 1
2.172, 0.00421328, 0.0100363, 1
2.173, 0.00422334, 0.0100909, 1
2.174, 0.00423346, 0.0101453, 1
2.175, 0.00424363, 0.0101997, 1
2.176, 0.00425386, 0.0102539, 1
2.177, 0.00426414, 0.010308, 1
2.178, 0.00427447, 0.010362, 1
2.179, 0.00428486, 0.0104159, 1
2.18, 0.00429531, 0.0104696, 1
2.181, 0.0043058, 0.0105232, 1
2.182, 0.00431635, 0.0105767, 1
2.183, 0.00432696, 0.0106301, 1
2.184, 0.00433761, 0.0106833, 1
2.185, 0.00434832, 0.0107364, 1
2.186, 0.00435909, 0.0107894, 1
2.187, 0.0043699, 0.0108423, 1
2.188, 0.00438077, 0.010895, 1
2.189, 0.00439169, 0.0109476, 1
2.19, 0.00440266, 0.0110001, 1
2.191, 0.00441369, 0.0110524, 1
2.192, 0.00442477, 0.0111046, 1
2.193, 0.0044359, 0.0111567, 1
2.194, 0.00444708, 0.0112087, 1
2.195, 0.00445832, 0.0112605, 1
2.196, 0.0044696, 0.0113122, 1
2.197, 0.00448094, 0.0113638, 1
2.198, 0.00449233, 0.0114152, 1
2.199, 0.00450377, 0.0114665, 1
2.2, 0.00451526, 0.0115176, 1
2.201, 0.00452681, 0.0115687, 1
2.202, 0.0045384, 0.0116196, 1
2.203, 0.00455005, 0.0116703, 1
2.204, 0.00456174, 0.011721, 1
2.205, 0.00457349, 0.0117715, 1
2.206, 0.00458529, 0.0118218, 1
2.207, 0.00459713, 0.011872, 1
2.208, 0.00460903, 0.0119221, 1
2.209, 0.00462098, 0.0119721, 1
2.21, 0.00463297, 0.0120219, 1
2.211, 0.00464502, 0.0120716, 1
2.212, 0.00465712, 0.0121211, 1
2.213, 0.00466926, 0.0121705, 1
2.214, 0.00468146, 0.0122197, 1
2.215, 0.0046937, 0.0122689, 1
2.216, 0.00470599, 0.0123178, 1
2.217, 0.00471834, 0.0123667, 1
2.218, 0.00473073, 0.0124154, 1
2.219, 0.00474317, 0.0124639, 1
2.22, 0.00475566, 0.0125123, 1
2.221, 0.00476819, 0.0125606, 1
2.222, 0.00478078, 0.0126087, 1
2.223, 0.00479341, 0.0126567, 1
2.224, 0.00480609, 0.0127046, 1
2.225, 0.00481882, 0.0127523, 1
2.226, 0.0048316, 0.0127998, 1
2.227, 0.00484442, 0.0128472, 1
2.228, 0.00485729, 0.0128945, 1
2.229, 0.00487021, 0.0129416, 1
2.23, 0.00488317, 0.0129886, 1
2.231, 0.00489618, 0.0130354, 1
2.232, 0.00490924, 0.0130821, 1
2.233, 0.00492235, 0.0131286, 1
2.234, 0.0049355, 0.013175, 1
2.235, 0.0049487, 0.0132213, 1
2.236, 0.00496194, 0.0132673, 1
2.237, 0.00497523, 0.0133133, 1
2.238, 0.00498857, 0.0133591, 1
2.239, 0.00500195, 0.0134047, 1
2.24, 0.00501538, 0.0134502, 1
2.241, 0.00502885, 0.0134956, 1
2.242, 0.00504237, 0.0135408, 1
2.243, 0.00505593, 0.0135858, 1
2.244, 0.00506954, 0.0136307, 1
2.245, 0.00508319, 0.0136754, 1
2.246, 0.00509689, 0.01372, 1
2.247, 0.00511063, 0.0137645, 1
2.248, 0.00512442, 0.0138087, 1
2.249, 0.00513825, 0.0138529, 1
2.25, 0.00515213, 0.0138968, 1
2.251, 0.00516605, 0.0139407, 1
2.252, 0.00518001, 0.0139843, 1
2.253, 0.00519401, 0.0140278, 1
2.254, 0.00520806, 0.0140712, 1
2.255, 0.00522216, 0.0141144, 1
2.256, 0.00523629, 0.0141575, 1
2.257, 0.00525047, 0.0142003, 1
2.258, 0.00526469, 0.0142431, 1
2.259, 0.00527896, 0.0142857, 1
2.26, 0.00529326, 0.0143281, 1
2.261, 0.00530761, 0.0143703, 1
2.262, 0.00532201, 0.0144124, 1
2.263, 0.00533644, 0.0144544, 1
2.264, 0.00535091, 0.0144962, 1
2.265, 0.00536543, 0.0145378, 1
2.266, 0.00537999, 0.0145793, 1
2.267, 0.00539459, 0.0146206, 1
2.268, 0.00540923, 0.0146617, 1
2.269, 0.00542391, 0.0147027, 1
2.27, 0.00543864, 0.0147436, 1
2.271, 0.0054534, 0.0147842, 1
2.272, 0.0054682, 0.0148247, 1
2.273, 0.00548305, 0.0148651, 1
2.274, 0.00549793, 0.0149053, 1
2.275, 0.00551286, 0.0149453, 1
2.276, 0.00552783, 0.0149852, 1
2.277, 0.00554283, 0.0150249, 1
2.278, 0.00555787, 0.0150644, 1
2.279, 0.00557296, 0.0151038, 1
2.28, 0.00558808, 0.015143, 1
2.281, 0.00560324, 0.015182, 1
2.282, 0.00561845, 0.0152209, 1
2.283, 0.00563369, 0.0152596, 1
2.284, 0.00564897, 0.0152981, 1
2.285, 0.00566428, 0.0153365, 1
2.286, 0.00567964, 0.0153747, 1
2.287, 0.00569503, 0.0154128, 1
2.288, 0.00571046, 0.0154507, 1
2.289, 0.00572593, 0.0154884, 1
2.29, 0.00574144, 0.0155259, 1
2.291, 0.00575699, 0.0155633, 1
2.292, 0.00577257, 0.0156005, 1
2.293, 0.00578819, 0.0156376, 1
2.294, 0.00580384, 0.0156745, 1
2.295, 0.00581954, 0.0157112, 1
2.296, 0.00583526, 0.0157477, 1
2.297, 0.00585103, 0.0157841, 1
2.298, 0.00586683, 0.0158203, 1
2.299, 0.00588267, 0.0158563, 1
2.3, 0.00589855, 0.0158922, 1
2.301, 0.00591446, 0.0159279, 1
2.302, 0.0059304, 0.0159634, 1
2.303, 0.00594638, 0.0159988, 1
2.304, 0.0059624, 0.0160339, 1
2.305, 0.00597845, 0.016069, 1
2.306, 0.00599454, 0.0161038, 1
2.307, 0.00601066, 0.0161385, 1
2.308, 0.00602681, 0.016173, 1
2.309, 0.006043, 0.0162073, 1
2.31, 0.00605923, 0.0162414, 1
2.311, 0.00607549, 0.0162754, 1
2.312, 0.00609178, 0.0163092, 1
2.313, 0.0061081, 0.0163428, 1
2.314, 0.00612446, 0.0163763, 1
2.315, 0.00614086, 0.0164096, 1
2.316, 0.00615728, 0.0164427, 1
2.317, 0.00617374, 0.0164756, 1
2.318, 0.00619023, 0.0165084, 1
2.319, 0.00620676, 0.016541, 1
2.32, 0.00622332, 0.0165734, 1
2.321, 0.00623991, 0.0166056, 1
2.322, 0.00625653, 0.0166376, 1
2.323, 0.00627318, 0.0166695, 1
2.324, 0.00628987, 0.0167012, 1
2.325, 0.00630658, 0.0167328, 1
2.326, 0.00632333, 0.0167641, 1
2.327, 0.00634011, 0.0167953, 1
2.328, 0.00635692, 0.0168263, 1
2.329, 0.00637376, 0.0168571, 1
2.33, 0.00639064, 0.0168877, 1
2.331, 0.00640754, 0.0169182, 1
2.332, 0.00642447, 0.0169485, 1
2.333, 0.00644144, 0.0169786, 1
2.334, 0.00645843, 0.0170085, 1
2.335, 0.00647545, 0.0170383, 1
2.336, 0.00649251, 0.0170679, 1
2.337, 0.00650959, 0.0170972, 1
2.338, 0.0065267, 0.0171265, 1
2.339, 0.00654384, 0.0171555, 1
2.34, 0.00656101, 0.0171843, 1
2.341, 0.00657821, 0.017213, 1
2.342, 0.00659544, 0.0172415, 1
2.343, 0.00661269, 0.0172698, 1
2.344, 0.00662998, 0.017298, 1
2.345, 0.00664729, 0.0173259, 1
2.346, 0.00666463, 0.0173537, 1
2.347, 0.006682, 0.0173813, 1
2.348, 0.00669939, 0.0174087, 1
2.349, 0.00671681, 0.0174359, 1
2.35, 0.00673426, 0.0174629, 1
2.351, 0.00675174, 0.0174898, 1
2.352, 0.00676924, 0.0175165, 1
2.353, 0.00678677, 0.017543, 1
2.354, 0.00680433, 0.0175693, 1
2.355, 0.00682191, 0.0175954, 1
2.356, 0.00683952, 0.0176214, 1
2.357, 0.00685715, 0.0176471, 1
2.358, 0.00687481, 0.0176727, 1
2.359, 0.0068925, 0.0176981, 1
2.36, 0.00691021, 0.0177233, 1
2.361, 0.00692795, 0.0177484, 1
2.362, 0.00694571, 0.0177732, 1
2.363, 0.00696349, 0.0177979, 1
2.364, 0.0069813, 0.0178223, 1
2.365, 0.00699914, 0.0178466, 1
2.366, 0.007017, 0.0178707, 1
2.367, 0.00703488, 0.0178947, 1
2.368, 0.00705278, 0.0179184, 1
2.369, 0.00707072, 0.017942, 1
2.37, 0.00708867, 0.0179653, 1
2.371, 0.00710665, 0.0179885, 1
2.372, 0.00712465, 0.0180115, 1
2.373, 0.00714267, 0.0180343, 1
2.374, 0.00716071, 0.0180569, 1
2.375, 0.00717878, 0.0180794, 1
2.376, 0.00719687, 0.0181016, 1
2.377, 0.00721499, 0.0181237, 1
2.378, 0.00723312, 0.0181456, 1
2.379, 0.00725128, 0.0181673, 1
2.38, 0.00726945, 0.0181888, 1
2.381, 0.00728765, 0.0182101, 1
2.382, 0.00730587, 0.0182312, 1
2.383, 0.00732412, 0.0182522, 1
2.384, 0.00734238, 0.0182729, 1
2.385, 0.00736066, 0.0182935, 1
2.386, 0.00737897, 0.0183139, 1
2.387, 0.00739729, 0.0183341, 1
2.388, 0.00741563, 0.0183541, 1
2.389, 0.007434, 0.0183739, 1
2.39, 0.00745238, 0.0183935, 1
2.391, 0.00747079, 0.018413, 1
2.392, 0.00748921, 0.0184322, 1
2.393, 0.00750765, 0.0184513, 1
2.394, 0.00752611, 0.0184701, 1
2.395, 0.00754459, 0.0184888, 1
2.396, 0.00756309, 0.0185073, 1
2.397, 0.0075816, 0.0185256, 1
2.398, 0.00760014, 0.0185438, 1
2.399, 0.00761869, 0.0185617, 1
2.4, 0.00763726, 0.0185794, 1
2.401, 0.00765585, 0.018597, 1
2.402, 0.00767446, 0.0186144, 1
2.403, 0.00769308, 0.0186315, 1
2.404, 0.00771172, 0.0186485, 1
2.405, 0.00773038, 0.0186653, 1
2.406, 0.00774905, 0.0186819, 1
2.407, 0.00776774, 0.0186983, 1
2.408, 0.00778645, 0.0187146, 1
2.409, 0.00780517, 0.0187306, 1
2.41, 0.00782391, 0.0187464, 1
2.411, 0.00784266, 0.0187621, 1
2.412, 0.00786143, 0.0187775, 1
2.413, 0.00788022, 0.0187928, 1
2.414, 0.00789902, 0.0188079, 1
2.415, 0.00791783, 0.0188228, 1
2.416, 0.00793666, 0.0188375, 1
2.417, 0.00795551, 0.018852, 1
2.418, 0.00797437, 0.0188663, 1
2.419, 0.00799324, 0.0188805, 1
2.42, 0.00801213, 0.0188944, 1
2.421, 0.00803103, 0.0189082, 1
2.422, 0.00804994, 0.0189217, 1
2.423, 0.00806887, 0.0189351, 1
2.424, 0.00808781, 0.0189483, 1
2.425, 0.00810677, 0.0189612, 1
2.426, 0.00812574, 0.018974, 1
2.427, 0.00814472, 0.0189866, 1
2.428, 0.00816371, 0.018999, 1
2.429, 0.00818271, 0.0190113, 1
2.43, 0.00820173, 0.0190233, 1
2.431, 0.00822076, 0.0190351, 1
2.432, 0.0082398, 0.0190468, 1
2.433, 0.00825885, 0.0190582, 1
2.434, 0.00827792, 0.0190695, 1
2.435, 0.00829699, 0.0190806, 1
2.436, 0.00831608, 0.0190914, 1
2.437, 0.00833518, 0.0191021, 1
2.438, 0.00835428, 0.0191126, 1
2.439, 0.0083734, 0.0191229, 1
2.44, 0.00839253, 0.019133, 1
2.441, 0.00841167, 0.019143, 1
2.442, 0.00843082, 0.0191527, 1
2.443, 0.00844997, 0.0191622, 1
2.444, 0.00846914, 0.0191716, 1
2.445, 0.00848832, 0.0191807, 1
2.446, 0.0085075, 0.0191897, 1
2.447, 0.0085267, 0.0191985, 1
2.448, 0.0085459, 0.019207, 1
2.449, 0.00856511, 0.0192154, 1
2.45, 0.00858433, 0.0192236, 1
2.451, 0.00860356, 0.0192316, 1
2.452, 0.00862279, 0.0192394, 1
2.453, 0.00864204, 0.0192471, 1
2.454, 0.00866129, 0.0192545, 1
2.455, 0.00868054, 0.0192617, 1
2.456, 0.00869981, 0.0192688, 1
2.457, 0.00871908, 0.0192756, 1
2.458, 0.00873836, 0.0192823, 1
2.459, 0.00875765, 0.0192888, 1
2.46, 0.00877694, 0.019295, 1
2.461, 0.00879624, 0.0193011, 1
2.462, 0.00881554, 0.019307, 1
2.463, 0.00883485, 0.0193127, 1
2.464, 0.00885417, 0.0193182, 1
2.465, 0.00887349, 0.0193235, 1
2.466, 0.00889281, 0.0193287, 1
2.467, 0.00891214, 0.0193336, 1
2.468, 0.00893148, 0.0193383, 1
2.469, 0.00895082, 0.0193429, 1
2.47, 0.00897017, 0.0193473, 1
2.471, 0.00898951, 0.0193514, 1
2.472, 0.00900887, 0.0193554, 1
2.473, 0.00902823, 0.0193592, 1
2.474, 0.00904759, 0.0193628, 1
2.475, 0.00906695, 0.0193662, 1
2.476, 0.00908632, 0.0193694, 1
2.477, 0.00910569, 0.0193724, 1
2.478, 0.00912506, 0.0193753, 1
2.479, 0.00914444, 0.0193779, 1
2.48, 0.00916382, 0.0193803, 1
2.481, 0.0091832, 0.0193826, 1
2.482, 0.00920258, 0.0193847, 1
2.483, 0.00922197, 0.0193865, 1
2.484, 0.00924136, 0.0193882, 1
2.485, 0.00926075, 0.0193897, 1
2.486, 0.00928014, 0.019391, 1
2.487, 0.00929953, 0.0193921, 1
2.488, 0.00931892, 0.019393, 1
2.489, 0.00933831, 0.0193938, 1
2.49, 0.00935771, 0.0193943, 1
2.491, 0.0093771, 0.0193947, 1
2.492, 0.0093965, 0.0193948, 1
2.493, 0.00941589, 0.0193948, 1
2.494, 0.00943529, 0.0193946, 1
2.495, 0.00945468, 0.0193942, 1
2.496, 0.00947408, 0.0193936, 1
2.497, 0.00949347, 0.0193928, 1
2.498, 0.00951286, 0.0193918, 1
2.499, 0.00953225, 0.0193906, 1
2.5, 0.00955164, 0.0193893, 1
2.501, 0.00957103, 0.0193877, 1
2.502, 0.00959042, 0.019386, 1
2.503, 0.0096098, 0.019384, 1
2.504, 0.00962919, 0.0193819, 1
2.505, 0.00964857, 0.0193796, 1
2.506, 0.00966794, 0.0193771, 1
2.507, 0.00968732, 0.0193744, 1
2.508, 0.00970669, 0.0193715, 1
2.509, 0.00972606, 0.0193685, 1
2.51, 0.00974543, 0.0193652, 1
2.511, 0.00976479, 0.0193618, 1
2.512, 0.00978415, 0.0193582, 1
2.513, 0.00980351, 0.0193543, 1
2.514, 0.00982286, 0.0193503, 1
2.515, 0.00984221, 0.0193461, 1
2.516, 0.00986155, 0.0193418, 1
2.517, 0.00988089, 0.0193372, 1
2.518, 0.00990023, 0.0193324, 1
2.519, 0.00991956, 0.0193275, 1
2.52, 0.00993888, 0.0193223, 1
2.521, 0.0099582, 0.019317, 1
2.522, 0.00997752, 0.0193115, 1
2.523, 0.00999683, 0.0193058, 1
2.524, 0.0100161, 0.0192999, 1
2.525, 0.0100354, 0.0192939, 1
2.526, 0.0100547, 0.0192876, 1
2.527, 0.010074, 0.0192812, 1
2.528, 0.0100933, 0.0192745, 1
2.529, 0.0101126, 0.0192677, 1
2.53, 0.0101318, 0.0192607, 1
2.531, 0.0101511, 0.0192535, 1
2.532, 0.0101703, 0.0192462, 1
2.533, 0.0101896, 0.0192386, 1
2.534, 0.0102088, 0.0192308, 1
2.535, 0.010228, 0.0192229, 1
2.536, 0.0102472, 0.0192148, 1
2.537, 0.0102665, 0.0192065, 1
2.538, 0.0102857, 0.019198, 1
2.539, 0.0103049, 0.0191893, 1
2.54, 0.010324, 0.0191805, 1
2.541, 0.0103432, 0.0191714, 1
2.542, 0.0103624, 0.0191622, 1
2.543, 0.0103815, 0.0191528, 1
2.544, 0.0104007, 0.0191432, 1
2.545, 0.0104198, 0.0191334, 1
2.546, 0.010439, 0.0191235, 1
2.547, 0.0104581, 0.0191133, 1
2.548, 0.0104772, 0.019103, 1
2.549, 0.0104963, 0.0190925, 1
2.55, 0.0105154, 0.0190818, 1
2.551, 0.0105344, 0.0190709, 1
2.552, 0.0105535, 0.0190598, 1
2.553, 0.0105726, 0.0190486, 1
2.554, 0.0105916, 0.0190372, 1
2.555, 0.0106106, 0.0190256, 1
2.556, 0.0106297, 0.0190138, 1
2.557, 0.0106487, 0.0190018, 1
2.558, 0.0106677, 0.0189897, 1
2.559, 0.0106866, 0.0189773, 1
2.56, 0.0107056, 0.0189648, 1
2.561, 0.0107246, 0.0189521, 1
2.562, 0.0107435, 0.0189392, 1
2.563, 0.0107624, 0.0189262, 1
2.564, 0.0107814, 0.0189129, 1
2.565, 0.0108003, 0.0188995, 1
2.566, 0.0108192, 0.0188859, 1
2.567, 0.010838, 0.0188721, 1
2.568, 0.0108569, 0.0188582, 1
2.569, 0.0108758, 0.018844, 1
2.57, 0.0108946, 0.0188297, 1
2.571, 0.0109134, 0.0188152, 1
2.572, 0.0109322, 0.0188006, 1
2.573, 0.010951, 0.0187857, 1
2.574, 0.0109698, 0.0187707, 1
2.575, 0.0109886, 0.0187555, 1
2.576, 0.0110073, 0.0187401, 1
2.577, 0.011026, 0.0187245, 1
2.578, 0.0110448, 0.0187088, 1
2.579, 0.0110635, 0.0186929, 1
2.58, 0.0110821, 0.0186768, 1
2.581, 0.0111008, 0.0186605, 1
2.582, 0.0111195, 0.018644, 1
2.583, 0.0111381, 0.0186274, 1
2.584, 0.0111567, 0.0186106, 1
2.585, 0.0111753, 0.0185936, 1
2.586, 0.0111939, 0.0185765, 1
2.587, 0.0112125, 0.0185592, 1
2.588, 0.011231, 0.0185417, 1
2.589, 0.0112496, 0.018524, 1
2.59, 0.0112681, 0.0185061, 1
2.591, 0.0112866, 0.0184881, 1
2.592, 0.0113051, 0.0184699, 1
2.593, 0.0113235, 0.0184515, 1
2.594, 0.011342, 0.018433, 1
2.595, 0.0113604, 0.0184142, 1
2.596, 0.0113788, 0.0183954, 1
2.597, 0.0113972, 0.0183763, 1
2.598, 0.0114155, 0.018357, 1
2.599, 0.0114339, 0.0183376, 1
2.6, 0.0114522, 0.018318, 1
2.601, 0.0114705, 0.0182983, 1
2.602, 0.0114888, 0.0182784, 1
2.603, 0.0115071, 0.0182583, 1
2.604, 0.0115253, 0.018238, 1
2.605, 0.0115436, 0.0182175, 1
2.606, 0.0115618, 0.0181969, 1
2.607, 0.0115799, 0.0181762, 1
2.608, 0.0115981, 0.0181552, 1
2.609, 0.0116163, 0.0181341, 1
2.61, 0.0116344, 0.0181128, 1
2.611, 0.0116525, 0.0180913, 1
2.612, 0.0116706, 0.0180697, 1
2.613, 0.0116886, 0.0180479, 1
2.614, 0.0117067, 0.0180259, 1
2.615, 0.0117247, 0.0180038, 1
2.616, 0.0117427, 0.0179815, 1
2.617, 0.0117606, 0.017959, 1
2.618, 0.0117786, 0.0179364, 1
2.619, 0.0117965, 0.0179136, 1
2.62, 0.0118144, 0.0178906, 1
2.621, 0.0118323, 0.0178675, 1
2.622, 0.0118501, 0.0178442, 1
2.623, 0.011868, 0.0178207, 1
2.624, 0.0118858, 0.0177971, 1
2.625, 0.0119036, 0.0177733, 1
2.626, 0.0119213, 0.0177493, 1
2.627, 0.0119391, 0.0177252, 1
2.628, 0.0119568, 0.0177009, 1
2.629, 0.0119745, 0.0176764, 1
2.63, 0.0119921, 0.0176518, 1
2.631, 0.0120098, 0.017627, 1
2.632, 0.0120274, 0.0176021, 1
2.633, 0.012045, 0.017577, 1
2.634, 0.0120625, 0.0175517, 1
2.635, 0.0120801, 0.0175263, 1
2.636, 0.0120976, 0.0175007, 1
2.637, 0.0121151, 0.0174749, 1
2.638, 0.0121325, 0.017449, 1
2.639, 0.01215, 0.0174229, 1
2.64, 0.0121674, 0.0173967, 1
2.641, 0.0121848, 0.0173703, 1
2.642, 0.0122021, 0.0173438, 1
2.643, 0.0122195, 0.017317, 1
2.644, 0.0122368, 0.0172902, 1
2.645, 0.012254, 0.0172631, 1
2.646, 0.0122713, 0.0172359, 1
2.647, 0.0122885, 0.0172086, 1
2.648, 0.0123057, 0.0171811, 1
2.649, 0.0123229, 0.0171534, 1
2.65, 0.01234, 0.0171256, 1
2.651, 0.0123571, 0.0170976, 1
2.652, 0.0123742, 0.0170695, 1
2.653, 0.0123913, 0.0170412, 1
2.654, 0.0124083, 0.0170127, 1
2.655, 0.0124253, 0.0169841, 1
2.656, 0.0124423, 0.0169554, 1
2.657, 0.0124592, 0.0169264, 1
2.658, 0.0124761, 0.0168974, 1
2.659, 0.012493, 0.0168681, 1
2.66, 0.0125099, 0.0168388, 1
2.661, 0.0125267, 0.0168092, 1
2.662, 0.0125435, 0.0167796, 1
2.663, 0.0125602, 0.0167497, 1
2.664, 0.012577, 0.0167197, 1
2.665, 0.0125937, 0.0166896, 1
2.666, 0.0126103, 0.0166593, 1
2.667, 0.012627, 0.0166289, 1
2.668, 0.0126436, 0.0165983, 1
2.669, 0.0126602, 0.0165675, 1
2.67, 0.0126767, 0.0165366, 1
2.671, 0.0126933, 0.0165056, 1
2.672, 0.0127098, 0.0164744, 1
2.673, 0.0127262, 0.016443, 1
2.674, 0.0127426, 0.0164115, 1
2.675, 0.012759, 0.0163799, 1
2.676, 0.0127754, 0.0163481, 1
2.677, 0.0127917, 0.0163162, 1
2.678, 0.012808, 0.0162841, 1
2.679, 0.0128243, 0.0162519, 1
2.68, 0.0128405, 0.0162195, 1
2.681, 0.0128567, 0.016187, 1
2.682, 0.0128729, 0.0161543, 1
2.683, 0.012889, 0.0161215, 1
2.684, 0.0129052, 0.0160885, 1
2.685, 0.0129212, 0.0160554, 1
2.686, 0.0129373, 0.0160222, 1
2.687, 0.0129533, 0.0159888, 1
2.688, 0.0129692, 0.0159552, 1
2.689, 0.0129852, 0.0159216, 1
2.69, 0.0130011, 0.0158877, 1
2.691, 0.013017, 0.0158538, 1
2.692, 0.0130328, 0.0158197, 1
2.693, 0.0130486, 0.0157854, 1
2.694, 0.0130644, 0.015751, 1
2.695, 0.0130801, 0.0157165, 1
2.696, 0.0130958, 0.0156818, 1
2.697, 0.0131115, 0.015647, 1
2.698, 0.0131271, 0.0156121, 1
2.699, 0.0131427, 0.015577, 1
2.7, 0.0131582, 0.0155418, 1
2.701, 0.0131738, 0.0155064, 1
2.702, 0.0131893, 0.0154709, 1
2.703, 0.0132047, 0.0154353, 1
2.704, 0.0132201, 0.0153995, 1
2.705, 0.0132355, 0.0153636, 1
2.706, 0.0132509, 0.0153275, 1
2.707, 0.0132662, 0.0152913, 1
2.708, 0.0132814, 0.015255, 1
2.709, 0.0132967, 0.0152186, 1
2.71, 0.0133119, 0.015182, 1
2.711, 0.013327, 0.0151452, 1
2.712, 0.0133422, 0.0151084, 1
2.713, 0.0133573, 0.0150714, 1
2.714, 0.0133723, 0.0150343, 1
2.715, 0.0133873, 0.014997, 1
2.716, 0.0134023, 0.0149596, 1
2.717, 0.0134172, 0.0149221, 1
2.718, 0.0134321, 0.0148844, 1
2.719, 0.013447, 0.0148467, 1
2.72, 0.0134618, 0.0148087, 1
2.721, 0.0134766, 0.0147707, 1
2.722, 0.0134914, 0.0147325, 1
2.723, 0.0135061, 0.0146942, 1
2.724, 0.0135208, 0.0146558, 1
2.725, 0.0135354, 0.0146172, 1
2.726, 0.01355, 0.0145785, 1
2.727, 0.0135646, 0.0145397, 1
2.728, 0.0135791, 0.0145008, 1
2.729, 0.0135936, 0.0144617, 1
2.73, 0.013608, 0.0144225, 1
2.731, 0.0136224, 0.0143832, 1
2.732, 0.0136368, 0.0143437, 1
2.733, 0.0136511, 0.0143042, 1
2.734, 0.0136654, 0.0142645, 1
2.735, 0.0136796, 0.0142247, 1
2.736, 0.0136938, 0.0141847, 1
2.737, 0.013708, 0.0141446, 1
2.738, 0.0137221, 0.0141044, 1
2.739, 0.0137362, 0.0140641, 1
2.74, 0.0137502, 0.0140237, 1
2.741, 0.0137642, 0.0139831, 1
2.742, 0.0137782, 0.0139425, 1
2.743, 0.0137921, 0.0139017, 1
2.744, 0.013806, 0.0138608, 1
2.745, 0.0138199, 0.0138197, 1
2.746, 0.0138337, 0.0137786, 1
2.747, 0.0138474, 0.0137373, 1
2.748, 0.0138611, 0.0136959, 1
2.749, 0.0138748, 0.0136544, 1
2.75, 0.0138884, 0.0136128, 1
2.751, 0.013902, 0.013571, 1
2.752, 0.0139156, 0.0135292, 1
2.753, 0.0139291, 0.0134872, 1
2.754, 0.0139426, 0.0134451, 1
2.755, 0.013956, 0.0134029, 1
2.756, 0.0139694, 0.0133606, 1
2.757, 0.0139827, 0.0133181, 1
2.758, 0.013996, 0.0132756, 1
2.759, 0.0140092, 0.0132329, 1
2.76, 0.0140225, 0.0131901, 1
2.761, 0.0140356, 0.0131472, 1
2.762, 0.0140488, 0.0131042, 1
2.763, 0.0140618, 0.0130611, 1
2.764, 0.0140749, 0.0130179, 1
2.765, 0.0140879, 0.0129746, 1
2.766, 0.0141008, 0.0129311, 1
2.767, 0.0141137, 0.0128876, 1
2.768, 0.0141266, 0.0128439, 1
2.769, 0.0141394, 0.0128002, 1
2.77, 0.0141522, 0.0127563, 1
2.771, 0.0141649, 0.0127123, 1
2.772, 0.0141776, 0.0126682, 1
2.773, 0.0141903, 0.012624, 1
2.774, 0.0142029, 0.0125797, 1
2.775, 0.0142154, 0.0125353, 1
2.776, 0.0142279, 0.0124908, 1
2.777, 0.0142404, 0.0124461, 1
2.778, 0.0142528, 0.0124014, 1
2.779, 0.0142652, 0.0123566, 1
2.78, 0.0142776, 0.0123117, 1
2.781, 0.0142898, 0.0122666, 1
2.782, 0.0143021, 0.0122215, 1
2.783, 0.0143143, 0.0121763, 1
2.784, 0.0143264, 0.0121309, 1
2.785, 0.0143385, 0.0120855, 1
2.786, 0.0143506, 0.0120399, 1
2.787, 0.0143626, 0.0119943, 1
2.788, 0.0143746, 0.0119486, 1
2.789, 0.0143865, 0.0119027, 1
2.79, 0.0143984, 0.0118568, 1
2.791, 0.0144102, 0.0118107, 1
2.792, 0.014422, 0.0117646, 1
2.793, 0.0144338, 0.0117184, 1
2.794, 0.0144455, 0.0116721, 1
2.795, 0.0144571, 0.0116256, 1
2.796, 0.0144687, 0.0115791, 1
2.797, 0.0144803, 0.0115325, 1
2.798, 0.0144918, 0.0114858, 1
2.799, 0.0145032, 0.011439, 1
2.8, 0.0145147, 0.0113921, 1
2.801, 0.014526, 0.0113451, 1
2.802, 0.0145373, 0.011298, 1
2.803, 0.0145486, 0.0112509, 1
2.804, 0.0145598, 0.0112036, 1
2.805, 0.014571, 0.0111563, 1
2.806, 0.0145822, 0.0111088, 1
2.807, 0.0145932, 0.0110613, 1
2.808, 0.0146043, 0.0110136, 1
2.809, 0.0146153, 0.0109659, 1
2.81, 0.0146262, 0.0109181, 1
2.811, 0.0146371, 0.0108702, 1
2.812, 0.014648, 0.0108223, 1
2.813, 0.0146588, 0.0107742, 1
2.814, 0.0146695, 0.0107261, 1
2.815, 0.0146802, 0.0106778, 1
2.816, 0.0146909, 0.0106295, 1
2.817, 0.0147015, 0.0105811, 1
2.818, 0.014712, 0.0105326, 1
2.819, 0.0147225, 0.010484, 1
2.82, 0.014733, 0.0104354, 1
2.821, 0.0147434, 0.0103866, 1
2.822, 0.0147538, 0.0103378, 1
2.823, 0.0147641, 0.0102889, 1
2.824, 0.0147743, 0.0102399, 1
2.825, 0.0147846, 0.0101908, 1
2.826, 0.0147947, 0.0101417, 1
2.827, 0.0148048, 0.0100925, 1
2.828, 0.0148149, 0.0100432, 1
2.829, 0.0148249, 0.00999378, 1
2.83, 0.0148349, 0.00994431, 1
2.831, 0.0148448, 0.00989477, 1
2.832, 0.0148547, 0.00984515, 1
2.833, 0.0148645, 0.00979546, 1
2.834, 0.0148743, 0.00974569, 1
2.835, 0.014884, 0.00969584, 1
2.836, 0.0148937, 0.00964592, 1
2.837, 0.0149033, 0.00959592, 1
2.838, 0.0149129, 0.00954585, 1
2.839, 0.0149224, 0.00949571, 1
2.84, 0.0149318, 0.00944549, 1
2.841, 0.0149413, 0.0093952, 1
2.842, 0.0149506, 0.00934483, 1
2.843, 0.01496, 0.0092944, 1
2.844, 0.0149692, 0.0092439, 1
2.845, 0.0149784, 0.00919332, 1
2.846, 0.0149876, 0.00914268, 1
2.847, 0.0149967, 0.00909196, 1
2.848, 0.0150058, 0.00904118, 1
2.849, 0.0150148, 0.00899033, 1
2.85, 0.0150238, 0.00893941, 1
2.851, 0.0150327, 0.00888842, 1
2.852, 0.0150416, 0.00883736, 1
2.853, 0.0150504, 0.00878624, 1
2.854, 0.0150591, 0.00873506, 1
2.855, 0.0150678, 0.00868381, 1
2.856, 0.0150765, 0.00863249, 1
2.857, 0.0150851, 0.00858111, 1
2.858, 0.0150937, 0.00852967, 1
2.859, 0.0151022, 0.00847816, 1
2.86, 0.0151106, 0.00842659, 1
2.861, 0.015119, 0.00837496, 1
2.862, 0.0151274, 0.00832327, 1
2.863, 0.0151357, 0.00827152, 1
2.864, 0.0151439, 0.0082197, 1
2.865, 0.0151521, 0.00816783, 1
2.866, 0.0151602, 0.0081159, 1
2.867, 0.0151683, 0.0080639, 1
2.868, 0.0151764, 0.00801185, 1
2.869, 0.0151844, 0.00795975, 1
2.87, 0.0151923, 0.00790758, 1
2.871, 0.0152002, 0.00785536, 1
2.872, 0.015208, 0.00780308, 1
2.873, 0.0152158, 0.00775075, 1
2.874, 0.0152235, 0.00769836, 1
2.875, 0.0152312, 0.00764591, 1
2.876, 0.0152388, 0.00759342, 1
2.877, 0.0152464, 0.00754087, 1
2.878, 0.0152539, 0.00748826, 1
2.879, 0.0152613, 0.00743561, 1
2.88, 0.0152687, 0.0073829, 1
2.881, 0.0152761, 0.00733014, 1
2.882, 0.0152834, 0.00727733, 1
2.883, 0.0152907, 0.00722447, 1
2.884, 0.0152979, 0.00717156, 1
2.885, 0.015305, 0.0071186, 1
2.886, 0.0153121, 0.00706559, 1
2.887, 0.0153191, 0.00701254, 1
2.888, 0.0153261, 0.00695943, 1
2.889, 0.015333, 0.00690628, 1
2.89, 0.0153399, 0.00685309, 1
2.891, 0.0153468, 0.00679984, 1
2.892, 0.0153535, 0.00674655, 1
2.893, 0.0153602, 0.00669322, 1
2.894, 0.0153669, 0.00663984, 1
2.895, 0.0153735, 0.00658642, 1
2.896, 0.0153801, 0.00653296, 1
2.897, 0.0153866, 0.00647945, 1
2.898, 0.015393, 0.0064259, 1
2.899, 0.0153994, 0.00637231, 1
2.9, 0.0154058, 0.00631868, 1
2.901, 0.0154121, 0.00626501, 1
2.902, 0.0154183, 0.00621129, 1
2.903, 0.0154245, 0.00615754, 1
2.904, 0.0154306, 0.00610375, 1
2.905, 0.0154367, 0.00604992, 1
2.906, 0.0154427, 0.00599605, 1
2.907, 0.0154487, 0.00594215, 1
2.908, 0.0154546, 0.00588821, 1
2.909, 0.0154605, 0.00583423, 1
2.91, 0.0154663, 0.00578022, 1
2.911, 0.015472, 0.00572617, 1
2.912, 0.0154777, 0.00567209, 1
2.913, 0.0154834, 0.00561797, 1
2.914, 0.015489, 0.00556382, 1
2.915, 0.0154945, 0.00550964, 1
2.916, 0.0155, 0.00545543, 1
2.917, 0.0155054, 0.00540118, 1
2.918, 0.0155108, 0.0053469, 1
2.919, 0.0155161, 0.00529259, 1
2.92, 0.0155214, 0.00523825, 1
2.921, 0.0155266, 0.00518388, 1
2.922, 0.0155318, 0.00512949, 1
2.923, 0.0155369, 0.00507506, 1
2.924, 0.0155419, 0.00502061, 1
2.925, 0.0155469, 0.00496612, 1
2.926, 0.0155518, 0.00491162, 1
2.927, 0.0155567, 0.00485708, 1
2.928, 0.0155615, 0.00480252, 1
2.929, 0.0155663, 0.00474793, 1
2.93, 0.015571, 0.00469332, 1
2.931, 0.0155757, 0.00463869, 1
2.932, 0.0155803, 0.00458403, 1
2.933, 0.0155849, 0.00452935, 1
2.934, 0.0155894, 0.00447464, 1
2.935, 0.0155938, 0.00441992, 1
2.936, 0.0155982, 0.00436517, 1
2.937, 0.0156026, 0.0043104, 1
2.938, 0.0156068, 0.00425561, 1
2.939, 0.0156111, 0.0042008, 1
2.94, 0.0156152, 0.00414597, 1
2.941, 0.0156194, 0.00409113, 1
2.942, 0.0156234, 0.00403626, 1
2.943, 0.0156274, 0.00398138, 1
2.944, 0.0156314, 0.00392648, 1
2.945, 0.0156353, 0.00387156, 1
2.946, 0.0156391, 0.00381663, 1
2.947, 0.0156429, 0.00376168, 1
2.948, 0.0156467, 0.00370672, 1
2.949, 0.0156503, 0.00365174, 1
2.95, 0.015654, 0.00359675, 1
2.951, 0.0156575, 0.00354175, 1
2.952, 0.015661, 0.00348673, 1
2.953, 0.0156645, 0.0034317, 1
2.954, 0.0156679, 0.00337666, 1
2.955, 0.0156713, 0.00332161, 1
2.956, 0.0156745, 0.00326654, 1
2.957, 0.0156778, 0.00321147, 1
2.958, 0.015681, 0.00315639, 1
2.959, 0.0156841, 0.0031013, 1
2.96, 0.0156872, 0.0030462, 1
2.961, 0.0156902, 0.00299109, 1
2.962, 0.0156932, 0.00293598, 1
2.963, 0.0156961, 0.00288086, 1
2.964, 0.0156989, 0.00282573, 1
2.965, 0.0157017, 0.0027706, 1
2.966, 0.0157045, 0.00271546, 1
2.967, 0.0157071, 0.00266031, 1
2.968, 0.0157098, 0.00260517, 1
2.969, 0.0157124, 0.00255002, 1
2.97, 0.0157149, 0.00249486, 1
2.971, 0.0157173, 0.00243971, 1
2.972, 0.0157198, 0.00238455, 1
2.973, 0.0157221, 0.00232939, 1
2.974, 0.0157244, 0.00227423, 1
2.975, 0.0157267, 0.00221907, 1
2.976, 0.0157289, 0.00216391, 1
2.977, 0.015731, 0.00210875, 1
2.978, 0.0157331, 0.0020536, 1
2.979, 0.0157351, 0.00199844, 1
2.98, 0.0157371, 0.00194329, 1
2.981, 0.015739, 0.00188814, 1
2.982, 0.0157408, 0.00183299, 1
2.983, 0.0157427, 0.00177785, 1
2.984, 0.0157444, 0.00172271, 1
2.985, 0.0157461, 0.00166758, 1
2.986, 0.0157477, 0.00161245, 1
2.987, 0.0157493, 0.00155733, 1
2.988, 0.0157509, 0.00150222, 1
2.989, 0.0157523, 0.00144711, 1
2.99, 0.0157537, 0.00139201, 1
2.991, 0.0157551, 0.00133692, 1
2.992, 0.0157564, 0.00128184, 1
2.993, 0.0157577, 0.00122677, 1
2.994, 0.0157589, 0.00117171, 1
2.995, 0.01576, 0.00111666, 1
2.996, 0.0157611, 0.00106161, 1
2.997, 0.0157621, 0.00100659, 1
2.998, 0.0157631, 0.000951569, 1
2.999, 0.015764, 0.000896565, 1
3, 0.0157649, 0.000841574, 1
3.001, 0.0157657, 0.000786597, 1
3.002, 0.0157665, 0.000731635, 1
3.003, 0.0157672, 0.000676687, 1
3.004, 0.0157678, 0.000621754, 1
3.005, 0.0157684, 0.000566837, 1
3.006, 0.015769, 0.000511937, 1
3.007, 0.0157695, 0.000457053, 1
3.008, 0.0157699, 0.000402187, 1
3.009, 0.0157703, 0.000347339, 1
3.01, 0.0157706, 0.00029251, 1
3.011, 0.0157708, 0.0002377, 1
3.012, 0.0157711, 0.000182909, 1
3.013, 0.0157712, 0.000128138, 1
3.014, 0.0157713, 7.33881e-05, 1
3.015, 0.0157714, 1.86592e-05, 1
3.016, 0.0157714, -3.60479e-05, 1
3.017, 0.0157713, -9.07328e-05, 1
3.018, 0.0157712, -0.000145395, 1
3.019, 0.015771, -0.000200034, 1
3.02, 0.0157708, -0.000254649, 1
3.021, 0.0157705, -0.00030924, 1
3.022, 0.0157702, -0.000363805, 1
3.023, 0.0157698, -0.000418346, 1
3.024, 0.0157693, -0.00047286, 1
3.025, 0.0157688, -0.000527349, 1
3.026, 0.0157683, -0.00058181, 1
3.027, 0.0157677, -0.000636243, 1
3.028, 0.015767, -0.000690649, 1
3.029, 0.0157663, -0.000745026, 1
3.03, 0.0157655, -0.000799374, 1
3.031, 0.0157647, -0.000853693, 1
3.032, 0.0157638, -0.000907981, 1
3.033, 0.0157629, -0.000962239, 1
3.034, 0.0157619, -0.00101647, 1
3.035, 0.0157608, -0.00107066, 1
3.036, 0.0157597, -0.00112482, 1
3.037, 0.0157586, -0.00117895, 1
3.038, 0.0157574, -0.00123305, 1
3.039, 0.0157561, -0.00128711, 1
3.04, 0.0157548, -0.00134114, 1
3.041, 0.0157534, -0.00139514, 1
3.042, 0.015752, -0.0014491, 1
3.043, 0.0157505, -0.00150302, 1
3.044, 0.015749, -0.00155691, 1
3.045, 0.0157474, -0.00161076, 1
3.046, 0.0157458, -0.00166457, 1
3.047, 0.0157441, -0.00171834, 1
3.048, 0.0157423, -0.00177208, 1
3.049, 0.0157405, -0.00182578, 1
3.05, 0.0157387, -0.00187944, 1
3.051, 0.0157368, -0.00193305, 1
3.052, 0.0157348, -0.00198663, 1
3.053, 0.0157328, -0.00204017, 1
3.054, 0.0157307, -0.00209366, 1
3.055, 0.0157286, -0.00214712, 1
3.056, 0.0157264, -0.00220053, 1
3.057, 0.0157242, -0.0022539, 1
3.058, 0.0157219, -0.00230722, 1
3.059, 0.0157196, -0.0023605, 1
3.06, 0.0157172, -0.00241374, 1
3.061, 0.0157148, -0.00246693, 1
3.062, 0.0157123, -0.00252008, 1
3.063, 0.0157097, -0.00257318, 1
3.064, 0.0157071, -0.00262623, 1
3.065, 0.0157045, -0.00267924, 1
3.066, 0.0157018, -0.0027322, 1
3.067, 0.015699, -0.00278511, 1
3.068, 0.0156962, -0.00283797, 1
3.069, 0.0156933, -0.00289078, 1
3.07, 0.0156904, -0.00294355, 1
3.071, 0.0156875, -0.00299626, 1
3.072, 0.0156844, -0.00304893, 1
3.073, 0.0156814, -0.00310154, 1
3.074, 0.0156782, -0.0031541, 1
3.075, 0.015675, -0.00320661, 1
3.076, 0.0156718, -0.00325907, 1
3.077, 0.0156685, -0.00331147, 1
3.078, 0.0156652, -0.00336382, 1
3.079, 0.0156618, -0.00341612, 1
3.08, 0.0156584, -0.00346836, 1
3.081, 0.0156549, -0.00352055, 1
3.082, 0.0156513, -0.00357268, 1
3.083, 0.0156477, -0.00362476, 1
3.084, 0.0156441, -0.00367678, 1
3.085, 0.0156404, -0.00372874, 1
3.086, 0.0156366, -0.00378064, 1
3.087, 0.0156328, -0.00383249, 1
3.088, 0.0156289, -0.00388428, 1
3.089, 0.015625, -0.00393601, 1
3.09, 0.0156211, -0.00398768, 1
3.091, 0.0156171, -0.00403929, 1
3.092, 0.015613, -0.00409085, 1
3.093, 0.0156089, -0.00414234, 1
3.094, 0.0156047, -0.00419377, 1
3.095, 0.0156005, -0.00424513, 1
3.096, 0.0155962, -0.00429644, 1
3.097, 0.0155919, -0.00434768, 1
3.098, 0.0155875, -0.00439886, 1
3.099, 0.0155831, -0.00444998, 1
3.1, 0.0155786, -0.00450103, 1
3.101, 0.0155741, -0.00455202, 1
3.102, 0.0155695, -0.00460294, 1
3.103, 0.0155649, -0.0046538, 1
3.104, 0.0155602, -0.00470459, 1
3.105, 0.0155555, -0.00475531, 1
3.106, 0.0155507, -0.00480597, 1
3.107, 0.0155459, -0.00485656, 1
3.108, 0.015541, -0.00490708, 1
3.109, 0.0155361, -0.00495753, 1
3.11, 0.0155311, -0.00500792, 1
3.111, 0.015526, -0.00505824, 1
3.112, 0.015521, -0.00510848, 1
3.113, 0.0155158, -0.00515866, 1
3.114, 0.0155106, -0.00520876, 1
3.115, 0.0155054, -0.0052588, 1
3.116, 0.0155001, -0.00530876, 1
3.117, 0.0154948, -0.00535865, 1
3.118, 0.0154894, -0.00540847, 1
3.119, 0.015484, -0.00545821, 1
3.12, 0.0154785, -0.00550789, 1
3.121, 0.015473, -0.00555748, 1
3.122, 0.0154674, -0.00560701, 1
3.123, 0.0154617, -0.00565646, 1
3.124, 0.0154561, -0.00570583, 1
3.125, 0.0154503, -0.00575513, 1
3.126, 0.0154446, -0.00580435, 1
3.127, 0.0154387, -0.00585349, 1
3.128, 0.0154328, -0.00590256, 1
3.129, 0.0154269, -0.00595155, 1
3.13, 0.0154209, -0.00600046, 1
3.131, 0.0154149, -0.0060493, 1
3.132, 0.0154088, -0.00609805, 1
3.133, 0.0154027, -0.00614673, 1
3.134, 0.0153966, -0.00619532, 1
3.135, 0.0153903, -0.00624384, 1
3.136, 0.0153841, -0.00629228, 1
3.137, 0.0153777, -0.00634063, 1
3.138, 0.0153714, -0.0063889, 1
3.139, 0.015365, -0.00643709, 1
3.14, 0.0153585, -0.0064852, 1
3.141, 0.015352, -0.00653323, 1
3.142, 0.0153454, -0.00658117, 1
3.143, 0.0153388, -0.00662903, 1
3.144, 0.0153322, -0.0066768, 1
3.145, 0.0153255, -0.00672449, 1
3.146, 0.0153187, -0.0067721, 1
3.147, 0.0153119, -0.00681962, 1
3.148, 0.0153051, -0.00686705, 1
3.149, 0.0152982, -0.0069144, 1
3.15, 0.0152913, -0.00696166, 1
3.151, 0.0152843, -0.00700883, 1
3.152, 0.0152773, -0.00705592, 1
3.153, 0.0152702, -0.00710291, 1
3.154, 0.015263, -0.00714982, 1
3.155, 0.0152559, -0.00719664, 1
3.156, 0.0152487, -0.00724337, 1
3.157, 0.0152414, -0.00729001, 1
3.158, 0.0152341, -0.00733657, 1
3.159, 0.0152267, -0.00738303, 1
3.16, 0.0152193, -0.0074294, 1
3.161, 0.0152119, -0.00747567, 1
3.162, 0.0152044, -0.00752186, 1
3.163, 0.0151968, -0.00756795, 1
3.164, 0.0151892, -0.00761396, 1
3.165, 0.0151816, -0.00765986, 1
3.166, 0.0151739, -0.00770568, 1
3.167, 0.0151662, -0.0077514, 1
3.168, 0.0151584, -0.00779703, 1
3.169, 0.0151506, -0.00784256, 1
3.17, 0.0151427, -0.00788799, 1
3.171, 0.0151348, -0.00793334, 1
3.172, 0.0151268, -0.00797858, 1
3.173, 0.0151188, -0.00802373, 1
3.174, 0.0151108, -0.00806878, 1
3.175, 0.0151027, -0.00811374, 1
3.176, 0.0150946, -0.0081586, 1
3.177, 0.0150864, -0.00820336, 1
3.178, 0.0150782, -0.00824802, 1
3.179, 0.0150699, -0.00829258, 1
3.18, 0.0150616, -0.00833704, 1
3.181, 0.0150532, -0.00838141, 1
3.182, 0.0150448, -0.00842567, 1
3.183, 0.0150364, -0.00846983, 1
3.184, 0.0150279, -0.0085139, 1
3.185, 0.0150193, -0.00855786, 1
3.186, 0.0150108, -0.00860172, 1
3.187, 0.0150021, -0.00864548, 1
3.188, 0.0149935, -0.00868913, 1
3.189, 0.0149848, -0.00873269, 1
3.19, 0.014976, -0.00877614, 1
3.191, 0.0149672, -0.00881948, 1
3.192, 0.0149584, -0.00886273, 1
3.193, 0.0149495, -0.00890587, 1
3.194, 0.0149406, -0.0089489, 1
3.195, 0.0149316, -0.00899183, 1
3.196, 0.0149226, -0.00903465, 1
3.197, 0.0149135, -0.00907737, 1
3.198, 0.0149044, -0.00911998, 1
3.199, 0.0148953, -0.00916249, 1
3.2, 0.0148861, -0.00920489, 1
3.201, 0.0148769, -0.00924718, 1
3.202, 0.0148676, -0.00928936, 1
3.203, 0.0148583, -0.00933144, 1
3.204, 0.0148489, -0.00937341, 1
3.205, 0.0148395, -0.00941527, 1
3.206, 0.0148301, -0.00945701, 1
3.207, 0.0148206, -0.00949866, 1
3.208, 0.0148111, -0.00954019, 1
3.209, 0.0148015, -0.00958161, 1
3.21, 0.0147919, -0.00962292, 1
3.211, 0.0147823, -0.00966412, 1
3.212, 0.0147726, -0.0097052, 1
3.213, 0.0147629, -0.00974618, 1
3.214, 0.0147531, -0.00978704, 1
3.215, 0.0147433, -0.00982779, 1
3.216, 0.0147335, -0.00986843, 1
3.217, 0.0147236, -0.00990896, 1
3.218, 0.0147136, -0.00994937, 1
3.219, 0.0147037, -0.00998967, 1
3.22, 0.0146937, -0.0100299, 1
3.221, 0.0146836, -0.0100699, 1
3.222, 0.0146735, -0.0101099, 1
3.223, 0.0146634, -0.0101497, 1
3.224, 0.0146532, -0.0101894, 1
3.225, 0.014643, -0.0102291, 1
3.226, 0.0146328, -0.0102686, 1
3.227, 0.0146225, -0.0103079, 1
3.228, 0.0146122, -0.0103472, 1
3.229, 0.0146018, -0.0103863, 1
3.23, 0.0145914, -0.0104254, 1
3.231, 0.0145809, -0.0104643, 1
3.232, 0.0145705, -0.0105031, 1
3.233, 0.0145599, -0.0105417, 1
3.234, 0.0145494, -0.0105803, 1
3.235, 0.0145388, -0.0106187, 1
3.236, 0.0145281, -0.010657, 1
3.237, 0.0145175, -0.0106952, 1
3.238, 0.0145067, -0.0107333, 1
3.239, 0.014496, -0.0107712, 1
3.24, 0.0144852, -0.0108091, 1
3.241, 0.0144744, -0.0108468, 1
3.242, 0.0144635, -0.0108844, 1
3.243, 0.0144526, -0.0109218, 1
3.244, 0.0144417, -0.0109592, 1
3.245, 0.0144307, -0.0109964, 1
3.246, 0.0144197, -0.0110335, 1
3.247, 0.0144086, -0.0110705, 1
3.248, 0.0143975, -0.0111073, 1
3.249, 0.0143864, -0.0111441, 1
3.25, 0.0143752, -0.0111807, 1
3.251, 0.014364, -0.0112172, 1
3.252, 0.0143528, -0.0112535, 1
3.253, 0.0143415, -0.0112897, 1
3.254, 0.0143302, -0.0113259, 1
3.255, 0.0143189, -0.0113618, 1
3.256, 0.0143075, -0.0113977, 1
3.257, 0.0142961, -0.0114334, 1
3.258, 0.0142846, -0.011469, 1
3.259, 0.0142732, -0.0115045, 1
3.26, 0.0142616, -0.0115398, 1
3.261, 0.0142501, -0.0115751, 1
3.262, 0.0142385, -0.0116102, 1
3.263, 0.0142269, -0.0116451, 1
3.264, 0.0142152, -0.01168, 1
3.265, 0.0142035, -0.0117147, 1
3.266, 0.0141918, -0.0117493, 1
3.267, 0.01418, -0.0117837, 1
3.268, 0.0141682, -0.011818, 1
3.269, 0.0141564, -0.0118522, 1
3.27, 0.0141445, -0.0118863, 1
3.271, 0.0141326, -0.0119202, 1
3.272, 0.0141206, -0.011954, 1
3.273, 0.0141087, -0.0119877, 1
3.274, 0.0140967, -0.0120212, 1
3.275, 0.0140846, -0.0120546, 1
3.276, 0.0140726, -0.0120879, 1
3.277, 0.0140605, -0.0121211, 1
3.278, 0.0140483, -0.0121541, 1
3.279, 0.0140361, -0.012187, 1
3.28, 0.0140239, -0.0122197, 1
3.281, 0.0140117, -0.0122523, 1
3.282, 0.0139994, -0.0122848, 1
3.283, 0.0139871, -0.0123172, 1
3.284, 0.0139748, -0.0123494, 1
3.285, 0.0139624, -0.0123815, 1
3.286, 0.01395, -0.0124134, 1
3.287, 0.0139376, -0.0124452, 1
3.288, 0.0139252, -0.0124769, 1
3.289, 0.0139127, -0.0125084, 1
3.29, 0.0139001, -0.0125399, 1
3.291, 0.0138876, -0.0125711, 1
3.292, 0.013875, -0.0126023, 1
3.293, 0.0138624, -0.0126333, 1
3.294, 0.0138497, -0.0126641, 1
3.295, 0.013837, -0.0126949, 1
3.296, 0.0138243, -0.0127254, 1
3.297, 0.0138116, -0.0127559, 1
3.298, 0.0137988, -0.0127862, 1
3.299, 0.013786, -0.0128164, 1
3.3, 0.0137732, -0.0128464, 1
3.301, 0.0137603, -0.0128763, 1
3.302, 0.0137474, -0.0129061, 1
3.303, 0.0137345, -0.0129357, 1
3.304, 0.0137216, -0.0129652, 1
3.305, 0.0137086, -0.0129946, 1
3.306, 0.0136956, -0.0130238, 1
3.307, 0.0136825, -0.0130528, 1
3.308, 0.0136695, -0.0130818, 1
3.309, 0.0136564, -0.0131106, 1
3.31, 0.0136433, -0.0131392, 1
3.311, 0.0136301, -0.0131677, 1
3.312, 0.0136169, -0.0131961, 1
3.313, 0.0136037, -0.0132243, 1
3.314, 0.0135905, -0.0132524, 1
3.315, 0.0135772, -0.0132804, 1
3.316, 0.0135639, -0.0133082, 1
3.317, 0.0135506, -0.0133358, 1
3.318, 0.0135372, -0.0133634, 1
3.319, 0.0135239, -0.0133907, 1
3.32, 0.0135105, -0.013418, 1
3.321, 0.013497, -0.0134451, 1
3.322, 0.0134836, -0.013472, 1
3.323, 0.0134701, -0.0134988, 1
3.324, 0.0134566, -0.0135255, 1
3.325, 0.013443, -0.013552, 1
3.326, 0.0134295, -0.0135784, 1
3.327, 0.0134159, -0.0136046, 1
3.328, 0.0134023, -0.0136307, 1
3.329, 0.0133886, -0.0136567, 1
3.33, 0.0133749, -0.0136825, 1
3.331, 0.0133612, -0.0137081, 1
3.332, 0.0133475, -0.0137336, 1
3.333, 0.0133338, -0.013759, 1
3.334, 0.01332, -0.0137842, 1
3.335, 0.0133062, -0.0138093, 1
3.336, 0.0132924, -0.0138343, 1
3.337, 0.0132785, -0.013859, 1
3.338, 0.0132647, -0.0138837, 1
3.339, 0.0132508, -0.0139082, 1
3.34, 0.0132369, -0.0139325, 1
3.341, 0.0132229, -0.0139567, 1
3.342, 0.0132089, -0.0139808, 1
3.343, 0.0131949, -0.0140047, 1
3.344, 0.0131809, -0.0140285, 1
3.345, 0.0131669, -0.0140521, 1
3.346, 0.0131528, -0.0140755, 1
3.347, 0.0131387, -0.0140989, 1
3.348, 0.0131246, -0.014122, 1
3.349, 0.0131105, -0.0141451, 1
3.35, 0.0130963, -0.0141679, 1
3.351, 0.0130822, -0.0141907, 1
3.352, 0.013068, -0.0142133, 1
3.353, 0.0130537, -0.0142357, 1
3.354, 0.0130395, -0.014258, 1
3.355, 0.0130252, -0.0142801, 1
3.356, 0.0130109, -0.0143021, 1
3.357, 0.0129966, -0.0143239, 1
3.358, 0.0129823, -0.0143456, 1
3.359, 0.0129679, -0.0143672, 1
3.36, 0.0129535, -0.0143886, 1
3.361, 0.0129391, -0.0144098, 1
3.362, 0.0129247, -0.0144309, 1
3.363, 0.0129103, -0.0144518, 1
3.364, 0.0128958, -0.0144726, 1
3.365, 0.0128813, -0.0144933, 1
3.366, 0.0128668, -0.0145138, 1
3.367, 0.0128523, -0.0145341, 1
3.368, 0.0128378, -0.0145543, 1
3.369, 0.0128232, -0.0145743, 1
3.37, 0.0128086, -0.0145942, 1
3.371, 0.012794, -0.0146139, 1
3.372, 0.0127794, -0.0146335, 1
3.373, 0.0127647, -0.014653, 1
3.374, 0.0127501, -0.0146722, 1
3.375, 0.0127354, -0.0146914, 1
3.376, 0.0127207, -0.0147103, 1
3.377, 0.012706, -0.0147292, 1
3.378, 0.0126912, -0.0147479, 1
3.379, 0.0126765, -0.0147664, 1
3.38, 0.0126617, -0.0147847, 1
3.381, 0.0126469, -0.014803, 1
3.382, 0.0126321, -0.014821, 1
3.383, 0.0126173, -0.0148389, 1
3.384, 0.0126024, -0.0148567, 1
3.385, 0.0125876, -0.0148743, 1
3.386, 0.0125727, -0.0148918, 1
3.387, 0.0125578, -0.0149091, 1
3.388, 0.0125429, -0.0149262, 1
3.389, 0.0125279, -0.0149432, 1
3.39, 0.012513, -0.01496, 1
3.391, 0.012498, -0.0149767, 1
3.392, 0.012483, -0.0149933, 1
3.393, 0.012468, -0.0150097, 1
3.394, 0.012453, -0.0150259, 1
3.395, 0.012438, -0.015042, 1
3.396, 0.0124229, -0.0150579, 1
3.397, 0.0124079, -0.0150736, 1
3.398, 0.0123928, -0.0150893, 1
3.399, 0.0123777, -0.0151047, 1
3.4, 0.0123626, -0.01512, 1
3.401, 0.0123474, -0.0151352, 1
3.402, 0.0123323, -0.0151502, 1
3.403, 0.0123171, -0.015165, 1
3.404, 0.012302, -0.0151797, 1
3.405, 0.0122868, -0.0151942, 1
3.406, 0.0122716, -0.0152086, 1
3.407, 0.0122564, -0.0152228, 1
3.408, 0.0122411, -0.0152369, 1
3.409, 0.0122259, -0.0152508, 1
3.41, 0.0122106, -0.0152645, 1
3.411, 0.0121954, -0.0152781, 1
3.412, 0.0121801, -0.0152916, 1
3.413, 0.0121648, -0.0153049, 1
3.414, 0.0121495, -0.015318, 1
3.415, 0.0121341, -0.015331, 1
3.416, 0.0121188, -0.0153438, 1
3.417, 0.0121034, -0.0153565, 1
3.418, 0.0120881, -0.015369, 1
3.419, 0.0120727, -0.0153813, 1
3.42, 0.0120573, -0.0153935, 1
3.421, 0.0120419, -0.0154056, 1
3.422, 0.0120265, -0.0154175, 1
3.423, 0.0120111, -0.0154292, 1
3.424, 0.0119957, -0.0154408, 1
3.425, 0.0119802, -0.0154522, 1
3.426, 0.0119647, -0.0154635, 1
3.427, 0.0119493, -0.0154746, 1
3.428, 0.0119338, -0.0154855, 1
3.429, 0.0119183, -0.0154963, 1
3.43, 0.0119028, -0.015507, 1
3.431, 0.0118873, -0.0155174, 1
3.432, 0.0118718, -0.0155278, 1
3.433, 0.0118562, -0.0155379, 1
3.434, 0.0118407, -0.0155479, 1
3.435, 0.0118251, -0.0155578, 1
3.436, 0.0118096, -0.0155675, 1
3.437, 0.011794, -0.015577, 1
3.438, 0.0117784, -0.0155864, 1
3.439, 0.0117628, -0.0155957, 1
3.44, 0.0117472, -0.0156047, 1
3.441, 0.0117316, -0.0156137, 1
3.442, 0.011716, -0.0156224, 1
3.443, 0.0117004, -0.015631, 1
3.444, 0.0116847, -0.0156395, 1
3.445, 0.0116691, -0.0156478, 1
3.446, 0.0116535, -0.0156559, 1
3.447, 0.0116378, -0.0156639, 1
3.448, 0.0116221, -0.0156717, 1
3.449, 0.0116064, -0.0156794, 1
3.45, 0.0115908, -0.0156869, 1
3.451, 0.0115751, -0.0156942, 1
3.452, 0.0115594, -0.0157014, 1
3.453, 0.0115437, -0.0157084, 1
3.454, 0.011528, -0.0157153, 1
3.455, 0.0115122, -0.015722, 1
3.456, 0.0114965, -0.0157286, 1
3.457, 0.0114808, -0.015735, 1
3.458, 0.011465, -0.0157413, 1
3.459, 0.0114493, -0.0157474, 1
3.46, 0.0114336, -0.0157533, 1
3.461, 0.0114178, -0.0157591, 1
3.462, 0.011402, -0.0157647, 1
3.463, 0.0113863, -0.0157702, 1
3.464, 0.0113705, -0.0157755, 1
3.465, 0.0113547, -0.0157806, 1
3.466, 0.0113389, -0.0157856, 1
3.467, 0.0113231, -0.0157905, 1
3.468, 0.0113074, -0.0157952, 1
3.469, 0.0112916, -0.0157997, 1
3.47, 0.0112758, -0.0158041, 1
3.471, 0.0112599, -0.0158083, 1
3.472, 0.0112441, -0.0158123, 1
3.473, 0.0112283, -0.0158162, 1
3.474, 0.0112125, -0.01582, 1
3.475, 0.0111967, -0.0158235, 1
3.476, 0.0111809, -0.015827, 1
3.477, 0.011165, -0.0158303, 1
3.478, 0.0111492, -0.0158334, 1
3.479, 0.0111334, -0.0158363, 1
3.48, 0.0111175, -0.0158391, 1
3.481, 0.0111017, -0.0158418, 1
3.482, 0.0110858, -0.0158443, 1
3.483, 0.01107, -0.0158466, 1
3.484, 0.0110541, -0.0158488, 1
3.485, 0.0110383, -0.0158508, 1
3.486, 0.0110224, -0.0158527, 1
3.487, 0.0110066, -0.0158544, 1
3.488, 0.0109907, -0.0158559, 1
3.489, 0.0109749, -0.0158573, 1
3.49, 0.010959, -0.0158586, 1
3.491, 0.0109432, -0.0158596, 1
3.492, 0.0109273, -0.0158606, 1
3.493, 0.0109114, -0.0158613, 1
3.494, 0.0108956, -0.015862, 1
3.495, 0.0108797, -0.0158624, 1
3.496, 0.0108639, -0.0158627, 1
3.497, 0.010848, -0.0158629, 1
3.498, 0.0108321, -0.0158629, 1
3.499, 0.0108163, -0.0158627, 1
3.5, 0.0108004, -0.0158624, 1
3.501, 0.0107845, -0.0158619, 1
3.502, 0.0107687, -0.0158613, 1
3.503, 0.0107528, -0.0158605, 1
3.504, 0.010737, -0.0158596, 1
3.505, 0.0107211, -0.0158585, 1
3.506, 0.0107052, -0.0158572, 1
3.507, 0.0106894, -0.0158558, 1
3.508, 0.0106735, -0.0158543, 1
3.509, 0.0106577, -0.0158526, 1
3.51, 0.0106418, -0.0158507, 1
3.511, 0.010626, -0.0158487, 1
3.512, 0.0106101, -0.0158465, 1
3.513, 0.0105943, -0.0158442, 1
3.514, 0.0105784, -0.0158417, 1
3.515, 0.0105626, -0.015839, 1
3.516, 0.0105468, -0.0158362, 1
3.517, 0.0105309, -0.0158333, 1
3.518, 0.0105151, -0.0158302, 1
3.519, 0.0104993, -0.0158269, 1
3.52, 0.0104834, -0.0158235, 1
3.521, 0.0104676, -0.0158199, 1
3.522, 0.0104518, -0.0158162, 1
3.523, 0.010436, -0.0158123, 1
3.524, 0.0104202, -0.0158083, 1
3.525, 0.0104044, -0.0158041, 1
3.526, 0.0103886, -0.0157998, 1
3.527, 0.0103728, -0.0157953, 1
3.528, 0.010357, -0.0157907, 1
3.529, 0.0103412, -0.0157859, 1
3.53, 0.0103254, -0.0157809, 1
3.531, 0.0103096, -0.0157758, 1
3.532, 0.0102939, -0.0157706, 1
3.533, 0.0102781, -0.0157652, 1
3.534, 0.0102623, -0.0157596, 1
3.535, 0.0102466, -0.0157539, 1
3.536, 0.0102308, -0.0157481, 1
3.537, 0.0102151, -0.0157421, 1
3.538, 0.0101993, -0.0157359, 1
3.539, 0.0101836, -0.0157296, 1
3.54, 0.0101679, -0.0157231, 1
3.541, 0.0101522, -0.0157165, 1
3.542, 0.0101364, -0.0157097, 1
3.543, 0.0101207, -0.0157028, 1
3.544, 0.010105, -0.0156957, 1
3.545, 0.0100893, -0.0156885, 1
3.546, 0.0100737, -0.0156811, 1
3.547, 0.010058, -0.0156736, 1
3.548, 0.0100423, -0.0156659, 1
3.549, 0.0100266, -0.0156581, 1
3.55, 0.010011, -0.0156501, 1
3.551, 0.00999535, -0.015642, 1
3.552, 0.00997971, -0.0156337, 1
3.553, 0.00996408, -0.0156253, 1
3.554, 0.00994846, -0.0156167, 1
3.555, 0.00993285, -0.015608, 1
3.556, 0.00991724, -0.0155991, 1
3.557, 0.00990165, -0.0155901, 1
3.558, 0.00988606, -0.0155809, 1
3.559, 0.00987049, -0.0155715, 1
3.56, 0.00985492, -0.0155621, 1
3.561, 0.00983936, -0.0155524, 1
3.562, 0.00982382, -0.0155427, 1
3.563, 0.00980828, -0.0155328, 1
3.564, 0.00979275, -0.0155227, 1
3.565, 0.00977723, -0.0155125, 1
3.566, 0.00976173, -0.0155021, 1
3.567, 0.00974623, -0.0154916, 1
3.568, 0.00973074, -0.0154809, 1
3.569, 0.00971527, -0.0154701, 1
3.57, 0.0096998, -0.0154592, 1
3.571, 0.00968435, -0.0154481, 1
3.572, 0.00966891, -0.0154368, 1
3.573, 0.00965348, -0.0154254, 1
3.574, 0.00963806, -0.0154139, 1
3.575, 0.00962265, -0.0154022, 1
3.576, 0.00960725, -0.0153903, 1
3.577, 0.00959187, -0.0153784, 1
3.578, 0.00957649, -0.0153662, 1
3.579, 0.00956113, -0.0153539, 1
3.58, 0.00954579, -0.0153415, 1
3.581, 0.00953045, -0.015329, 1
3.582, 0.00951513, -0.0153162, 1
3.583, 0.00949982, -0.0153034, 1
3.584, 0.00948452, -0.0152904, 1
3.585, 0.00946924, -0.0152772, 1
3.586, 0.00945397, -0.015264, 1
3.587, 0.00943871, -0.0152505, 1
3.588, 0.00942347, -0.0152369, 1
3.589, 0.00940824, -0.0152232, 1
3.59, 0.00939302, -0.0152093, 1
3.591, 0.00937782, -0.0151953, 1
3.592, 0.00936263, -0.0151812, 1
3.593, 0.00934746, -0.0151669, 1
3.594, 0.0093323, -0.0151524, 1
3.595, 0.00931715, -0.0151379, 1
3.596, 0.00930202, -0.0151231, 1
3.597, 0.0092869, -0.0151083, 1
3.598, 0.0092718, -0.0150932, 1
3.599, 0.00925672, -0.0150781, 1
3.6, 0.00924165, -0.0150628, 1
3.601, 0.00922659, -0.0150474, 1
3.602, 0.00921155, -0.0150318, 1
3.603, 0.00919653, -0.0150161, 1
3.604, 0.00918152, -0.0150002, 1
3.605, 0.00916653, -0.0149842, 1
3.606, 0.00915155, -0.0149681, 1
3.607, 0.00913659, -0.0149518, 1
3.608, 0.00912165, -0.0149354, 1
3.609, 0.00910672, -0.0149188, 1
3.61, 0.00909181, -0.0149021, 1
3.611, 0.00907692, -0.0148853, 1
3.612, 0.00906204, -0.0148683, 1
3.613, 0.00904718, -0.0148512, 1
3.614, 0.00903234, -0.0148339, 1
3.615, 0.00901751, -0.0148165, 1
3.616, 0.00900271, -0.014799, 1
3.617, 0.00898792, -0.0147813, 1
3.618, 0.00897314, -0.0147635, 1
3.619, 0.00895839, -0.0147455, 1
3.62, 0.00894365, -0.0147274, 1
3.621, 0.00892893, -0.0147092, 1
3.622, 0.00891423, -0.0146909, 1
3.623, 0.00889955, -0.0146724, 1
3.624, 0.00888489, -0.0146537, 1
3.625, 0.00887024, -0.014635, 1
3.626, 0.00885562, -0.0146161, 1
3.627, 0.00884101, -0.014597, 1
3.628, 0.00882643, -0.0145778, 1
3.629, 0.00881186, -0.0145585, 1
3.63, 0.00879731, -0.0145391, 1
3.631, 0.00878278, -0.0145195, 1
3.632, 0.00876827, -0.0144998, 1
3.633, 0.00875378, -0.0144799, 1
3.634, 0.00873931, -0.0144599, 1
3.635, 0.00872486, -0.0144398, 1
3.636, 0.00871043, -0.0144196, 1
3.637, 0.00869602, -0.0143992, 1
3.638, 0.00868163, -0.0143787, 1
3.639, 0.00866726, -0.014358, 1
3.64, 0.00865292, -0.0143372, 1
3.641, 0.00863859, -0.0143163, 1
3.642, 0.00862428, -0.0142953, 1
3.643, 0.00861, -0.0142741, 1
3.644, 0.00859574, -0.0142528, 1
3.645, 0.00858149, -0.0142313, 1
3.646, 0.00856727, -0.0142097, 1
3.647, 0.00855307, -0.014188, 1
3.648, 0.0085389, -0.0141662, 1
3.649, 0.00852474, -0.0141442, 1
3.65, 0.00851061, -0.0141221, 1
3.651, 0.0084965, -0.0140999, 1
3.652, 0.00848241, -0.0140776, 1
3.653, 0.00846834, -0.0140551, 1
3.654, 0.0084543, -0.0140325, 1
3.655, 0.00844028, -0.0140097, 1
3.656, 0.00842628, -0.0139869, 1
3.657, 0.0084123, -0.0139639, 1
3.658, 0.00839835, -0.0139407, 1
3.659, 0.00838442, -0.0139175, 1
3.66, 0.00837052, -0.0138941, 1
3.661, 0.00835663, -0.0138706, 1
3.662, 0.00834277, -0.013847, 1
3.663, 0.00832894, -0.0138232, 1
3.664, 0.00831513, -0.0137993, 1
3.665, 0.00830134, -0.0137753, 1
3.666, 0.00828758, -0.0137512, 1
3.667, 0.00827384, -0.0137269, 1
3.668, 0.00826012, -0.0137025, 1
3.669, 0.00824643, -0.013678, 1
3.67, 0.00823277, -0.0136534, 1
3.671, 0.00821913, -0.0136286, 1
3.672, 0.00820551, -0.0136037, 1
3.673, 0.00819192, -0.0135787, 1
3.674, 0.00817835, -0.0135536, 1
3.675, 0.00816481, -0.0135283, 1
3.676, 0.0081513, -0.0135029, 1
3.677, 0.00813781, -0.0134774, 1
3.678, 0.00812434, -0.0134518, 1
3.679, 0.0081109, -0.0134261, 1
3.68, 0.00809749, -0.0134002, 1
3.681, 0.0080841, -0.0133742, 1
3.682, 0.00807074, -0.0133481, 1
3.683, 0.00805741, -0.0133219, 1
3.684, 0.0080441, -0.0132956, 1
3.685, 0.00803082, -0.0132691, 1
3.686, 0.00801756, -0.0132425, 1
3.687, 0.00800433, -0.0132158, 1
3.688, 0.00799113, -0.013189, 1
3.689, 0.00797795, -0.013162, 1
3.69, 0.0079648, -0.013135, 1
3.691, 0.00795168, -0.0131078, 1
3.692, 0.00793859, -0.0130805, 1
3.693, 0.00792552, -0.0130531, 1
3.694, 0.00791248, -0.0130255, 1
3.695, 0.00789947, -0.0129979, 1
3.696, 0.00788649, -0.0129701, 1
3.697, 0.00787353, -0.0129423, 1
3.698, 0.0078606, -0.0129143, 1
3.699, 0.0078477, -0.0128861, 1
3.7, 0.00783483, -0.0128579, 1
3.701, 0.00782199, -0.0128296, 1
3.702, 0.00780917, -0.0128011, 1
3.703, 0.00779638, -0.0127726, 1
3.704, 0.00778363, -0.0127439, 1
3.705, 0.0077709, -0.0127151, 1
3.706, 0.0077582, -0.0126862, 1
3.707, 0.00774552, -0.0126571, 1
3.708, 0.00773288, -0.012628, 1
3.709, 0.00772027, -0.0125988, 1
3.71, 0.00770768, -0.0125694, 1
3.711, 0.00769513, -0.0125399, 1
3.712, 0.0076826, -0.0125103, 1
3.713, 0.00767011, -0.0124806, 1
3.714, 0.00765764, -0.0124508, 1
3.715, 0.00764521, -0.0124209, 1
3.716, 0.0076328, -0.0123909, 1
3.717, 0.00762043, -0.0123608, 1
3.718, 0.00760808, -0.0123305, 1
3.719, 0.00759576, -0.0123002, 1
3.72, 0.00758348, -0.0122697, 1
3.721, 0.00757123, -0.0122391, 1
3.722, 0.007559, -0.0122085, 1
3.723, 0.00754681, -0.0121777, 1
3.724, 0.00753465, -0.0121468, 1
3.725, 0.00752251, -0.0121158, 1
3.726, 0.00751041, -0.0120847, 1
3.727, 0.00749835, -0.0120535, 1
3.728, 0.00748631, -0.0120222, 1
3.729, 0.0074743, -0.0119907, 1
3.73, 0.00746233, -0.0119592, 1
3.731, 0.00745038, -0.0119276, 1
3.732, 0.00743847, -0.0118958, 1
3.733, 0.00742659, -0.011864, 1
3.734, 0.00741474, -0.0118321, 1
3.735, 0.00740293, -0.0118, 1
3.736, 0.00739114, -0.0117679, 1
3.737, 0.00737939, -0.0117356, 1
3.738, 0.00736767, -0.0117033, 1
3.739, 0.00735598, -0.0116708, 1
3.74, 0.00734433, -0.0116382, 1
3.741, 0.00733271, -0.0116056, 1
3.742, 0.00732112, -0.0115728, 1
3.743, 0.00730956, -0.01154, 1
3.744, 0.00729804, -0.011507, 1
3.745, 0.00728655, -0.011474, 1
3.746, 0.00727509, -0.0114408, 1
3.747, 0.00726367, -0.0114075, 1
3.748, 0.00725228, -0.0113742, 1
3.749, 0.00724092, -0.0113407, 1
3.75, 0.00722959, -0.0113072, 1
3.751, 0.0072183, -0.0112735, 1
3.752, 0.00720705, -0.0112398, 1
3.753, 0.00719582, -0.0112059, 1
3.754, 0.00718464, -0.011172, 1
3.755, 0.00717348, -0.011138, 1
3.756, 0.00716236, -0.0111038, 1
3.757, 0.00715127, -0.0110696, 1
3.758, 0.00714022, -0.0110353, 1
3.759, 0.0071292, -0.0110009, 1
3.76, 0.00711822, -0.0109663, 1
3.761, 0.00710727, -0.0109317, 1
3.762, 0.00709636, -0.010897, 1
3.763, 0.00708548, -0.0108623, 1
3.764, 0.00707463, -0.0108274, 1
3.765, 0.00706382, -0.0107924, 1
3.766, 0.00705305, -0.0107573, 1
3.767, 0.00704231, -0.0107222, 1
3.768, 0.0070316, -0.0106869, 1
3.769, 0.00702093, -0.0106516, 1
3.77, 0.0070103, -0.0106161, 1
3.771, 0.0069997, -0.0105806, 1
3.772, 0.00698914, -0.010545, 1
3.773, 0.00697861, -0.0105093, 1
3.774, 0.00696812, -0.0104735, 1
3.775, 0.00695766, -0.0104377, 1
3.776, 0.00694724, -0.0104017, 1
3.777, 0.00693686, -0.0103656, 1
3.778, 0.00692651, -0.0103295, 1
3.779, 0.0069162, -0.0102933, 1
3.78, 0.00690593, -0.010257, 1
3.781, 0.00689569, -0.0102206, 1
3.782, 0.00688549, -0.0101841, 1
3.783, 0.00687532, -0.0101475, 1
3.784, 0.00686519, -0.0101108, 1
3.785, 0.0068551, -0.0100741, 1
3.786, 0.00684504, -0.0100373, 1
3.787, 0.00683502, -0.0100004, 1
3.788, 0.00682504, -0.00996339, 1
3.789, 0.0068151, -0.00992631, 1
3.79, 0.00680519, -0.00988916, 1
3.791, 0.00679532, -0.00985192, 1
3.792, 0.00678548, -0.0098146, 1
3.793, 0.00677569, -0.0097772, 1
3.794, 0.00676593, -0.00973971, 1
3.795, 0.00675621, -0.00970215, 1
3.796, 0.00674653, -0.00966451, 1
3.797, 0.00673688, -0.00962679, 1
3.798, 0.00672727, -0.00958898, 1
3.799, 0.0067177, -0.0095511, 1
3.8, 0.00670817, -0.00951314, 1
3.801, 0.00669868, -0.00947511, 1
3.802, 0.00668922, -0.00943699, 1
3.803, 0.0066798, -0.0093988, 1
3.804, 0.00667042, -0.00936053, 1
3.805, 0.00666108, -0.00932218, 1
3.806, 0.00665178, -0.00928376, 1
3.807, 0.00664251, -0.00924526, 1
3.808, 0.00663329, -0.00920669, 1
3.809, 0.0066241, -0.00916804, 1
3.81, 0.00661495, -0.00912932, 1
3.811, 0.00660584, -0.00909052, 1
3.812, 0.00659677, -0.00905165, 1
3.813, 0.00658774, -0.00901271, 1
3.814, 0.00657875, -0.00897369, 1
3.815, 0.00656979, -0.0089346, 1
3.816, 0.00656088, -0.00889544, 1
3.817, 0.006552, -0.00885621, 1
3.818, 0.00654316, -0.00881691, 1
3.819, 0.00653437, -0.00877753, 1
3.82, 0.00652561, -0.00873809, 1
3.821, 0.00651689, -0.00869857, 1
3.822, 0.00650821, -0.00865899, 1
3.823, 0.00649957, -0.00861934, 1
3.824, 0.00649097, -0.00857962, 1
3.825, 0.00648241, -0.00853983, 1
3.826, 0.00647389, -0.00849997, 1
3.827, 0.00646541, -0.00846004, 1
3.828, 0.00645697, -0.00842005, 1
3.829, 0.00644857, -0.00837999, 1
3.83, 0.00644021, -0.00833987, 1
3.831, 0.00643189, -0.00829968, 1
3.832, 0.00642361, -0.00825942, 1
3.833, 0.00641537, -0.0082191, 1
3.834, 0.00640718, -0.00817871, 1
3.835, 0.00639902, -0.00813826, 1
3.836, 0.0063909, -0.00809775, 1
3.837, 0.00638282, -0.00805718, 1
3.838, 0.00637479, -0.00801654, 1
3.839, 0.00636679, -0.00797583, 1
3.84, 0.00635883, -0.00793507, 1
3.841, 0.00635092, -0.00789425, 1
3.842, 0.00634304, -0.00785336, 1
3.843, 0.00633521, -0.00781241, 1
3.844, 0.00632742, -0.00777141, 1
3.845, 0.00631967, -0.00773034, 1
3.846, 0.00631196, -0.00768921, 1
3.847, 0.00630429, -0.00764803, 1
3.848, 0.00629666, -0.00760678, 1
3.849, 0.00628908, -0.00756548, 1
3.85, 0.00628153, -0.00752412, 1
3.851, 0.00627403, -0.00748271, 1
3.852, 0.00626657, -0.00744123, 1
3.853, 0.00625915, -0.0073997, 1
3.854, 0.00625177, -0.00735812, 1
3.855, 0.00624443, -0.00731648, 1
3.856, 0.00623713, -0.00727478, 1
3.857, 0.00622988, -0.00723303, 1
3.858, 0.00622267, -0.00719122, 1
3.859, 0.0062155, -0.00714936, 1
3.86, 0.00620837, -0.00710745, 1
3.861, 0.00620128, -0.00706548, 1
3.862, 0.00619424, -0.00702347, 1
3.863, 0.00618724, -0.0069814, 1
3.864, 0.00618028, -0.00693927, 1
3.865, 0.00617336, -0.0068971, 1
3.866, 0.00616648, -0.00685488, 1
3.867, 0.00615965, -0.0068126, 1
3.868, 0.00615286, -0.00677028, 1
3.869, 0.00614611, -0.0067279, 1
3.87, 0.0061394, -0.00668548, 1
3.871, 0.00613274, -0.00664301, 1
3.872, 0.00612612, -0.00660049, 1
3.873, 0.00611954, -0.00655792, 1
3.874, 0.006113, -0.00651531, 1
3.875, 0.00610651, -0.00647265, 1
3.876, 0.00610005, -0.00642994, 1
3.877, 0.00609365, -0.00638719, 1
3.878, 0.00608728, -0.00634439, 1
3.879, 0.00608096, -0.00630154, 1
3.88, 0.00607468, -0.00625865, 1
3.881, 0.00606844, -0.00621572, 1
3.882, 0.00606225, -0.00617274, 1
3.883, 0.00605609, -0.00612972, 1
3.884, 0.00604999, -0.00608666, 1
3.885, 0.00604392, -0.00604355, 1
3.886, 0.0060379, -0.00600041, 1
3.887, 0.00603192, -0.00595722, 1
3.888, 0.00602598, -0.00591399, 1
3.889, 0.00602009, -0.00587071, 1
3.89, 0.00601424, -0.0058274, 1
3.891, 0.00600844, -0.00578405, 1
3.892, 0.00600267, -0.00574066, 1
3.893, 0.00599696, -0.00569723, 1
3.894, 0.00599128, -0.00565376, 1
3.895, 0.00598565, -0.00561026, 1
3.896, 0.00598006, -0.00556671, 1
3.897, 0.00597451, -0.00552313, 1
3.898, 0.00596901, -0.00547951, 1
3.899, 0.00596356, -0.00543586, 1
3.9, 0.00595814, -0.00539217, 1
3.901, 0.00595277, -0.00534844, 1
3.902, 0.00594744, -0.00530468, 1
3.903, 0.00594216, -0.00526089, 1
3.904, 0.00593692, -0.00521706, 1
3.905, 0.00593173, -0.0051732, 1
3.906, 0.00592658, -0.0051293, 1
3.907, 0.00592147, -0.00508537, 1
3.908, 0.00591641, -0.00504141, 1
3.909, 0.00591139, -0.00499742, 1
3.91, 0.00590641, -0.00495339, 1
3.911, 0.00590148, -0.00490934, 1
3.912, 0.00589659, -0.00486525, 1
3.913, 0.00589175, -0.00482114, 1
3.914, 0.00588695, -0.00477699, 1
3.915, 0.0058822, -0.00473282, 1
3.916, 0.00587748, -0.00468861, 1
3.917, 0.00587282, -0.00464438, 1
3.918, 0.0058682, -0.00460012, 1
3.919, 0.00586362, -0.00455584, 1
3.92, 0.00585908, -0.00451152, 1
3.921, 0.00585459, -0.00446718, 1
3.922, 0.00585015, -0.00442281, 1
3.923, 0.00584575, -0.00437842, 1
3.924, 0.00584139, -0.004334, 1
3.925, 0.00583708, -0.00428956, 1
3.926, 0.00583281, -0.0042451, 1
3.927, 0.00582859, -0.00420061, 1
3.928, 0.00582441, -0.00415609, 1
3.929, 0.00582028, -0.00411156, 1
3.93, 0.00581619, -0.004067, 1
3.931, 0.00581214, -0.00402241, 1
3.932, 0.00580814, -0.00397781, 1
3.933, 0.00580419, -0.00393319, 1
3.934, 0.00580028, -0.00388854, 1
3.935, 0.00579641, -0.00384388, 1
3.936, 0.00579259, -0.00379919, 1
3.937, 0.00578881, -0.00375449, 1
3.938, 0.00578508, -0.00370977, 1
3.939, 0.00578139, -0.00366502, 1
3.94, 0.00577775, -0.00362026, 1
3.941, 0.00577415, -0.00357549, 1
3.942, 0.0057706, -0.00353069, 1
3.943, 0.00576709, -0.00348588, 1
3.944, 0.00576363, -0.00344105, 1
3.945, 0.00576021, -0.00339621, 1
3.946, 0.00575684, -0.00335135, 1
3.947, 0.00575351, -0.00330648, 1
3.948, 0.00575022, -0.00326159, 1
3.949, 0.00574698, -0.00321669, 1
3.95, 0.00574379, -0.00317177, 1
3.951, 0.00574064, -0.00312684, 1
3.952, 0.00573754, -0.0030819, 1
3.953, 0.00573448, -0.00303695, 1
3.954, 0.00573146, -0.00299198, 1
3.955, 0.00572849, -0.002947, 1
3.956, 0.00572557, -0.00290202, 1
3.957, 0.00572269, -0.00285702, 1
3.958, 0.00571985, -0.00281201, 1
3.959, 0.00571707, -0.00276699, 1
3.96, 0.00571432, -0.00272196, 1
3.961, 0.00571162, -0.00267693, 1
3.962, 0.00570897, -0.00263188, 1
3.963, 0.00570636, -0.00258683, 1
3.964, 0.00570379, -0.00254177, 1
3.965, 0.00570127, -0.00249671, 1
3.966, 0.0056988, -0.00245163, 1
3.967, 0.00569637, -0.00240656, 1
3.968, 0.00569399, -0.00236147, 1
3.969, 0.00569165, -0.00231638, 1
3.97, 0.00568935, -0.00227129, 1
3.971, 0.00568711, -0.00222619, 1
3.972, 0.0056849, -0.00218109, 1
3.973, 0.00568274, -0.00213598, 1
3.974, 0.00568063, -0.00209087, 1
3.975, 0.00567856, -0.00204576, 1
3.976, 0.00567654, -0.00200065, 1
3.977, 0.00567456, -0.00195554, 1
3.978, 0.00567263, -0.00191042, 1
3.979, 0.00567074, -0.0018653, 1
3.98, 0.0056689, -0.00182019, 1
3.981, 0.0056671, -0.00177507, 1
3.982, 0.00566535, -0.00172995, 1
3.983, 0.00566364, -0.00168484, 1
3.984, 0.00566198, -0.00163973, 1
3.985, 0.00566036, -0.00159462, 1
3.986, 0.00565879, -0.00154951, 1
3.987, 0.00565726, -0.0015044, 1
3.988, 0.00565578, -0.0014593, 1
3.989, 0.00565434, -0.0014142, 1
3.99, 0.00565295, -0.00136911, 1
3.991, 0.0056516, -0.00132401, 1
3.992, 0.0056503, -0.00127893, 1
3.993, 0.00564905, -0.00123385, 1
3.994, 0.00564783, -0.00118878, 1
3.995, 0.00564667, -0.00114371, 1
3.996, 0.00564555, -0.00109865, 1
3.997, 0.00564447, -0.0010536, 1
3.998, 0.00564344, -0.00100855, 1
3.999, 0.00564245, -0.000963513, 1
4, 0.00564151, -0.000918484, 1
4.001, 0.00564062, -0.000873464, 1
4.002, 0.00563977, -0.000828453, 1
4.003, 0.00563896, -0.000783453, 1
4.004, 0.0056382, -0.000738463, 1
4.005, 0.00563748, -0.000693483, 1
4.006, 0.00563681, -0.000648515, 1
4.007, 0.00563619, -0.000603558, 1
4.008, 0.0056356, -0.000558613, 1
4.009, 0.00563507, -0.000513681, 1
4.01, 0.00563458, -0.000468762, 1
4.011, 0.00563413, -0.000423856, 1
4.012, 0.00563373, -0.000378964, 1
4.013, 0.00563337, -0.000334086, 1
4.014, 0.00563306, -0.000289223, 1
4.015, 0.00563279, -0.000244375, 1
4.016, 0.00563257, -0.000199543, 1
4.017, 0.0056324, -0.000154726, 1
4.018, 0.00563226, -0.000109926, 1
4.019, 0.00563218, -6.51429e-05, 1
4.02, 0.00563213, -2.03769e-05, 1
4.021, 0.00563213, 2.43714e-05, 1
4.022, 0.00563218, 6.91015e-05, 1
4.023, 0.00563227, 0.000113813, 1
4.024, 0.00563241, 0.000158506, 1
4.025, 0.00563259, 0.000203179, 1
4.026, 0.00563282, 0.000247832, 1
4.027, 0.00563309, 0.000292465, 1
4.028, 0.0056334, 0.000337078, 1
4.029, 0.00563376, 0.000381669, 1
4.03, 0.00563416, 0.000426238, 1
4.031, 0.00563461, 0.000470786, 1
4.032, 0.00563511, 0.000515311, 1
4.033, 0.00563564, 0.000559813, 1
4.034, 0.00563623, 0.000604292, 1
4.035, 0.00563685, 0.000648748, 1
4.036, 0.00563752, 0.000693179, 1
4.037, 0.00563824, 0.000737585, 1
4.038, 0.005639, 0.000781967, 1
4.039, 0.0056398, 0.000826323, 1
4.04, 0.00564065, 0.000870653, 1
4.041, 0.00564154, 0.000914957, 1
4.042, 0.00564248, 0.000959235, 1
4.043, 0.00564346, 0.00100348, 1
4.044, 0.00564449, 0.00104771, 1
4.045, 0.00564556, 0.0010919, 1
4.046, 0.00564667, 0.00113607, 1
4.047, 0.00564783, 0.00118021, 1
4.048, 0.00564903, 0.00122431, 1
4.049, 0.00565028, 0.00126839, 1
4.05, 0.00565157, 0.00131244, 1
4.051, 0.0056529, 0.00135646, 1
4.052, 0.00565428, 0.00140045, 1
4.053, 0.0056557, 0.0014444, 1
4.054, 0.00565717, 0.00148833, 1
4.055, 0.00565868, 0.00153222, 1
4.056, 0.00566023, 0.00157608, 1
4.057, 0.00566183, 0.00161991, 1
4.058, 0.00566347, 0.0016637, 1
4.059, 0.00566516, 0.00170746, 1
4.06, 0.00566689, 0.00175118, 1
4.061, 0.00566866, 0.00179487, 1
4.062, 0.00567048, 0.00183853, 1
4.063, 0.00567234, 0.00188215, 1
4.064, 0.00567424, 0.00192573, 1
4.065, 0.00567619, 0.00196928, 1
4.066, 0.00567818, 0.00201279, 1
4.067, 0.00568022, 0.00205626, 1
4.068, 0.00568229, 0.0020997, 1
4.069, 0.00568442, 0.0021431, 1
4.07, 0.00568658, 0.00218646, 1
4.071, 0.00568879, 0.00222978, 1
4.072, 0.00569104, 0.00227306, 1
4.073, 0.00569333, 0.0023163, 1
4.074, 0.00569567, 0.0023595, 1
4.075, 0.00569805, 0.00240266, 1
4.076, 0.00570048, 0.00244579, 1
4.077, 0.00570295, 0.00248887, 1
4.078, 0.00570546, 0.0025319, 1
4.079, 0.00570801, 0.0025749, 1
4.08, 0.00571061, 0.00261785, 1
4.081, 0.00571324, 0.00266076, 1
4.082, 0.00571593, 0.00270363, 1
4.083, 0.00571865, 0.00274645, 1
4.084, 0.00572142, 0.00278923, 1
4.085, 0.00572423, 0.00283197, 1
4.086, 0.00572708, 0.00287466, 1
4.087, 0.00572998, 0.0029173, 1
4.088, 0.00573292, 0.0029599, 1
4.089, 0.0057359, 0.00300246, 1
4.09, 0.00573892, 0.00304496, 1
4.091, 0.00574199, 0.00308742, 1
4.092, 0.0057451, 0.00312984, 1
4.093, 0.00574825, 0.0031722, 1
4.094, 0.00575144, 0.00321452, 1
4.095, 0.00575468, 0.00325679, 1
4.096, 0.00575796, 0.00329901, 1
4.097, 0.00576128, 0.00334118, 1
4.098, 0.00576464, 0.0033833, 1
4.099, 0.00576804, 0.00342537, 1
4.1, 0.00577149, 0.00346739, 1
4.101, 0.00577498, 0.00350936, 1
4.102, 0.00577851, 0.00355128, 1
4.103, 0.00578208, 0.00359314, 1
4.104, 0.00578569, 0.00363496, 1
4.105, 0.00578935, 0.00367672, 1
4.106, 0.00579305, 0.00371843, 1
4.107, 0.00579679, 0.00376009, 1
4.108, 0.00580057, 0.00380169, 1
4.109, 0.00580439, 0.00384324, 1
4.11, 0.00580825, 0.00388473, 1
4.111, 0.00581216, 0.00392617, 1
4.112, 0.00581611, 0.00396756, 1
4.113, 0.00582009, 0.00400889, 1
4.114, 0.00582412, 0.00405016, 1
4.115, 0.00582819, 0.00409138, 1
4.116, 0.00583231, 0.00413254, 1
4.117, 0.00583646, 0.00417365, 1
4.118, 0.00584065, 0.00421469, 1
4.119, 0.00584489, 0.00425568, 1
4.12, 0.00584917, 0.00429661, 1
4.121, 0.00585348, 0.00433748, 1
4.122, 0.00585784, 0.0043783, 1
4.123, 0.00586224, 0.00441905, 1
4.124, 0.00586668, 0.00445974, 1
4.125, 0.00587116, 0.00450038, 1
4.126, 0.00587568, 0.00454095, 1
4.127, 0.00588024, 0.00458147, 1
4.128, 0.00588484, 0.00462192, 1
4.129, 0.00588948, 0.00466231, 1
4.13, 0.00589417, 0.00470264, 1
4.131, 0.00589889, 0.0047429, 1
4.132, 0.00590365, 0.00478311, 1
4.133, 0.00590846, 0.00482325, 1
4.134, 0.0059133, 0.00486332, 1
4.135, 0.00591818, 0.00490334, 1
4.136, 0.00592311, 0.00494329, 1
4.137, 0.00592807, 0.00498317, 1
4.138, 0.00593307, 0.00502299, 1
4.139, 0.00593811, 0.00506275, 1
4.14, 0.0059432, 0.00510244, 1
4.141, 0.00594832, 0.00514206, 1
4.142, 0.00595348, 0.00518162, 1
4.143, 0.00595868, 0.00522111, 1
4.144, 0.00596392, 0.00526053, 1
4.145, 0.0059692, 0.00529989, 1
4.146, 0.00597452, 0.00533918, 1
4.147, 0.00597988, 0.0053784, 1
4.148, 0.00598528, 0.00541755, 1
4.149, 0.00599072, 0.00545663, 1
4.15, 0.00599619, 0.00549565, 1
4.151, 0.00600171, 0.00553459, 1
4.152, 0.00600726, 0.00557347, 1
4.153, 0.00601286, 0.00561227, 1
4.154, 0.00601849, 0.00565101, 1
4.155, 0.00602416, 0.00568967, 1
4.156, 0.00602987, 0.00572826, 1
4.157, 0.00603561, 0.00576678, 1
4.158, 0.0060414, 0.00580523, 1
4.159, 0.00604722, 0.0058436, 1
4.16, 0.00605309, 0.00588191, 1
4.161, 0.00605899, 0.00592014, 1
4.162, 0.00606493, 0.0059583, 1
4.163, 0.0060709, 0.00599638, 1
4.164, 0.00607692, 0.00603439, 1
4.165, 0.00608297, 0.00607232, 1
4.166, 0.00608906, 0.00611018, 1
4.167, 0.00609519, 0.00614797, 1
4.168, 0.00610136, 0.00618568, 1
4.169, 0.00610757, 0.00622331, 1
4.17, 0.00611381, 0.00626087, 1
4.171, 0.00612009, 0.00629835, 1
4.172, 0.0061264, 0.00633575, 1
4.173, 0.00613276, 0.00637308, 1
4.174, 0.00613915, 0.00641033, 1
4.175, 0.00614558, 0.0064475, 1
4.176, 0.00615205, 0.0064846, 1
4.177, 0.00615855, 0.00652161, 1
4.178, 0.00616509, 0.00655855, 1
4.179, 0.00617167, 0.00659541, 1
4.18, 0.00617828, 0.00663219, 1
4.181, 0.00618493, 0.00666889, 1
4.182, 0.00619162, 0.0067055, 1
4.183, 0.00619834, 0.00674204, 1
4.184, 0.0062051, 0.0067785, 1
4.185, 0.0062119, 0.00681488, 1
4.186, 0.00621873, 0.00685117, 1
4.187, 0.0062256, 0.00688738, 1
4.188, 0.00623251, 0.00692352, 1
4.189, 0.00623945, 0.00695956, 1
4.19, 0.00624642, 0.00699553, 1
4.191, 0.00625344, 0.00703141, 1
4.192, 0.00626049, 0.00706721, 1
4.193, 0.00626757, 0.00710293, 1
4.194, 0.00627469, 0.00713856, 1
4.195, 0.00628185, 0.00717411, 1
4.196, 0.00628904, 0.00720957, 1
4.197, 0.00629627, 0.00724495, 1
4.198, 0.00630353, 0.00728025, 1
4.199, 0.00631083, 0.00731545, 1
4.2, 0.00631816, 0.00735058, 1
4.201, 0.00632553, 0.00738561, 1
4.202, 0.00633293, 0.00742056, 1
4.203, 0.00634037, 0.00745542, 1
4.204, 0.00634784, 0.0074902, 1
4.205, 0.00635535, 0.00752489, 1
4.206, 0.00636289, 0.00755949, 1
4.207, 0.00637047, 0.007594, 1
4.208, 0.00637808, 0.00762843, 1
4.209, 0.00638573, 0.00766276, 1
4.21, 0.00639341, 0.00769701, 1
4.211, 0.00640112, 0.00773117, 1
4.212, 0.00640887, 0.00776523, 1
4.213, 0.00641665, 0.00779921, 1
4.214, 0.00642447, 0.0078331, 1
4.215, 0.00643232, 0.0078669, 1
4.216, 0.0064402, 0.00790061, 1
4.217, 0.00644812, 0.00793422, 1
4.218, 0.00645607, 0.00796775, 1
4.219, 0.00646405, 0.00800118, 1
4.22, 0.00647207, 0.00803452, 1
4.221, 0.00648012, 0.00806777, 1
4.222, 0.00648821, 0.00810093, 1
4.223, 0.00649633, 0.00813399, 1
4.224, 0.00650448, 0.00816696, 1
4.225, 0.00651266, 0.00819984, 1
4.226, 0.00652088, 0.00823263, 1
4.227, 0.00652912, 0.00826532, 1
4.228, 0.00653741, 0.00829791, 1
4.229, 0.00654572, 0.00833042, 1
4.23, 0.00655407, 0.00836282, 1
4.231, 0.00656245, 0.00839514, 1
4.232, 0.00657086, 0.00842735, 1
4.233, 0.0065793, 0.00845947, 1
4.234, 0.00658778, 0.0084915, 1
4.235, 0.00659628, 0.00852343, 1
4.236, 0.00660482, 0.00855526, 1
4.237, 0.00661339, 0.008587, 1
4.238, 0.006622, 0.00861864, 1
4.239, 0.00663063, 0.00865018, 1
4.24, 0.0066393, 0.00868163, 1
4.241, 0.00664799, 0.00871297, 1
4.242, 0.00665672, 0.00874422, 1
4.243, 0.00666548, 0.00877538, 1
4.244, 0.00667427, 0.00880643, 1
4.245, 0.0066831, 0.00883738, 1
4.246, 0.00669195, 0.00886824, 1
4.247, 0.00670083, 0.00889899, 1
4.248, 0.00670975, 0.00892965, 1
4.249, 0.00671869, 0.0089602, 1
4.25, 0.00672767, 0.00899066, 1
4.251, 0.00673667, 0.00902102, 1
4.252, 0.00674571, 0.00905127, 1
4.253, 0.00675478, 0.00908142, 1
4.254, 0.00676387, 0.00911148, 1
4.255, 0.006773, 0.00914143, 1
4.256, 0.00678215, 0.00917128, 1
4.257, 0.00679134, 0.00920103, 1
4.258, 0.00680056, 0.00923067, 1
4.259, 0.0068098, 0.00926022, 1
4.26, 0.00681908, 0.00928966, 1
4.261, 0.00682838, 0.009319, 1
4.262, 0.00683771, 0.00934823, 1
4.263, 0.00684708, 0.00937736, 1
4.264, 0.00685647, 0.00940639, 1
4.265, 0.00686589, 0.00943531, 1
4.266, 0.00687534, 0.00946413, 1
4.267, 0.00688482, 0.00949285, 1
4.268, 0.00689433, 0.00952146, 1
4.269, 0.00690386, 0.00954997, 1
4.27, 0.00691343, 0.00957837, 1
4.271, 0.00692302, 0.00960666, 1
4.272, 0.00693264, 0.00963485, 1
4.273, 0.00694229, 0.00966294, 1
4.274, 0.00695196, 0.00969092, 1
4.275, 0.00696167, 0.00971879, 1
4.276, 0.0069714, 0.00974656, 1
4.277, 0.00698116, 0.00977421, 1
4.278, 0.00699095, 0.00980177, 1
4.279, 0.00700077, 0.00982921, 1
4.28, 0.00701061, 0.00985655, 1
4.281, 0.00702048, 0.00988378, 1
4.282, 0.00703038, 0.0099109, 1
4.283, 0.0070403, 0.00993792, 1
4.284, 0.00705025, 0.00996482, 1
4.285, 0.00706023, 0.00999162, 1
4.286, 0.00707024, 0.0100183, 1
4.287, 0.00708027, 0.0100449, 1
4.288, 0.00709033, 0.0100714, 1
4.289, 0.00710041, 0.0100977, 1
4.29, 0.00711052, 0.010124, 1
4.291, 0.00712066, 0.0101501, 1
4.292, 0.00713082, 0.0101761, 1
4.293, 0.00714101, 0.0102021, 1
4.294, 0.00715123, 0.0102279, 1
4.295, 0.00716147, 0.0102536, 1
4.296, 0.00717173, 0.0102792, 1
4.297, 0.00718202, 0.0103046, 1
4.298, 0.00719234, 0.01033, 1
4.299, 0.00720268, 0.0103553, 1
4.3, 0.00721305, 0.0103804, 1
4.301, 0.00722344, 0.0104054, 1
4.302, 0.00723386, 0.0104304, 1
4.303, 0.00724431, 0.0104552, 1
4.304, 0.00725477, 0.0104799, 1
4.305, 0.00726527, 0.0105045, 1
4.306, 0.00727578, 0.0105289, 1
4.307, 0.00728632, 0.0105533, 1
4.308, 0.00729689, 0.0105775, 1
4.309, 0.00730748, 0.0106017, 1
4.31, 0.00731809, 0.0106257, 1
4.311, 0.00732873, 0.0106496, 1
4.312, 0.00733939, 0.0106734, 1
4.313, 0.00735008, 0.010697, 1
4.314, 0.00736079, 0.0107206, 1
4.315, 0.00737152, 0.010744, 1
4.316, 0.00738227, 0.0107674, 1
4.317, 0.00739305, 0.0107906, 1
4.318, 0.00740385, 0.0108137, 1
4.319, 0.00741468, 0.0108367, 1
4.32, 0.00742553, 0.0108595, 1
4.321, 0.0074364, 0.0108823, 1
4.322, 0.00744729, 0.0109049, 1
4.323, 0.00745821, 0.0109275, 1
4.324, 0.00746915, 0.0109499, 1
4.325, 0.00748011, 0.0109722, 1
4.326, 0.00749109, 0.0109943, 1
4.327, 0.0075021, 0.0110164, 1
4.328, 0.00751312, 0.0110383, 1
4.329, 0.00752417, 0.0110602, 1
4.33, 0.00753524, 0.0110819, 1
4.331, 0.00754634, 0.0111034, 1
4.332, 0.00755745, 0.0111249, 1
4.333, 0.00756859, 0.0111463, 1
4.334, 0.00757974, 0.0111675, 1
4.335, 0.00759092, 0.0111886, 1
4.336, 0.00760212, 0.0112096, 1
4.337, 0.00761334, 0.0112305, 1
4.338, 0.00762458, 0.0112513, 1
4.339, 0.00763584, 0.0112719, 1
4.34, 0.00764713, 0.0112924, 1
4.341, 0.00765843, 0.0113128, 1
4.342, 0.00766975, 0.0113331, 1
4.343, 0.00768109, 0.0113533, 1
4.344, 0.00769246, 0.0113733, 1
4.345, 0.00770384, 0.0113933, 1
4.346, 0.00771524, 0.0114131, 1
4.347, 0.00772667, 0.0114328, 1
4.348, 0.00773811, 0.0114523, 1
4.349, 0.00774957, 0.0114718, 1
4.35, 0.00776105, 0.0114911, 1
4.351, 0.00777255, 0.0115103, 1
4.352, 0.00778407, 0.0115294, 1
4.353, 0.00779561, 0.0115484, 1
4.354, 0.00780717, 0.0115672, 1
4.355, 0.00781875, 0.011586, 1
4.356, 0.00783034, 0.0116046, 1
4.357, 0.00784196, 0.011623, 1
4.358, 0.00785359, 0.0116414, 1
4.359, 0.00786524, 0.0116596, 1
4.36, 0.00787691, 0.0116778, 1
4.361, 0.00788859, 0.0116958, 1
4.362, 0.0079003, 0.0117136, 1
4.363, 0.00791202, 0.0117314, 1
4.364, 0.00792376, 0.011749, 1
4.365, 0.00793552, 0.0117665, 1
4.366, 0.0079473, 0.0117839, 1
4.367, 0.00795909, 0.0118012, 1
4.368, 0.0079709, 0.0118183, 1
4.369, 0.00798272, 0.0118353, 1
4.37, 0.00799457, 0.0118522, 1
4.371, 0.00800643, 0.011869, 1
4.372, 0.00801831, 0.0118856, 1
4.373, 0.0080302, 0.0119022, 1
4.374, 0.00804211, 0.0119186, 1
4.375, 0.00805404, 0.0119348, 1
4.376, 0.00806598, 0.011951, 1
4.377, 0.00807794, 0.011967, 1
4.378, 0.00808991, 0.0119829, 1
4.379, 0.0081019, 0.0119987, 1
4.38, 0.00811391, 0.0120144, 1
4.381, 0.00812593, 0.0120299, 1
4.382, 0.00813797, 0.0120453, 1
4.383, 0.00815002, 0.0120606, 1
4.384, 0.00816209, 0.0120758, 1
4.385, 0.00817418, 0.0120908, 1
4.386, 0.00818627, 0.0121057, 1
4.387, 0.00819839, 0.0121205, 1
4.388, 0.00821051, 0.0121352, 1
4.389, 0.00822266, 0.0121497, 1
4.39, 0.00823481, 0.0121641, 1
4.391, 0.00824699, 0.0121784, 1
4.392, 0.00825917, 0.0121926, 1
4.393, 0.00827137, 0.0122066, 1
4.394, 0.00828358, 0.0122205, 1
4.395, 0.00829581, 0.0122343, 1
4.396, 0.00830805, 0.012248, 1
4.397, 0.00832031, 0.0122615, 1
4.398, 0.00833258, 0.0122749, 1
4.399, 0.00834486, 0.0122882, 1
4.4, 0.00835715, 0.0123014, 1
4.401, 0.00836946, 0.0123144, 1
4.402, 0.00838178, 0.0123273, 1
4.403, 0.00839411, 0.0123401, 1
4.404, 0.00840646, 0.0123528, 1
4.405, 0.00841882, 0.0123653, 1
4.406, 0.00843119, 0.0123777, 1
4.407, 0.00844358, 0.01239, 1
4.408, 0.00845597, 0.0124021, 1
4.409, 0.00846838, 0.0124142, 1
4.41, 0.0084808, 0.012426, 1
4.411, 0.00849323, 0.0124378, 1
4.412, 0.00850568, 0.0124495, 1
4.413, 0.00851813, 0.012461, 1
4.414, 0.0085306, 0.0124724, 1
4.415, 0.00854308, 0.0124836, 1
4.416, 0.00855556, 0.0124948, 1
4.417, 0.00856807, 0.0125058, 1
4.418, 0.00858058, 0.0125167, 1
4.419, 0.0085931, 0.0125274, 1
4.42, 0.00860563, 0.012538, 1
4.421, 0.00861817, 0.0125485, 1
4.422, 0.00863073, 0.0125589, 1
4.423, 0.00864329, 0.0125692, 1
4.424, 0.00865587, 0.0125793, 1
4.425, 0.00866845, 0.0125893, 1
4.426, 0.00868104, 0.0125991, 1
4.427, 0.00869365, 0.0126089, 1
4.428, 0.00870626, 0.0126185, 1
4.429, 0.00871889, 0.012628, 1
4.43, 0.00873152, 0.0126373, 1
4.431, 0.00874416, 0.0126465, 1
4.432, 0.00875681, 0.0126556, 1
4.433, 0.00876947, 0.0126646, 1
4.434, 0.00878214, 0.0126735, 1
4.435, 0.00879482, 0.0126822, 1
4.436, 0.00880751, 0.0126908, 1
4.437, 0.0088202, 0.0126992, 1
4.438, 0.0088329, 0.0127076, 1
4.439, 0.00884562, 0.0127158, 1
4.44, 0.00885833, 0.0127238, 1
4.441, 0.00887106, 0.0127318, 1
4.442, 0.0088838, 0.0127396, 1
4.443, 0.00889654, 0.0127473, 1
4.444, 0.00890929, 0.0127549, 1
4.445, 0.00892205, 0.0127623, 1
4.446, 0.00893482, 0.0127696, 1
4.447, 0.00894759, 0.0127768, 1
4.448, 0.00896037, 0.0127838, 1
4.449, 0.00897316, 0.0127907, 1
4.45, 0.00898595, 0.0127975, 1
4.451, 0.00899875, 0.0128042, 1
4.452, 0.00901156, 0.0128107, 1
4.453, 0.00902437, 0.0128172, 1
4.454, 0.0090372, 0.0128234, 1
4.455, 0.00905002, 0.0128296, 1
4.456, 0.00906285, 0.0128356, 1
4.457, 0.00907569, 0.0128415, 1
4.458, 0.00908854, 0.0128473, 1
4.459, 0.00910139, 0.0128529, 1
4.46, 0.00911424, 0.0128584, 1
4.461, 0.0091271, 0.0128638, 1
4.462, 0.00913997, 0.0128691, 1
4.463, 0.00915284, 0.0128742, 1
4.464, 0.00916572, 0.0128792, 1
4.465, 0.0091786, 0.0128841, 1
4.466, 0.00919149, 0.0128888, 1
4.467, 0.00920438, 0.0128934, 1
4.468, 0.00921727, 0.0128979, 1
4.469, 0.00923017, 0.0129023, 1
4.47, 0.00924308, 0.0129065, 1
4.471, 0.00925599, 0.0129106, 1
4.472, 0.0092689, 0.0129146, 1
4.473, 0.00928182, 0.0129184, 1
4.474, 0.00929474, 0.0129221, 1
4.475, 0.00930766, 0.0129257, 1
4.476, 0.00932059, 0.0129292, 1
4.477, 0.00933352, 0.0129325, 1
4.478, 0.00934645, 0.0129357, 1
4.479, 0.00935939, 0.0129388, 1
4.48, 0.00937233, 0.0129417, 1
4.481, 0.00938527, 0.0129445, 1
4.482, 0.00939822, 0.0129472, 1
4.483, 0.00941117, 0.0129498, 1
4.484, 0.00942412, 0.0129522, 1
4.485, 0.00943707, 0.0129545, 1
4.486, 0.00945003, 0.0129567, 1
4.487, 0.00946299, 0.0129587, 1
4.488, 0.00947594, 0.0129607, 1
4.489, 0.00948891, 0.0129625, 1
4.49, 0.00950187, 0.0129641, 1
4.491, 0.00951483, 0.0129657, 1
4.492, 0.0095278, 0.0129671, 1
4.493, 0.00954077, 0.0129684, 1
4.494, 0.00955374, 0.0129695, 1
4.495, 0.00956671, 0.0129705, 1
4.496, 0.00957968, 0.0129714, 1
4.497, 0.00959265, 0.0129722, 1
4.498, 0.00960562, 0.0129729, 1
4.499, 0.0096186, 0.0129734, 1
4.5, 0.00963157, 0.0129738, 1
4.501, 0.00964454, 0.012974, 1
4.502, 0.00965752, 0.0129742, 1
4.503, 0.00967049, 0.0129742, 1
4.504, 0.00968347, 0.0129741, 1
4.505, 0.00969644, 0.0129738, 1
4.506, 0.00970941, 0.0129734, 1
4.507, 0.00972239, 0.0129729, 1
4.508, 0.00973536, 0.0129723, 1
4.509, 0.00974833, 0.0129716, 1
4.51, 0.0097613, 0.0129707, 1
4.511, 0.00977427, 0.0129697, 1
4.512, 0.00978724, 0.0129685, 1
4.513, 0.00980021, 0.0129673, 1
4.514, 0.00981318, 0.0129659, 1
4.515, 0.00982614, 0.0129644, 1
4.516, 0.00983911, 0.0129627, 1
4.517, 0.00985207, 0.012961, 1
4.518, 0.00986503, 0.0129591, 1
4.519, 0.00987799, 0.012957, 1
4.52, 0.00989094, 0.0129549, 1
4.521, 0.00990389, 0.0129526, 1
4.522, 0.00991685, 0.0129502, 1
4.523, 0.0099298, 0.0129477, 1
4.524, 0.00994274, 0.012945, 1
4.525, 0.00995569, 0.0129423, 1
4.526, 0.00996863, 0.0129394, 1
4.527, 0.00998156, 0.0129363, 1
4.528, 0.0099945, 0.0129332, 1
4.529, 0.0100074, 0.0129299, 1
4.53, 0.0100204, 0.0129265, 1
4.531, 0.0100333, 0.012923, 1
4.532, 0.0100462, 0.0129193, 1
4.533, 0.0100591, 0.0129155, 1
4.534, 0.010072, 0.0129116, 1
4.535, 0.0100849, 0.0129076, 1
4.536, 0.0100979, 0.0129034, 1
4.537, 0.0101108, 0.0128991, 1
4.538, 0.0101236, 0.0128947, 1
4.539, 0.0101365, 0.0128902, 1
4.54, 0.0101494, 0.0128855, 1
4.541, 0.0101623, 0.0128808, 1
4.542, 0.0101752, 0.0128759, 1
4.543, 0.0101881, 0.0128708, 1
4.544, 0.0102009, 0.0128657, 1
4.545, 0.0102138, 0.0128604, 1
4.546, 0.0102267, 0.012855, 1
4.547, 0.0102395, 0.0128495, 1
4.548, 0.0102524, 0.0128438, 1
4.549, 0.0102652, 0.012838, 1
4.55, 0.010278, 0.0128322, 1
4.551, 0.0102909, 0.0128261, 1
4.552, 0.0103037, 0.01282, 1
4.553, 0.0103165, 0.0128137, 1
4.554, 0.0103293, 0.0128073, 1
4.555, 0.0103421, 0.0128008, 1
4.556, 0.0103549, 0.0127942, 1
4.557, 0.0103677, 0.0127874, 1
4.558, 0.0103805, 0.0127805, 1
4.559, 0.0103933, 0.0127735, 1
4.56, 0.010406, 0.0127664, 1
4.561, 0.0104188, 0.0127592, 1
4.562, 0.0104315, 0.0127518, 1
4.563, 0.0104443, 0.0127443, 1
4.564, 0.010457, 0.0127367, 1
4.565, 0.0104698, 0.0127289, 1
4.566, 0.0104825, 0.0127211, 1
4.567, 0.0104952, 0.0127131, 1
4.568, 0.0105079, 0.012705, 1
4.569, 0.0105206, 0.0126968, 1
4.57, 0.0105333, 0.0126884, 1
4.571, 0.010546, 0.01268, 1
4.572, 0.0105587, 0.0126714, 1
4.573, 0.0105713, 0.0126627, 1
4.574, 0.010584, 0.0126538, 1
4.575, 0.0105966, 0.0126449, 1
4.576, 0.0106093, 0.0126358, 1
4.577, 0.0106219, 0.0126266, 1
4.578, 0.0106345, 0.0126173, 1
4.579, 0.0106472, 0.0126079, 1
4.58, 0.0106598, 0.0125983, 1
4.581, 0.0106724, 0.0125887, 1
4.582, 0.0106849, 0.0125789, 1
4.583, 0.0106975, 0.012569, 1
4.584, 0.0107101, 0.012559, 1
4.585, 0.0107226, 0.0125488, 1
4.586, 0.0107352, 0.0125385, 1
4.587, 0.0107477, 0.0125282, 1
4.588, 0.0107602, 0.0125177, 1
4.589, 0.0107727, 0.012507, 1
4.59, 0.0107852, 0.0124963, 1
4.591, 0.0107977, 0.0124854, 1
4.592, 0.0108102, 0.0124745, 1
4.593, 0.0108227, 0.0124634, 1
4.594, 0.0108351, 0.0124521, 1
4.595, 0.0108476, 0.0124408, 1
4.596, 0.01086, 0.0124294, 1
4.597, 0.0108724, 0.0124178, 1
4.598, 0.0108849, 0.0124061, 1
4.599, 0.0108973, 0.0123943, 1
4.6, 0.0109096, 0.0123824, 1
4.601, 0.010922, 0.0123704, 1
4.602, 0.0109344, 0.0123582, 1
4.603, 0.0109467, 0.012346, 1
4.604, 0.0109591, 0.0123336, 1
4.605, 0.0109714, 0.0123211, 1
4.606, 0.0109837, 0.0123085, 1
4.607, 0.010996, 0.0122957, 1
4.608, 0.0110083, 0.0122829, 1
4.609, 0.0110206, 0.0122699, 1
4.61, 0.0110329, 0.0122569, 1
4.611, 0.0110451, 0.0122437, 1
4.612, 0.0110573, 0.0122304, 1
4.613, 0.0110696, 0.0122169, 1
4.614, 0.0110818, 0.0122034, 1
4.615, 0.011094, 0.0121898, 1
4.616, 0.0111062, 0.012176, 1
4.617, 0.0111183, 0.0121621, 1
4.618, 0.0111305, 0.0121481, 1
4.619, 0.0111426, 0.012134, 1
4.62, 0.0111547, 0.0121198, 1
4.621, 0.0111669, 0.0121055, 1
4.622, 0.011179, 0.012091, 1
4.623, 0.011191, 0.0120765, 1
4.624, 0.0112031, 0.0120618, 1
4.625, 0.0112152, 0.012047, 1
4.626, 0.0112272, 0.0120321, 1
4.627, 0.0112392, 0.0120171, 1
4.628, 0.0112512, 0.012002, 1
4.629, 0.0112632, 0.0119868, 1
4.63, 0.0112752, 0.0119714, 1
4.631, 0.0112872, 0.011956, 1
4.632, 0.0112991, 0.0119404, 1
4.633, 0.0113111, 0.0119248, 1
4.634, 0.011323, 0.011909, 1
4.635, 0.0113349, 0.0118931, 1
4.636, 0.0113468, 0.0118771, 1
4.637, 0.0113586, 0.011861, 1
4.638, 0.0113705, 0.0118447, 1
4.639, 0.0113823, 0.0118284, 1
4.64, 0.0113941, 0.011812, 1
4.641, 0.0114059, 0.0117954, 1
4.642, 0.0114177, 0.0117787, 1
4.643, 0.0114295, 0.011762, 1
4.644, 0.0114413, 0.0117451, 1
4.645, 0.011453, 0.0117281, 1
4.646, 0.0114647, 0.011711, 1
4.647, 0.0114764, 0.0116938, 1
4.648, 0.0114881, 0.0116765, 1
4.649, 0.0114998, 0.0116591, 1
4.65, 0.0115114, 0.0116415, 1
4.651, 0.011523, 0.0116239, 1
4.652, 0.0115347, 0.0116062, 1
4.653, 0.0115463, 0.0115883, 1
4.654, 0.0115578, 0.0115704, 1
4.655, 0.0115694, 0.0115523, 1
4.656, 0.0115809, 0.0115341, 1
4.657, 0.0115925, 0.0115159, 1
4.658, 0.011604, 0.0114975, 1
4.659, 0.0116155, 0.011479, 1
4.66, 0.0116269, 0.0114604, 1
4.661, 0.0116384, 0.0114417, 1
4.662, 0.0116498, 0.0114229, 1
4.663, 0.0116612, 0.011404, 1
4.664, 0.0116726, 0.011385, 1
4.665, 0.011684, 0.0113659, 1
4.666, 0.0116954, 0.0113467, 1
4.667, 0.0117067, 0.0113273, 1
4.668, 0.011718, 0.0113079, 1
4.669, 0.0117293, 0.0112884, 1
4.67, 0.0117406, 0.0112688, 1
4.671, 0.0117518, 0.011249, 1
4.672, 0.0117631, 0.0112292, 1
4.673, 0.0117743, 0.0112093, 1
4.674, 0.0117855, 0.0111892, 1
4.675, 0.0117967, 0.0111691, 1
4.676, 0.0118078, 0.0111489, 1
4.677, 0.011819, 0.0111285, 1
4.678, 0.0118301, 0.0111081, 1
4.679, 0.0118412, 0.0110875, 1
4.68, 0.0118523, 0.0110669, 1
4.681, 0.0118633, 0.0110461, 1
4.682, 0.0118744, 0.0110253, 1
4.683, 0.0118854, 0.0110043, 1
4.684, 0.0118964, 0.0109833, 1
4.685, 0.0119073, 0.0109622, 1
4.686, 0.0119183, 0.0109409, 1
4.687, 0.0119292, 0.0109196, 1
4.688, 0.0119401, 0.0108981, 1
4.689, 0.011951, 0.0108766, 1
4.69, 0.0119619, 0.010855, 1
4.691, 0.0119727, 0.0108332, 1
4.692, 0.0119836, 0.0108114, 1
4.693, 0.0119944, 0.0107895, 1
4.694, 0.0120051, 0.0107674, 1
4.695, 0.0120159, 0.0107453, 1
4.696, 0.0120266, 0.0107231, 1
4.697, 0.0120373, 0.0107008, 1
4.698, 0.012048, 0.0106784, 1
4.699, 0.0120587, 0.0106559, 1
4.7, 0.0120693, 0.0106333, 1
4.701, 0.01208, 0.0106106, 1
4.702, 0.0120906, 0.0105878, 1
4.703, 0.0121011, 0.0105649, 1
4.704, 0.0121117, 0.0105419, 1
4.705, 0.0121222, 0.0105188, 1
4.706, 0.0121327, 0.0104956, 1
4.707, 0.0121432, 0.0104724, 1
4.708, 0.0121537, 0.010449, 1
4.709, 0.0121641, 0.0104256, 1
4.71, 0.0121745, 0.010402, 1
4.711, 0.0121849, 0.0103784, 1
4.712, 0.0121953, 0.0103547, 1
4.713, 0.0122056, 0.0103308, 1
4.714, 0.0122159, 0.0103069, 1
4.715, 0.0122262, 0.0102829, 1
4.716, 0.0122365, 0.0102588, 1
4.717, 0.0122468, 0.0102346, 1
4.718, 0.012257, 0.0102104, 1
4.719, 0.0122672, 0.010186, 1
4.72, 0.0122773, 0.0101615, 1
4.721, 0.0122875, 0.010137, 1
4.722, 0.0122976, 0.0101124, 1
4.723, 0.0123077, 0.0100876, 1
4.724, 0.0123178, 0.0100628, 1
4.725, 0.0123278, 0.0100379, 1
4.726, 0.0123379, 0.0100129, 1
4.727, 0.0123479, 0.00998784, 1
4.728, 0.0123578, 0.00996268, 1
4.729, 0.0123678, 0.00993742, 1
4.73, 0.0123777, 0.00991208, 1
4.731, 0.0123876, 0.00988664, 1
4.732, 0.0123975, 0.00986113, 1
4.733, 0.0124073, 0.00983552, 1
4.734, 0.0124172, 0.00980983, 1
4.735, 0.012427, 0.00978406, 1
4.736, 0.0124367, 0.0097582, 1
4.737, 0.0124465, 0.00973225, 1
4.738, 0.0124562, 0.00970622, 1
4.739, 0.0124659, 0.0096801, 1
4.74, 0.0124756, 0.0096539, 1
4.741, 0.0124852, 0.00962761, 1
4.742, 0.0124948, 0.00960124, 1
4.743, 0.0125044, 0.00957479, 1
4.744, 0.012514, 0.00954825, 1
4.745, 0.0125235, 0.00952163, 1
4.746, 0.012533, 0.00949493, 1
4.747, 0.0125425, 0.00946815, 1
4.748, 0.0125519, 0.00944128, 1
4.749, 0.0125614, 0.00941433, 1
4.75, 0.0125708, 0.0093873, 1
4.751, 0.0125801, 0.00936019, 1
4.752, 0.0125895, 0.009333, 1
4.753, 0.0125988, 0.00930572, 1
4.754, 0.0126081, 0.00927837, 1
4.755, 0.0126174, 0.00925094, 1
4.756, 0.0126266, 0.00922342, 1
4.757, 0.0126358, 0.00919583, 1
4.758, 0.012645, 0.00916816, 1
4.759, 0.0126542, 0.00914041, 1
4.76, 0.0126633, 0.00911258, 1
4.761, 0.0126724, 0.00908467, 1
4.762, 0.0126814, 0.00905668, 1
4.763, 0.0126905, 0.00902862, 1
4.764, 0.0126995, 0.00900048, 1
4.765, 0.0127085, 0.00897226, 1
4.766, 0.0127175, 0.00894397, 1
4.767, 0.0127264, 0.0089156, 1
4.768, 0.0127353, 0.00888715, 1
4.769, 0.0127442, 0.00885863, 1
4.77, 0.012753, 0.00883003, 1
4.771, 0.0127618, 0.00880136, 1
4.772, 0.0127706, 0.00877261, 1
4.773, 0.0127794, 0.00874379, 1
4.774, 0.0127881, 0.00871489, 1
4.775, 0.0127968, 0.00868592, 1
4.776, 0.0128055, 0.00865688, 1
4.777, 0.0128141, 0.00862776, 1
4.778, 0.0128227, 0.00859857, 1
4.779, 0.0128313, 0.00856931, 1
4.78, 0.0128399, 0.00853997, 1
4.781, 0.0128484, 0.00851056, 1
4.782, 0.0128569, 0.00848108, 1
4.783, 0.0128653, 0.00845153, 1
4.784, 0.0128738, 0.00842191, 1
4.785, 0.0128822, 0.00839222, 1
4.786, 0.0128906, 0.00836246, 1
4.787, 0.0128989, 0.00833262, 1
4.788, 0.0129072, 0.00830272, 1
4.789, 0.0129155, 0.00827275, 1
4.79, 0.0129238, 0.00824271, 1
4.791, 0.012932, 0.0082126, 1
4.792, 0.0129402, 0.00818242, 1
4.793, 0.0129484, 0.00815217, 1
4.794, 0.0129565, 0.00812186, 1
4.795, 0.0129646, 0.00809147, 1
4.796, 0.0129727, 0.00806103, 1
4.797, 0.0129807, 0.00803051, 1
4.798, 0.0129887, 0.00799993, 1
4.799, 0.0129967, 0.00796928, 1
4.8, 0.0130047, 0.00793856, 1
4.801, 0.0130126, 0.00790778, 1
4.802, 0.0130205, 0.00787694, 1
4.803, 0.0130284, 0.00784602, 1
4.804, 0.0130362, 0.00781505, 1
4.805, 0.013044, 0.00778401, 1
4.806, 0.0130518, 0.00775291, 1
4.807, 0.0130595, 0.00772174, 1
4.808, 0.0130672, 0.00769051, 1
4.809, 0.0130749, 0.00765922, 1
4.81, 0.0130825, 0.00762786, 1
4.811, 0.0130901, 0.00759644, 1
4.812, 0.0130977, 0.00756496, 1
4.813, 0.0131053, 0.00753342, 1
4.814, 0.0131128, 0.00750182, 1
4.815, 0.0131203, 0.00747015, 1
4.816, 0.0131277, 0.00743843, 1
4.817, 0.0131351, 0.00740664, 1
4.818, 0.0131425, 0.0073748, 1
4.819, 0.0131499, 0.0073429, 1
4.82, 0.0131572, 0.00731093, 1
4.821, 0.0131645, 0.00727891, 1
4.822, 0.0131718, 0.00724683, 1
4.823, 0.013179, 0.00721469, 1
4.824, 0.0131862, 0.00718249, 1
4.825, 0.0131934, 0.00715024, 1
4.826, 0.0132005, 0.00711793, 1
4.827, 0.0132076, 0.00708556, 1
4.828, 0.0132147, 0.00705313, 1
4.829, 0.0132217, 0.00702065, 1
4.83, 0.0132287, 0.00698811, 1
4.831, 0.0132357, 0.00695552, 1
4.832, 0.0132426, 0.00692287, 1
4.833, 0.0132495, 0.00689017, 1
4.834, 0.0132564, 0.00685741, 1
4.835, 0.0132633, 0.0068246, 1
4.836, 0.0132701, 0.00679173, 1
4.837, 0.0132768, 0.00675882, 1
4.838, 0.0132836, 0.00672584, 1
4.839, 0.0132903, 0.00669282, 1
4.84, 0.013297, 0.00665974, 1
4.841, 0.0133036, 0.00662661, 1
4.842, 0.0133102, 0.00659343, 1
4.843, 0.0133168, 0.0065602, 1
4.844, 0.0133233, 0.00652692, 1
4.845, 0.0133299, 0.00649358, 1
4.846, 0.0133363, 0.0064602, 1
4.847, 0.0133428, 0.00642676, 1
4.848, 0.0133492, 0.00639328, 1
4.849, 0.0133556, 0.00635974, 1
4.85, 0.0133619, 0.00632616, 1
4.851, 0.0133682, 0.00629253, 1
4.852, 0.0133745, 0.00625885, 1
4.853, 0.0133807, 0.00622512, 1
4.854, 0.0133869, 0.00619135, 1
4.855, 0.0133931, 0.00615753, 1
4.856, 0.0133993, 0.00612366, 1
4.857, 0.0134054, 0.00608974, 1
4.858, 0.0134114, 0.00605578, 1
4.859, 0.0134175, 0.00602177, 1
4.86, 0.0134235, 0.00598772, 1
4.861, 0.0134294, 0.00595362, 1
4.862, 0.0134354, 0.00591948, 1
4.863, 0.0134413, 0.00588529, 1
4.864, 0.0134472, 0.00585106, 1
4.865, 0.013453, 0.00581679, 1
4.866, 0.0134588, 0.00578247, 1
4.867, 0.0134646, 0.00574811, 1
4.868, 0.0134703, 0.0057137, 1
4.869, 0.013476, 0.00567926, 1
4.87, 0.0134816, 0.00564477, 1
4.871, 0.0134873, 0.00561024, 1
4.872, 0.0134929, 0.00557567, 1
4.873, 0.0134984, 0.00554106, 1
4.874, 0.0135039, 0.00550641, 1
4.875, 0.0135094, 0.00547171, 1
4.876, 0.0135149, 0.00543698, 1
4.877, 0.0135203, 0.00540221, 1
4.878, 0.0135257, 0.0053674, 1
4.879, 0.013531, 0.00533255, 1
4.88, 0.0135364, 0.00529766, 1
4.881, 0.0135416, 0.00526274, 1
4.882, 0.0135469, 0.00522778, 1
4.883, 0.0135521, 0.00519277, 1
4.884, 0.0135573, 0.00515774, 1
4.885, 0.0135624, 0.00512266, 1
4.886, 0.0135675, 0.00508755, 1
4.887, 0.0135726, 0.00505241, 1
4.888, 0.0135776, 0.00501723, 1
4.889, 0.0135826, 0.00498201, 1
4.89, 0.0135876, 0.00494676, 1
4.891, 0.0135925, 0.00491147, 1
4.892, 0.0135974, 0.00487615, 1
4.893, 0.0136023, 0.0048408, 1
4.894, 0.0136071, 0.00480541, 1
4.895, 0.0136119, 0.00476999, 1
4.896, 0.0136166, 0.00473454, 1
4.897, 0.0136213, 0.00469905, 1
4.898, 0.013626, 0.00466354, 1
4.899, 0.0136307, 0.00462799, 1
4.9, 0.0136353, 0.00459241, 1
4.901, 0.0136399, 0.0045568, 1
4.902, 0.0136444, 0.00452116, 1
4.903, 0.0136489, 0.00448549, 1
4.904, 0.0136534, 0.00444979, 1
4.905, 0.0136578, 0.00441406, 1
4.906, 0.0136622, 0.0043783, 1
4.907, 0.0136666, 0.00434251, 1
4.908, 0.0136709, 0.00430669, 1
4.909, 0.0136752, 0.00427085, 1
4.91, 0.0136794, 0.00423498, 1
4.911, 0.0136836, 0.00419908, 1
4.912, 0.0136878, 0.00416316, 1
4.913, 0.013692, 0.0041272, 1
4.914, 0.0136961, 0.00409123, 1
4.915, 0.0137001, 0.00405522, 1
4.916, 0.0137042, 0.00401919, 1
4.917, 0.0137082, 0.00398314, 1
4.918, 0.0137121, 0.00394706, 1
4.919, 0.0137161, 0.00391096, 1
4.92, 0.01372, 0.00387483, 1
4.921, 0.0137238, 0.00383868, 1
4.922, 0.0137276, 0.00380251, 1
4.923, 0.0137314, 0.00376631, 1
4.924, 0.0137352, 0.00373009, 1
4.925, 0.0137389, 0.00369385, 1
4.926, 0.0137426, 0.00365759, 1
4.927, 0.0137462, 0.00362131, 1
4.928, 0.0137498, 0.003585, 1
4.929, 0.0137534, 0.00354867, 1
4.93, 0.0137569, 0.00351233, 1
4.931, 0.0137604, 0.00347596, 1
4.932, 0.0137639, 0.00343958, 1
4.933, 0.0137673, 0.00340317, 1
4.934, 0.0137707, 0.00336675, 1
4.935, 0.013774, 0.00333031, 1
4.936, 0.0137773, 0.00329385, 1
4.937, 0.0137806, 0.00325737, 1
4.938, 0.0137838, 0.00322087, 1
4.939, 0.013787, 0.00318436, 1
4.94, 0.0137902, 0.00314783, 1
4.941, 0.0137933, 0.00311129, 1
4.942, 0.0137964, 0.00307473, 1
4.943, 0.0137995, 0.00303815, 1
4.944, 0.0138025, 0.00300156, 1
4.945, 0.0138055, 0.00296495, 1
4.946, 0.0138084, 0.00292833, 1
4.947, 0.0138113, 0.0028917, 1
4.948, 0.0138142, 0.00285505, 1
4.949, 0.0138171, 0.00281839, 1
4.95, 0.0138199, 0.00278171, 1
4.951, 0.0138226, 0.00274503, 1
4.952, 0.0138253, 0.00270833, 1
4.953, 0.013828, 0.00267162, 1
4.954, 0.0138307, 0.00263489, 1
4.955, 0.0138333, 0.00259816, 1
4.956, 0.0138359, 0.00256141, 1
4.957, 0.0138384, 0.00252466, 1
4.958, 0.0138409, 0.00248789, 1
4.959, 0.0138434, 0.00245112, 1
4.96, 0.0138458, 0.00241433, 1
4.961, 0.0138482, 0.00237754, 1
4.962, 0.0138506, 0.00234074, 1
4.963, 0.0138529, 0.00230393, 1
4.964, 0.0138552, 0.00226711, 1
4.965, 0.0138575, 0.00223028, 1
4.966, 0.0138597, 0.00219345, 1
4.967, 0.0138618, 0.00215661, 1
4.968, 0.013864, 0.00211976, 1
4.969, 0.0138661, 0.00208291, 1
4.97, 0.0138681, 0.00204605, 1
4.971, 0.0138702, 0.00200919, 1
4.972, 0.0138722, 0.00197232, 1
4.973, 0.0138741, 0.00193545, 1
4.974, 0.013876, 0.00189857, 1
4.975, 0.0138779, 0.00186169, 1
4.976, 0.0138798, 0.00182481, 1
4.977, 0.0138816, 0.00178792, 1
4.978, 0.0138833, 0.00175103, 1
4.979, 0.0138851, 0.00171414, 1
4.98, 0.0138868, 0.00167724, 1
4.981, 0.0138884, 0.00164035, 1
4.982, 0.01389, 0.00160345, 1
4.983, 0.0138916, 0.00156655, 1
4.984, 0.0138932, 0.00152965, 1
4.985, 0.0138947, 0.00149275, 1
4.986, 0.0138962, 0.00145585, 1
4.987, 0.0138976, 0.00141895, 1
4.988, 0.013899, 0.00138205, 1
4.989, 0.0139004, 0.00134516, 1
4.99, 0.0139017, 0.00130826, 1
4.991, 0.013903, 0.00127137, 1
4.992, 0.0139042, 0.00123448, 1
4.993, 0.0139054, 0.00119759, 1
4.994, 0.0139066, 0.0011607, 1
4.995, 0.0139078, 0.00112382, 1
4.996, 0.0139089, 0.00108694, 1
4.997, 0.0139099, 0.00105007, 1
4.998, 0.013911, 0.0010132, 1
4.999, 0.013912, 0.000976334, 1
5, 0.0139129, 0.000939474, 1
5.001, 0.0139138, 0.00090262, 1
5.002, 0.0139147, 0.000865771, 1
5.003, 0.0139156, 0.000828929, 1
5.004, 0.0139164, 0.000792093, 1
5.005, 0.0139172, 0.000755265, 1
5.006, 0.0139179, 0.000718443, 1
5.007, 0.0139186, 0.00068163, 1
5.008, 0.0139193, 0.000644824, 1
5.009, 0.0139199, 0.000608027, 1
5.01, 0.0139205, 0.000571238, 1
5.011, 0.013921, 0.000534459, 1
5.012, 0.0139215, 0.000497689, 1
5.013, 0.013922, 0.000460929, 1
5.014, 0.0139225, 0.000424179, 1
5.015, 0.0139229, 0.00038744, 1
5.016, 0.0139232, 0.000350711, 1
5.017, 0.0139236, 0.000313994, 1
5.018, 0.0139239, 0.000277289, 1
5.019, 0.0139241, 0.000240595, 1
5.02, 0.0139244, 0.000203914, 1
5.021, 0.0139245, 0.000167245, 1
5.022, 0.0139247, 0.000130589, 1
5.023, 0.0139248, 9.39472e-05, 1
5.024, 0.0139249, 5.73187e-05, 1
5.025, 0.0139249, 2.07042e-05, 1
5.026, 0.0139249, -1.58958e-05, 1
5.027, 0.0139249, -5.2481e-05, 1
5.028, 0.0139248, -8.9051e-05, 1
5.029, 0.0139247, -0.000125606, 1
5.03, 0.0139246, -0.000162144, 1
5.031, 0.0139244, -0.000198667, 1
5.032, 0.0139242, -0.000235173, 1
5.033, 0.0139239, -0.000271662, 1
5.034, 0.0139236, -0.000308134, 1
5.035, 0.0139233, -0.000344588, 1
5.036, 0.0139229, -0.000381024, 1
5.037, 0.0139225, -0.000417442, 1
5.038, 0.0139221, -0.000453841, 1
5.039, 0.0139216, -0.000490221, 1
5.04, 0.0139211, -0.000526582, 1
5.041, 0.0139206, -0.000562923, 1
5.042, 0.01392, -0.000599245, 1
5.043, 0.0139194, -0.000635545, 1
5.044, 0.0139187, -0.000671825, 1
5.045, 0.013918, -0.000708084, 1
5.046, 0.0139173, -0.000744322, 1
5.047, 0.0139165, -0.000780537, 1
5.048, 0.0139157, -0.000816731, 1
5.049, 0.0139149, -0.000852902, 1
5.05, 0.013914, -0.00088905, 1
5.051, 0.0139131, -0.000925175, 1
5.052, 0.0139122, -0.000961276, 1
5.053, 0.0139112, -0.000997354, 1
5.054, 0.0139102, -0.00103341, 1
5.055, 0.0139091, -0.00106944, 1
5.056, 0.0139081, -0.00110544, 1
5.057, 0.0139069, -0.00114142, 1
5.058, 0.0139058, -0.00117737, 1
5.059, 0.0139046, -0.0012133, 1
5.06, 0.0139033, -0.0012492, 1
5.061, 0.0139021, -0.00128507, 1
5.062, 0.0139008, -0.00132092, 1
5.063, 0.0138994, -0.00135674, 1
5.064, 0.0138981, -0.00139253, 1
5.065, 0.0138966, -0.0014283, 1
5.066, 0.0138952, -0.00146404, 1
5.067, 0.0138937, -0.00149974, 1
5.068, 0.0138922, -0.00153542, 1
5.069, 0.0138906, -0.00157107, 1
5.07, 0.0138891, -0.00160669, 1
5.071, 0.0138874, -0.00164228, 1
5.072, 0.0138858, -0.00167784, 1
5.073, 0.0138841, -0.00171337, 1
5.074, 0.0138823, -0.00174887, 1
5.075, 0.0138806, -0.00178433, 1
5.076, 0.0138788, -0.00181977, 1
5.077, 0.0138769, -0.00185517, 1
5.078, 0.0138751, -0.00189054, 1
5.079, 0.0138732, -0.00192588, 1
5.08, 0.0138712, -0.00196118, 1
5.081, 0.0138692, -0.00199645, 1
5.082, 0.0138672, -0.00203169, 1
5.083, 0.0138652, -0.00206689, 1
5.084, 0.0138631, -0.00210206, 1
5.085, 0.013861, -0.0021372, 1
5.086, 0.0138588, -0.0021723, 1
5.087, 0.0138566, -0.00220736, 1
5.088, 0.0138544, -0.00224239, 1
5.089, 0.0138521, -0.00227738, 1
5.09, 0.0138498, -0.00231234, 1
5.091, 0.0138475, -0.00234726, 1
5.092, 0.0138452, -0.00238214, 1
5.093, 0.0138428, -0.00241698, 1
5.094, 0.0138403, -0.00245179, 1
5.095, 0.0138378, -0.00248656, 1
5.096, 0.0138353, -0.00252129, 1
5.097, 0.0138328, -0.00255598, 1
5.098, 0.0138302, -0.00259064, 1
5.099, 0.0138276, -0.00262525, 1
5.1, 0.013825, -0.00265983, 1
5.101, 0.0138223, -0.00269436, 1
5.102, 0.0138196, -0.00272886, 1
5.103, 0.0138168, -0.00276331, 1
5.104, 0.0138141, -0.00279772, 1
5.105, 0.0138113, -0.00283209, 1
5.106, 0.0138084, -0.00286642, 1
5.107, 0.0138055, -0.00290071, 1
5.108, 0.0138026, -0.00293496, 1
5.109, 0.0137997, -0.00296916, 1
5.11, 0.0137967, -0.00300332, 1
5.111, 0.0137936, -0.00303744, 1
5.112, 0.0137906, -0.00307152, 1
5.113, 0.0137875, -0.00310555, 1
5.114, 0.0137844, -0.00313954, 1
5.115, 0.0137812, -0.00317348, 1
5.116, 0.013778, -0.00320738, 1
5.117, 0.0137748, -0.00324123, 1
5.118, 0.0137715, -0.00327504, 1
5.119, 0.0137683, -0.0033088, 1
5.12, 0.0137649, -0.00334251, 1
5.121, 0.0137616, -0.00337618, 1
5.122, 0.0137582, -0.00340981, 1
5.123, 0.0137548, -0.00344338, 1
5.124, 0.0137513, -0.00347691, 1
5.125, 0.0137478, -0.00351039, 1
5.126, 0.0137443, -0.00354383, 1
5.127, 0.0137407, -0.00357721, 1
5.128, 0.0137371, -0.00361055, 1
5.129, 0.0137335, -0.00364384, 1
5.13, 0.0137298, -0.00367707, 1
5.131, 0.0137261, -0.00371026, 1
5.132, 0.0137224, -0.0037434, 1
5.133, 0.0137186, -0.0037765, 1
5.134, 0.0137149, -0.00380954, 1
5.135, 0.013711, -0.00384252, 1
5.136, 0.0137072, -0.00387546, 1
5.137, 0.0137033, -0.00390835, 1
5.138, 0.0136994, -0.00394119, 1
5.139, 0.0136954, -0.00397397, 1
5.14, 0.0136914, -0.0040067, 1
5.141, 0.0136874, -0.00403938, 1
5.142, 0.0136833, -0.00407201, 1
5.143, 0.0136792, -0.00410458, 1
5.144, 0.0136751, -0.0041371, 1
5.145, 0.013671, -0.00416957, 1
5.146, 0.0136668, -0.00420198, 1
5.147, 0.0136626, -0.00423434, 1
5.148, 0.0136583, -0.00426665, 1
5.149, 0.013654, -0.0042989, 1
5.15, 0.0136497, -0.00433109, 1
5.151, 0.0136454, -0.00436323, 1
5.152, 0.013641, -0.00439531, 1
5.153, 0.0136366, -0.00442734, 1
5.154, 0.0136321, -0.00445931, 1
5.155, 0.0136277, -0.00449123, 1
5.156, 0.0136231, -0.00452309, 1
5.157, 0.0136186, -0.00455489, 1
5.158, 0.013614, -0.00458663, 1
5.159, 0.0136094, -0.00461832, 1
5.16, 0.0136048, -0.00464995, 1
5.161, 0.0136001, -0.00468152, 1
5.162, 0.0135954, -0.00471303, 1
5.163, 0.0135907, -0.00474448, 1
5.164, 0.013586, -0.00477587, 1
5.165, 0.0135812, -0.00480721, 1
5.166, 0.0135763, -0.00483848, 1
5.167, 0.0135715, -0.0048697, 1
5.168, 0.0135666, -0.00490085, 1
5.169, 0.0135617, -0.00493194, 1
5.17, 0.0135567, -0.00496298, 1
5.171, 0.0135518, -0.00499395, 1
5.172, 0.0135467, -0.00502486, 1
5.173, 0.0135417, -0.00505571, 1
5.174, 0.0135366, -0.00508649, 1
5.175, 0.0135315, -0.00511722, 1
5.176, 0.0135264, -0.00514788, 1
5.177, 0.0135212, -0.00517848, 1
5.178, 0.013516, -0.00520902, 1
5.179, 0.0135108, -0.00523949, 1
5.18, 0.0135056, -0.0052699, 1
5.181, 0.0135003, -0.00530024, 1
5.182, 0.013495, -0.00533053, 1
5.183, 0.0134896, -0.00536074, 1
5.184, 0.0134842, -0.0053909, 1
5.185, 0.0134788, -0.00542098, 1
5.186, 0.0134734, -0.00545101, 1
5.187, 0.0134679, -0.00548096, 1
5.188, 0.0134624, -0.00551085, 1
5.189, 0.0134569, -0.00554068, 1
5.19, 0.0134514, -0.00557044, 1
5.191, 0.0134458, -0.00560013, 1
5.192, 0.0134402, -0.00562976, 1
5.193, 0.0134345, -0.00565931, 1
5.194, 0.0134288, -0.0056888, 1
5.195, 0.0134231, -0.00571823, 1
5.196, 0.0134174, -0.00574758, 1
5.197, 0.0134116, -0.00577687, 1
5.198, 0.0134058, -0.00580609, 1
5.199, 0.0134, -0.00583524, 1
5.2, 0.0133942, -0.00586432, 1
5.201, 0.0133883, -0.00589334, 1
5.202, 0.0133824, -0.00592228, 1
5.203, 0.0133765, -0.00595115, 1
5.204, 0.0133705, -0.00597996, 1
5.205, 0.0133645, -0.00600869, 1
5.206, 0.0133585, -0.00603735, 1
5.207, 0.0133524, -0.00606595, 1
5.208, 0.0133463, -0.00609447, 1
5.209, 0.0133402, -0.00612292, 1
5.21, 0.0133341, -0.0061513, 1
5.211, 0.0133279, -0.0061796, 1
5.212, 0.0133217, -0.00620784, 1
5.213, 0.0133155, -0.006236, 1
5.214, 0.0133093, -0.00626409, 1
5.215, 0.013303, -0.00629211, 1
5.216, 0.0132967, -0.00632006, 1
5.217, 0.0132903, -0.00634793, 1
5.218, 0.013284, -0.00637573, 1
5.219, 0.0132776, -0.00640345, 1
5.22, 0.0132712, -0.0064311, 1
5.221, 0.0132647, -0.00645868, 1
5.222, 0.0132583, -0.00648618, 1
5.223, 0.0132518, -0.00651361, 1
5.224, 0.0132452, -0.00654096, 1
5.225, 0.0132387, -0.00656824, 1
5.226, 0.0132321, -0.00659544, 1
5.227, 0.0132255, -0.00662257, 1
5.228, 0.0132188, -0.00664962, 1
5.229, 0.0132122, -0.0066766, 1
5.23, 0.0132055, -0.00670349, 1
5.231, 0.0131988, -0.00673032, 1
5.232, 0.013192, -0.00675706, 1
5.233, 0.0131853, -0.00678373, 1
5.234, 0.0131785, -0.00681032, 1
5.235, 0.0131716, -0.00683684, 1
5.236, 0.0131648, -0.00686327, 1
5.237, 0.0131579, -0.00688963, 1
5.238, 0.013151, -0.00691591, 1
5.239, 0.0131441, -0.00694212, 1
5.24, 0.0131371, -0.00696824, 1
5.241, 0.0131301, -0.00699428, 1
5.242, 0.0131231, -0.00702025, 1
5.243, 0.0131161, -0.00704614, 1
5.244, 0.0131091, -0.00707194, 1
5.245, 0.013102, -0.00709767, 1
5.246, 0.0130949, -0.00712332, 1
5.247, 0.0130877, -0.00714889, 1
5.248, 0.0130806, -0.00717437, 1
5.249, 0.0130734, -0.00719978, 1
5.25, 0.0130662, -0.00722511, 1
5.251, 0.0130589, -0.00725035, 1
5.252, 0.0130517, -0.00727551, 1
5.253, 0.0130444, -0.0073006, 1
5.254, 0.0130371, -0.0073256, 1
5.255, 0.0130297, -0.00735051, 1
5.256, 0.0130224, -0.00737535, 1
5.257, 0.013015, -0.00740011, 1
5.258, 0.0130076, -0.00742478, 1
5.259, 0.0130001, -0.00744937, 1
5.26, 0.0129927, -0.00747387, 1
5.261, 0.0129852, -0.0074983, 1
5.262, 0.0129777, -0.00752264, 1
5.263, 0.0129701, -0.00754689, 1
5.264, 0.0129626, -0.00757107, 1
5.265, 0.012955, -0.00759515, 1
5.266, 0.0129474, -0.00761916, 1
5.267, 0.0129397, -0.00764308, 1
5.268, 0.0129321, -0.00766692, 1
5.269, 0.0129244, -0.00769067, 1
5.27, 0.0129167, -0.00771433, 1
5.271, 0.012909, -0.00773791, 1
5.272, 0.0129012, -0.00776141, 1
5.273, 0.0128935, -0.00778482, 1
5.274, 0.0128857, -0.00780814, 1
5.275, 0.0128778, -0.00783138, 1
5.276, 0.01287, -0.00785454, 1
5.277, 0.0128621, -0.0078776, 1
5.278, 0.0128542, -0.00790058, 1
5.279, 0.0128463, -0.00792347, 1
5.28, 0.0128384, -0.00794628, 1
5.281, 0.0128304, -0.007969, 1
5.282, 0.0128225, -0.00799163, 1
5.283, 0.0128145, -0.00801418, 1
5.284, 0.0128064, -0.00803663, 1
5.285, 0.0127984, -0.008059, 1
5.286, 0.0127903, -0.00808128, 1
5.287, 0.0127822, -0.00810348, 1
5.288, 0.0127741, -0.00812558, 1
5.289, 0.012766, -0.0081476, 1
5.29, 0.0127578, -0.00816952, 1
5.291, 0.0127496, -0.00819136, 1
5.292, 0.0127414, -0.00821311, 1
5.293, 0.0127332, -0.00823477, 1
5.294, 0.012725, -0.00825634, 1
5.295, 0.0127167, -0.00827782, 1
5.296, 0.0127084, -0.00829922, 1
5.297, 0.0127001, -0.00832052, 1
5.298, 0.0126918, -0.00834173, 1
5.299, 0.0126834, -0.00836285, 1
5.3, 0.012675, -0.00838388, 1
5.301, 0.0126666, -0.00840482, 1
5.302, 0.0126582, -0.00842567, 1
5.303, 0.0126498, -0.00844643, 1
5.304, 0.0126413, -0.00846709, 1
5.305, 0.0126329, -0.00848767, 1
5.306, 0.0126244, -0.00850815, 1
5.307, 0.0126158, -0.00852855, 1
5.308, 0.0126073, -0.00854885, 1
5.309, 0.0125987, -0.00856906, 1
5.31, 0.0125902, -0.00858917, 1
5.311, 0.0125816, -0.0086092, 1
5.312, 0.0125729, -0.00862913, 1
5.313, 0.0125643, -0.00864897, 1
5.314, 0.0125556, -0.00866871, 1
5.315, 0.012547, -0.00868837, 1
5.316, 0.0125383, -0.00870793, 1
5.317, 0.0125296, -0.0087274, 1
5.318, 0.0125208, -0.00874677, 1
5.319, 0.0125121, -0.00876605, 1
5.32, 0.0125033, -0.00878524, 1
5.321, 0.0124945, -0.00880433, 1
5.322, 0.0124857, -0.00882333, 1
5.323, 0.0124768, -0.00884223, 1
5.324, 0.012468, -0.00886104, 1
5.325, 0.0124591, -0.00887976, 1
5.326, 0.0124502, -0.00889838, 1
5.327, 0.0124413, -0.00891691, 1
5.328, 0.0124324, -0.00893534, 1
5.329, 0.0124235, -0.00895368, 1
5.33, 0.0124145, -0.00897192, 1
5.331, 0.0124055, -0.00899007, 1
5.332, 0.0123965, -0.00900812, 1
5.333, 0.0123875, -0.00902607, 1
5.334, 0.0123785, -0.00904393, 1
5.335, 0.0123694, -0.0090617, 1
5.336, 0.0123603, -0.00907937, 1
5.337, 0.0123512, -0.00909694, 1
5.338, 0.0123421, -0.00911441, 1
5.339, 0.012333, -0.00913179, 1
5.34, 0.0123239, -0.00914908, 1
5.341, 0.0123147, -0.00916626, 1
5.342, 0.0123055, -0.00918335, 1
5.343, 0.0122964, -0.00920034, 1
5.344, 0.0122871, -0.00921724, 1
5.345, 0.0122779, -0.00923404, 1
5.346, 0.0122687, -0.00925074, 1
5.347, 0.0122594, -0.00926734, 1
5.348, 0.0122501, -0.00928385, 1
5.349, 0.0122408, -0.00930026, 1
5.35, 0.0122315, -0.00931657, 1
5.351, 0.0122222, -0.00933278, 1
5.352, 0.0122129, -0.0093489, 1
5.353, 0.0122035, -0.00936491, 1
5.354, 0.0121941, -0.00938083, 1
5.355, 0.0121848, -0.00939665, 1
5.356, 0.0121754, -0.00941237, 1
5.357, 0.0121659, -0.009428, 1
5.358, 0.0121565, -0.00944352, 1
5.359, 0.012147, -0.00945894, 1
5.36, 0.0121376, -0.00947427, 1
5.361, 0.0121281, -0.0094895, 1
5.362, 0.0121186, -0.00950463, 1
5.363, 0.0121091, -0.00951966, 1
5.364, 0.0120996, -0.00953459, 1
5.365, 0.01209, -0.00954942, 1
5.366, 0.0120805, -0.00956415, 1
5.367, 0.0120709, -0.00957878, 1
5.368, 0.0120613, -0.00959331, 1
5.369, 0.0120517, -0.00960774, 1
5.37, 0.0120421, -0.00962207, 1
5.371, 0.0120325, -0.0096363, 1
5.372, 0.0120228, -0.00965043, 1
5.373, 0.0120132, -0.00966446, 1
5.374, 0.0120035, -0.00967839, 1
5.375, 0.0119938, -0.00969222, 1
5.376, 0.0119841, -0.00970595, 1
5.377, 0.0119744, -0.00971958, 1
5.378, 0.0119647, -0.00973311, 1
5.379, 0.0119549, -0.00974654, 1
5.38, 0.0119452, -0.00975986, 1
5.381, 0.0119354, -0.00977309, 1
5.382, 0.0119256, -0.00978621, 1
5.383, 0.0119158, -0.00979923, 1
5.384, 0.011906, -0.00981215, 1
5.385, 0.0118962, -0.00982497, 1
5.386, 0.0118864, -0.00983769, 1
5.387, 0.0118765, -0.00985031, 1
5.388, 0.0118667, -0.00986282, 1
5.389, 0.0118568, -0.00987524, 1
5.39, 0.0118469, -0.00988755, 1
5.391, 0.011837, -0.00989976, 1
5.392, 0.0118271, -0.00991187, 1
5.393, 0.0118172, -0.00992387, 1
5.394, 0.0118073, -0.00993578, 1
5.395, 0.0117973, -0.00994758, 1
5.396, 0.0117874, -0.00995928, 1
5.397, 0.0117774, -0.00997087, 1
5.398, 0.0117674, -0.00998237, 1
5.399, 0.0117575, -0.00999376, 1
5.4, 0.0117475, -0.010005, 1
5.401, 0.0117374, -0.0100162, 1
5.402, 0.0117274, -0.0100273, 1
5.403, 0.0117174, -0.0100383, 1
5.404, 0.0117073, -0.0100492, 1
5.405, 0.0116973, -0.01006, 1
5.406, 0.0116872, -0.0100706, 1
5.407, 0.0116771, -0.0100812, 1
5.408, 0.0116671, -0.0100917, 1
5.409, 0.011657, -0.010102, 1
5.41, 0.0116469, -0.0101123, 1
5.411, 0.0116367, -0.0101224, 1
5.412, 0.0116266, -0.0101325, 1
5.413, 0.0116165, -0.0101424, 1
5.414, 0.0116063, -0.0101523, 1
5.415, 0.0115962, -0.010162, 1
5.416, 0.011586, -0.0101717, 1
5.417, 0.0115758, -0.0101812, 1
5.418, 0.0115656, -0.0101906, 1
5.419, 0.0115554, -0.0102, 1
5.42, 0.0115452, -0.0102092, 1
5.421, 0.011535, -0.0102183, 1
5.422, 0.0115248, -0.0102273, 1
5.423, 0.0115146, -0.0102362, 1
5.424, 0.0115043, -0.0102451, 1
5.425, 0.0114941, -0.0102538, 1
5.426, 0.0114838, -0.0102624, 1
5.427, 0.0114736, -0.0102709, 1
5.428, 0.0114633, -0.0102792, 1
5.429, 0.011453, -0.0102875, 1
5.43, 0.0114427, -0.0102957, 1
5.431, 0.0114324, -0.0103038, 1
5.432, 0.0114221, -0.0103118, 1
5.433, 0.0114118, -0.0103196, 1
5.434, 0.0114015, -0.0103274, 1
5.435, 0.0113911, -0.0103351, 1
5.436, 0.0113808, -0.0103426, 1
5.437, 0.0113704, -0.0103501, 1
5.438, 0.0113601, -0.0103574, 1
5.439, 0.0113497, -0.0103647, 1
5.44, 0.0113394, -0.0103718, 1
5.441, 0.011329, -0.0103789, 1
5.442, 0.0113186, -0.0103858, 1
5.443, 0.0113082, -0.0103926, 1
5.444, 0.0112978, -0.0103993, 1
5.445, 0.0112874, -0.010406, 1
5.446, 0.011277, -0.0104125, 1
5.447, 0.0112666, -0.0104189, 1
5.448, 0.0112562, -0.0104252, 1
5.449, 0.0112457, -0.0104314, 1
5.45, 0.0112353, -0.0104375, 1
5.451, 0.0112249, -0.0104435, 1
5.452, 0.0112144, -0.0104493, 1
5.453, 0.011204, -0.0104551, 1
5.454, 0.0111935, -0.0104608, 1
5.455, 0.011183, -0.0104664, 1
5.456, 0.0111726, -0.0104718, 1
5.457, 0.0111621, -0.0104772, 1
5.458, 0.0111516, -0.0104824, 1
5.459, 0.0111411, -0.0104876, 1
5.46, 0.0111306, -0.0104926, 1
5.461, 0.0111202, -0.0104976, 1
5.462, 0.0111097, -0.0105024, 1
5.463, 0.0110991, -0.0105071, 1
5.464, 0.0110886, -0.0105118, 1
5.465, 0.0110781, -0.0105163, 1
5.466, 0.0110676, -0.0105207, 1
5.467, 0.0110571, -0.010525, 1
5.468, 0.0110466, -0.0105292, 1
5.469, 0.011036, -0.0105333, 1
5.47, 0.0110255, -0.0105373, 1
5.471, 0.011015, -0.0105412, 1
5.472, 0.0110044, -0.010545, 1
5.473, 0.0109939, -0.0105487, 1
5.474, 0.0109833, -0.0105522, 1
5.475, 0.0109728, -0.0105557, 1
5.476, 0.0109622, -0.0105591, 1
5.477, 0.0109516, -0.0105623, 1
5.478, 0.0109411, -0.0105655, 1
5.479, 0.0109305, -0.0105686, 1
5.48, 0.0109199, -0.0105715, 1
5.481, 0.0109094, -0.0105743, 1
5.482, 0.0108988, -0.0105771, 1
5.483, 0.0108882, -0.0105797, 1
5.484, 0.0108776, -0.0105822, 1
5.485, 0.010867, -0.0105847, 1
5.486, 0.0108565, -0.010587, 1
5.487, 0.0108459, -0.0105892, 1
5.488, 0.0108353, -0.0105913, 1
5.489, 0.0108247, -0.0105933, 1
5.49, 0.0108141, -0.0105952, 1
5.491, 0.0108035, -0.010597, 1
5.492, 0.0107929, -0.0105987, 1
5.493, 0.0107823, -0.0106003, 1
5.494, 0.0107717, -0.0106017, 1
5.495, 0.0107611, -0.0106031, 1
5.496, 0.0107505, -0.0106044, 1
5.497, 0.0107399, -0.0106056, 1
5.498, 0.0107293, -0.0106066, 1
5.499, 0.0107187, -0.0106076, 1
5.5, 0.0107081, -0.0106084, 1
5.501, 0.0106975, -0.0106092, 1
5.502, 0.0106868, -0.0106098, 1
5.503, 0.0106762, -0.0106104, 1
5.504, 0.0106656, -0.0106108, 1
5.505, 0.010655, -0.0106111, 1
5.506, 0.0106444, -0.0106114, 1
5.507, 0.0106338, -0.0106115, 1
5.508, 0.0106232, -0.0106115, 1
5.509, 0.0106126, -0.0106114, 1
5.51, 0.010602, -0.0106112, 1
5.511, 0.0105913, -0.0106109, 1
5.512, 0.0105807, -0.0106105, 1
5.513, 0.0105701, -0.01061, 1
5.514, 0.0105595, -0.0106094, 1
5.515, 0.0105489, -0.0106087, 1
5.516, 0.0105383, -0.0106079, 1
5.517, 0.0105277, -0.010607, 1
5.518, 0.0105171, -0.010606, 1
5.519, 0.0105065, -0.0106048, 1
5.52, 0.0104959, -0.0106036, 1
5.521, 0.0104853, -0.0106023, 1
5.522, 0.0104747, -0.0106009, 1
5.523, 0.0104641, -0.0105993, 1
5.524, 0.0104535, -0.0105977, 1
5.525, 0.0104429, -0.0105959, 1
5.526, 0.0104323, -0.0105941, 1
5.527, 0.0104217, -0.0105921, 1
5.528, 0.0104111, -0.0105901, 1
5.529, 0.0104005, -0.0105879, 1
5.53, 0.0103899, -0.0105857, 1
5.531, 0.0103793, -0.0105833, 1
5.532, 0.0103688, -0.0105808, 1
5.533, 0.0103582, -0.0105783, 1
5.534, 0.0103476, -0.0105756, 1
5.535, 0.010337, -0.0105728, 1
5.536, 0.0103265, -0.01057, 1
5.537, 0.0103159, -0.010567, 1
5.538, 0.0103053, -0.0105639, 1
5.539, 0.0102948, -0.0105607, 1
5.54, 0.0102842, -0.0105574, 1
5.541, 0.0102736, -0.010554, 1
5.542, 0.0102631, -0.0105505, 1
5.543, 0.0102525, -0.010547, 1
5.544, 0.010242, -0.0105433, 1
5.545, 0.0102315, -0.0105395, 1
5.546, 0.0102209, -0.0105356, 1
5.547, 0.0102104, -0.0105316, 1
5.548, 0.0101999, -0.0105275, 1
5.549, 0.0101893, -0.0105233, 1
5.55, 0.0101788, -0.010519, 1
5.551, 0.0101683, -0.0105145, 1
5.552, 0.0101578, -0.01051, 1
5.553, 0.0101473, -0.0105054, 1
5.554, 0.0101368, -0.0105007, 1
5.555, 0.0101263, -0.0104959, 1
5.556, 0.0101158, -0.010491, 1
5.557, 0.0101053, -0.010486, 1
5.558, 0.0100948, -0.0104809, 1
5.559, 0.0100843, -0.0104757, 1
5.56, 0.0100739, -0.0104703, 1
5.561, 0.0100634, -0.0104649, 1
5.562, 0.0100529, -0.0104594, 1
5.563, 0.0100425, -0.0104538, 1
5.564, 0.010032, -0.0104481, 1
5.565, 0.0100216, -0.0104423, 1
5.566, 0.0100111, -0.0104363, 1
5.567, 0.0100007, -0.0104303, 1
5.568, 0.00999027, -0.0104242, 1
5.569, 0.00997985, -0.010418, 1
5.57, 0.00996944, -0.0104117, 1
5.571, 0.00995903, -0.0104053, 1
5.572, 0.00994862, -0.0103987, 1
5.573, 0.00993823, -0.0103921, 1
5.574, 0.00992784, -0.0103854, 1
5.575, 0.00991746, -0.0103786, 1
5.576, 0.00990708, -0.0103717, 1
5.577, 0.00989671, -0.0103647, 1
5.578, 0.00988635, -0.0103576, 1
5.579, 0.009876, -0.0103504, 1
5.58, 0.00986565, -0.0103431, 1
5.581, 0.00985531, -0.0103357, 1
5.582, 0.00984498, -0.0103281, 1
5.583, 0.00983466, -0.0103205, 1
5.584, 0.00982434, -0.0103128, 1
5.585, 0.00981403, -0.010305, 1
5.586, 0.00980373, -0.0102971, 1
5.587, 0.00979344, -0.0102892, 1
5.588, 0.00978315, -0.0102811, 1
5.589, 0.00977288, -0.0102729, 1
5.59, 0.00976261, -0.0102646, 1
5.591, 0.00975235, -0.0102562, 1
5.592, 0.00974209, -0.0102477, 1
5.593, 0.00973185, -0.0102391, 1
5.594, 0.00972162, -0.0102305, 1
5.595, 0.00971139, -0.0102217, 1
5.596, 0.00970117, -0.0102128, 1
5.597, 0.00969096, -0.0102039, 1
5.598, 0.00968077, -0.0101948, 1
5.599, 0.00967057, -0.0101856, 1
5.6, 0.00966039, -0.0101764, 1
5.601, 0.00965022, -0.010167, 1
5.602, 0.00964006, -0.0101576, 1
5.603, 0.00962991, -0.010148, 1
5.604, 0.00961976, -0.0101384, 1
5.605, 0.00960963, -0.0101287, 1
5.606, 0.00959951, -0.0101188, 1
5.607, 0.00958939, -0.0101089, 1
5.608, 0.00957929, -0.0100989, 1
5.609, 0.00956919, -0.0100888, 1
5.61, 0.00955911, -0.0100786, 1
5.611, 0.00954904, -0.0100682, 1
5.612, 0.00953897, -0.0100578, 1
5.613, 0.00952892, -0.0100474, 1
5.614, 0.00951888, -0.0100368, 1
5.615, 0.00950885, -0.0100261, 1
5.616, 0.00949883, -0.0100153, 1
5.617, 0.00948882, -0.0100044, 1
5.618, 0.00947882, -0.00999347, 1
5.619, 0.00946883, -0.00998241, 1
5.62, 0.00945885, -0.00997126, 1
5.621, 0.00944889, -0.00996002, 1
5.622, 0.00943893, -0.00994868, 1
5.623, 0.00942899, -0.00993725, 1
5.624, 0.00941906, -0.00992572, 1
5.625, 0.00940914, -0.0099141, 1
5.626, 0.00939923, -0.00990239, 1
5.627, 0.00938934, -0.00989059, 1
5.628, 0.00937945, -0.0098787, 1
5.629, 0.00936958, -0.00986671, 1
5.63, 0.00935972, -0.00985463, 1
5.631, 0.00934987, -0.00984246, 1
5.632, 0.00934003, -0.0098302, 1
5.633, 0.00933021, -0.00981785, 1
5.634, 0.0093204, -0.0098054, 1
5.635, 0.0093106, -0.00979287, 1
5.636, 0.00930081, -0.00978024, 1
5.637, 0.00929104, -0.00976752, 1
5.638, 0.00928128, -0.00975471, 1
5.639, 0.00927153, -0.00974181, 1
5.64, 0.00926179, -0.00972883, 1
5.641, 0.00925207, -0.00971575, 1
5.642, 0.00924236, -0.00970258, 1
5.643, 0.00923266, -0.00968932, 1
5.644, 0.00922298, -0.00967597, 1
5.645, 0.00921331, -0.00966253, 1
5.646, 0.00920366, -0.009649, 1
5.647, 0.00919402, -0.00963538, 1
5.648, 0.00918439, -0.00962167, 1
5.649, 0.00917477, -0.00960788, 1
5.65, 0.00916517, -0.009594, 1
5.651, 0.00915558, -0.00958002, 1
5.652, 0.00914601, -0.00956596, 1
5.653, 0.00913645, -0.00955181, 1
5.654, 0.00912691, -0.00953757, 1
5.655, 0.00911738, -0.00952325, 1
5.656, 0.00910786, -0.00950884, 1
5.657, 0.00909836, -0.00949434, 1
5.658, 0.00908887, -0.00947975, 1
5.659, 0.0090794, -0.00946507, 1
5.66, 0.00906994, -0.00945031, 1
5.661, 0.0090605, -0.00943546, 1
5.662, 0.00905107, -0.00942053, 1
5.663, 0.00904166, -0.00940551, 1
5.664, 0.00903226, -0.0093904, 1
5.665, 0.00902288, -0.0093752, 1
5.666, 0.00901351, -0.00935992, 1
5.667, 0.00900416, -0.00934456, 1
5.668, 0.00899482, -0.00932911, 1
5.669, 0.0089855, -0.00931357, 1
5.67, 0.00897619, -0.00929795, 1
5.671, 0.0089669, -0.00928224, 1
5.672, 0.00895763, -0.00926645, 1
5.673, 0.00894837, -0.00925058, 1
5.674, 0.00893913, -0.00923462, 1
5.675, 0.0089299, -0.00921857, 1
5.676, 0.00892069, -0.00920245, 1
5.677, 0.0089115, -0.00918623, 1
5.678, 0.00890232, -0.00916994, 1
5.679, 0.00889316, -0.00915356, 1
5.68, 0.00888401, -0.0091371, 1
5.681, 0.00887488, -0.00912055, 1
5.682, 0.00886577, -0.00910392, 1
5.683, 0.00885667, -0.00908721, 1
5.684, 0.0088476, -0.00907042, 1
5.685, 0.00883853, -0.00905354, 1
5.686, 0.00882949, -0.00903659, 1
5.687, 0.00882046, -0.00901955, 1
5.688, 0.00881145, -0.00900243, 1
5.689, 0.00880246, -0.00898522, 1
5.69, 0.00879348, -0.00896794, 1
5.691, 0.00878452, -0.00895057, 1
5.692, 0.00877558, -0.00893313, 1
5.693, 0.00876665, -0.0089156, 1
5.694, 0.00875775, -0.008898, 1
5.695, 0.00874886, -0.00888031, 1
5.696, 0.00873999, -0.00886254, 1
5.697, 0.00873113, -0.0088447, 1
5.698, 0.0087223, -0.00882677, 1
5.699, 0.00871348, -0.00880876, 1
5.7, 0.00870468, -0.00879068, 1
5.701, 0.0086959, -0.00877251, 1
5.702, 0.00868713, -0.00875427, 1
5.703, 0.00867839, -0.00873595, 1
5.704, 0.00866966, -0.00871755, 1
5.705, 0.00866095, -0.00869907, 1
5.706, 0.00865226, -0.00868052, 1
5.707, 0.00864359, -0.00866188, 1
5.708, 0.00863494, -0.00864317, 1
5.709, 0.00862631, -0.00862439, 1
5.71, 0.00861769, -0.00860552, 1
5.711, 0.0086091, -0.00858658, 1
5.712, 0.00860052, -0.00856756, 1
5.713, 0.00859196, -0.00854846, 1
5.714, 0.00858342, -0.00852929, 1
5.715, 0.0085749, -0.00851005, 1
5.716, 0.0085664, -0.00849072, 1
5.717, 0.00855792, -0.00847132, 1
5.718, 0.00854946, -0.00845185, 1
5.719, 0.00854102, -0.0084323, 1
5.72, 0.00853259, -0.00841268, 1
5.721, 0.00852419, -0.00839298, 1
5.722, 0.00851581, -0.00837321, 1
5.723, 0.00850745, -0.00835336, 1
5.724, 0.0084991, -0.00833344, 1
5.725, 0.00849078, -0.00831344, 1
5.726, 0.00848248, -0.00829337, 1
5.727, 0.00847419, -0.00827323, 1
5.728, 0.00846593, -0.00825302, 1
5.729, 0.00845769, -0.00823273, 1
5.73, 0.00844946, -0.00821237, 1
5.731, 0.00844126, -0.00819193, 1
5.732, 0.00843308, -0.00817143, 1
5.733, 0.00842492, -0.00815085, 1
5.734, 0.00841678, -0.0081302, 1
5.735, 0.00840866, -0.00810948, 1
5.736, 0.00840056, -0.00808869, 1
5.737, 0.00839248, -0.00806783, 1
5.738, 0.00838442, -0.0080469, 1
5.739, 0.00837639, -0.00802589, 1
5.74, 0.00836837, -0.00800482, 1
5.741, 0.00836038, -0.00798367, 1
5.742, 0.0083524, -0.00796246, 1
5.743, 0.00834445, -0.00794118, 1
5.744, 0.00833652, -0.00791982, 1
5.745, 0.00832861, -0.0078984, 1
5.746, 0.00832073, -0.00787691, 1
5.747, 0.00831286, -0.00785535, 1
5.748, 0.00830501, -0.00783372, 1
5.749, 0.00829719, -0.00781203, 1
5.75, 0.00828939, -0.00779026, 1
5.751, 0.00828161, -0.00776843, 1
5.752, 0.00827385, -0.00774653, 1
5.753, 0.00826612, -0.00772456, 1
5.754, 0.0082584, -0.00770253, 1
5.755, 0.00825071, -0.00768043, 1
5.756, 0.00824304, -0.00765826, 1
5.757, 0.0082354, -0.00763603, 1
5.758, 0.00822777, -0.00761373, 1
5.759, 0.00822017, -0.00759137, 1
5.76, 0.00821259, -0.00756894, 1
5.761, 0.00820503, -0.00754644, 1
5.762, 0.0081975, -0.00752388, 1
5.763, 0.00818998, -0.00750126, 1
5.764, 0.00818249, -0.00747857, 1
5.765, 0.00817503, -0.00745581, 1
5.766, 0.00816758, -0.00743299, 1
5.767, 0.00816016, -0.00741011, 1
5.768, 0.00815276, -0.00738717, 1
5.769, 0.00814539, -0.00736416, 1
5.77, 0.00813803, -0.00734109, 1
5.771, 0.0081307, -0.00731795, 1
5.772, 0.0081234, -0.00729475, 1
5.773, 0.00811611, -0.00727149, 1
5.774, 0.00810885, -0.00724817, 1
5.775, 0.00810162, -0.00722479, 1
5.776, 0.0080944, -0.00720135, 1
5.777, 0.00808722, -0.00717784, 1
5.778, 0.00808005, -0.00715427, 1
5.779, 0.00807291, -0.00713064, 1
5.78, 0.00806579, -0.00710696, 1
5.781, 0.00805869, -0.00708321, 1
5.782, 0.00805162, -0.0070594, 1
5.783, 0.00804457, -0.00703553, 1
5.784, 0.00803755, -0.0070116, 1
5.785, 0.00803055, -0.00698762, 1
5.786, 0.00802358, -0.00696357, 1
5.787, 0.00801662, -0.00693947, 1
5.788, 0.0080097, -0.00691531, 1
5.789, 0.00800279, -0.00689108, 1
5.79, 0.00799591, -0.00686681, 1
5.791, 0.00798906, -0.00684247, 1
5.792, 0.00798223, -0.00681808, 1
5.793, 0.00797542, -0.00679362, 1
5.794, 0.00796864, -0.00676912, 1
5.795, 0.00796189, -0.00674455, 1
5.796, 0.00795515, -0.00671993, 1
5.797, 0.00794845, -0.00669526, 1
5.798, 0.00794176, -0.00667052, 1
5.799, 0.0079351, -0.00664573, 1
5.8, 0.00792847, -0.00662089, 1
5.801, 0.00792186, -0.00659599, 1
5.802, 0.00791528, -0.00657104, 1
5.803, 0.00790872, -0.00654603, 1
5.804, 0.00790219, -0.00652097, 1
5.805, 0.00789568, -0.00649585, 1
5.806, 0.0078892, -0.00647069, 1
5.807, 0.00788274, -0.00644546, 1
5.808, 0.0078763, -0.00642019, 1
5.809, 0.0078699, -0.00639486, 1
5.81, 0.00786351, -0.00636948, 1
5.811, 0.00785716, -0.00634404, 1
5.812, 0.00785083, -0.00631856, 1
5.813, 0.00784452, -0.00629302, 1
5.814, 0.00783824, -0.00626743, 1
5.815, 0.00783199, -0.00624179, 1
5.816, 0.00782576, -0.0062161, 1
5.817, 0.00781955, -0.00619036, 1
5.818, 0.00781338, -0.00616457, 1
5.819, 0.00780722, -0.00613872, 1
5.82, 0.0078011, -0.00611283, 1
5.821, 0.007795, -0.00608689, 1
5.822, 0.00778893, -0.0060609, 1
5.823, 0.00778288, -0.00603486, 1
5.824, 0.00777686, -0.00600877, 1
5.825, 0.00777086, -0.00598263, 1
5.826, 0.00776489, -0.00595645, 1
5.827, 0.00775895, -0.00593021, 1
5.828, 0.00775303, -0.00590393, 1
5.829, 0.00774714, -0.0058776, 1
5.83, 0.00774127, -0.00585123, 1
5.831, 0.00773544, -0.0058248, 1
5.832, 0.00772963, -0.00579833, 1
5.833, 0.00772384, -0.00577182, 1
5.834, 0.00771808, -0.00574526, 1
5.835, 0.00771235, -0.00571865, 1
5.836, 0.00770664, -0.005692, 1
5.837, 0.00770097, -0.0056653, 1
5.838, 0.00769531, -0.00563856, 1
5.839, 0.00768969, -0.00561177, 1
5.84, 0.00768409, -0.00558494, 1
5.841, 0.00767852, -0.00555806, 1
5.842, 0.00767297, -0.00553114, 1
5.843, 0.00766746, -0.00550418, 1
5.844, 0.00766197, -0.00547717, 1
5.845, 0.0076565, -0.00545012, 1
5.846, 0.00765107, -0.00542303, 1
5.847, 0.00764566, -0.0053959, 1
5.848, 0.00764027, -0.00536872, 1
5.849, 0.00763492, -0.0053415, 1
5.85, 0.00762959, -0.00531424, 1
5.851, 0.00762429, -0.00528694, 1
5.852, 0.00761902, -0.0052596, 1
5.853, 0.00761377, -0.00523222, 1
5.854, 0.00760855, -0.0052048, 1
5.855, 0.00760336, -0.00517733, 1
5.856, 0.0075982, -0.00514983, 1
5.857, 0.00759306, -0.00512229, 1
5.858, 0.00758795, -0.00509471, 1
5.859, 0.00758287, -0.00506709, 1
5.86, 0.00757782, -0.00503943, 1
5.861, 0.00757279, -0.00501173, 1
5.862, 0.0075678, -0.004984, 1
5.863, 0.00756283, -0.00495622, 1
5.864, 0.00755788, -0.00492841, 1
5.865, 0.00755297, -0.00490056, 1
5.866, 0.00754808, -0.00487268, 1
5.867, 0.00754322, -0.00484476, 1
5.868, 0.00753839, -0.0048168, 1
5.869, 0.00753359, -0.00478881, 1
5.87, 0.00752881, -0.00476078, 1
5.871, 0.00752407, -0.00473271, 1
5.872, 0.00751935, -0.00470461, 1
5.873, 0.00751466, -0.00467648, 1
5.874, 0.00751, -0.00464831, 1
5.875, 0.00750536, -0.0046201, 1
5.876, 0.00750076, -0.00459187, 1
5.877, 0.00749618, -0.00456359, 1
5.878, 0.00749163, -0.00453529, 1
5.879, 0.00748711, -0.00450695, 1
5.88, 0.00748262, -0.00447858, 1
5.881, 0.00747815, -0.00445017, 1
5.882, 0.00747371, -0.00442174, 1
5.883, 0.00746931, -0.00439327, 1
5.884, 0.00746493, -0.00436477, 1
5.885, 0.00746058, -0.00433624, 1
5.886, 0.00745626, -0.00430768, 1
5.887, 0.00745196, -0.00427908, 1
5.888, 0.0074477, -0.00425046, 1
5.889, 0.00744346, -0.00422181, 1
5.89, 0.00743925, -0.00419312, 1
5.891, 0.00743508, -0.00416441, 1
5.892, 0.00743093, -0.00413566, 1
5.893, 0.0074268, -0.00410689, 1
5.894, 0.00742271, -0.00407809, 1
5.895, 0.00741865, -0.00404926, 1
5.896, 0.00741461, -0.00402041, 1
5.897, 0.00741061, -0.00399152, 1
5.898, 0.00740663, -0.00396261, 1
5.899, 0.00740268, -0.00393367, 1
5.9, 0.00739876, -0.0039047, 1
5.901, 0.00739487, -0.00387571, 1
5.902, 0.00739101, -0.00384669, 1
5.903, 0.00738718, -0.00381764, 1
5.904, 0.00738338, -0.00378857, 1
5.905, 0.0073796, -0.00375947, 1
5.906, 0.00737586, -0.00373035, 1
5.907, 0.00737214, -0.0037012, 1
5.908, 0.00736845, -0.00367202, 1
5.909, 0.0073648, -0.00364283, 1
5.91, 0.00736117, -0.00361361, 1
5.911, 0.00735757, -0.00358436, 1
5.912, 0.007354, -0.00355509, 1
5.913, 0.00735046, -0.0035258, 1
5.914, 0.00734695, -0.00349649, 1
5.915, 0.00734347, -0.00346715, 1
5.916, 0.00734001, -0.00343779, 1
5.917, 0.00733659, -0.00340841, 1
5.918, 0.0073332, -0.00337901, 1
5.919, 0.00732983, -0.00334958, 1
5.92, 0.0073265, -0.00332014, 1
5.921, 0.00732319, -0.00329067, 1
5.922, 0.00731992, -0.00326119, 1
5.923, 0.00731667, -0.00323168, 1
5.924, 0.00731345, -0.00320215, 1
5.925, 0.00731027, -0.00317261, 1
5.926, 0.00730711, -0.00314304, 1
5.927, 0.00730398, -0.00311346, 1
5.928, 0.00730088, -0.00308385, 1
5.929, 0.00729781, -0.00305423, 1
5.93, 0.00729477, -0.00302459, 1
5.931, 0.00729176, -0.00299493, 1
5.932, 0.00728878, -0.00296526, 1
5.933, 0.00728583, -0.00293557, 1
5.934, 0.00728291, -0.00290586, 1
5.935, 0.00728002, -0.00287613, 1
5.936, 0.00727716, -0.00284639, 1
5.937, 0.00727433, -0.00281663, 1
5.938, 0.00727153, -0.00278686, 1
5.939, 0.00726875, -0.00275707, 1
5.94, 0.00726601, -0.00272726, 1
5.941, 0.0072633, -0.00269744, 1
5.942, 0.00726062, -0.00266761, 1
5.943, 0.00725797, -0.00263776, 1
5.944, 0.00725534, -0.0026079, 1
5.945, 0.00725275, -0.00257802, 1
5.946, 0.00725019, -0.00254813, 1
5.947, 0.00724765, -0.00251823, 1
5.948, 0.00724515, -0.00248832, 1
5.949, 0.00724268, -0.00245839, 1
5.95, 0.00724023, -0.00242845, 1
5.951, 0.00723782, -0.0023985, 1
5.952, 0.00723544, -0.00236854, 1
5.953, 0.00723308, -0.00233856, 1
5.954, 0.00723076, -0.00230858, 1
5.955, 0.00722847, -0.00227858, 1
5.956, 0.0072262, -0.00224858, 1
5.957, 0.00722397, -0.00221856, 1
5.958, 0.00722176, -0.00218853, 1
5.959, 0.00721959, -0.0021585, 1
5.96, 0.00721745, -0.00212846, 1
5.961, 0.00721533, -0.0020984, 1
5.962, 0.00721325, -0.00206834, 1
5.963, 0.0072112, -0.00203827, 1
5.964, 0.00720917, -0.00200819, 1
5.965, 0.00720718, -0.00197811, 1
5.966, 0.00720522, -0.00194801, 1
5.967, 0.00720329, -0.00191791, 1
5.968, 0.00720138, -0.00188781, 1
5.969, 0.00719951, -0.00185769, 1
5.97, 0.00719767, -0.00182757, 1
5.971, 0.00719585, -0.00179745, 1
5.972, 0.00719407, -0.00176732, 1
5.973, 0.00719232, -0.00173718, 1
5.974, 0.0071906, -0.00170704, 1
5.975, 0.00718891, -0.00167689, 1
5.976, 0.00718724, -0.00164674, 1
5.977, 0.00718561, -0.00161659, 1
5.978, 0.00718401, -0.00158643, 1
5.979, 0.00718244, -0.00155627, 1
5.98, 0.0071809, -0.0015261, 1
5.981, 0.00717939, -0.00149594, 1
5.982, 0.00717791, -0.00146577, 1
5.983, 0.00717646, -0.00143559, 1
5.984, 0.00717503, -0.00140542, 1
5.985, 0.00717364, -0.00137524, 1
5.986, 0.00717228, -0.00134506, 1
5.987, 0.00717095, -0.00131488, 1
5.988, 0.00716965, -0.0012847, 1
5.989, 0.00716839, -0.00125452, 1
5.99, 0.00716715, -0.00122434, 1
5.991, 0.00716594, -0.00119416, 1
5.992, 0.00716476, -0.00116398, 1
5.993, 0.00716361, -0.0011338, 1
5.994, 0.00716249, -0.00110362, 1
5.995, 0.0071614, -0.00107345, 1
5.996, 0.00716034, -0.00104327, 1
5.997, 0.00715931, -0.0010131, 1
5.998, 0.00715832, -0.000982926, 1
5.999, 0.00715735, -0.000952757, 1
6, 0.00715641, -0.00092259, 1
6.001, 0.0071555, -0.000892426, 1
6.002, 0.00715463, -0.000862266, 1
6.003, 0.00715378, -0.000832109, 1
6.004, 0.00715296, -0.000801956, 1
6.005, 0.00715218, -0.000771807, 1
6.006, 0.00715142, -0.000741663, 1
6.007, 0.00715069, -0.000711524, 1
6.008, 0.00715, -0.00068139, 1
6.009, 0.00714933, -0.000651261, 1
6.01, 0.00714869, -0.000621137, 1
6.011, 0.00714809, -0.00059102, 1
6.012, 0.00714751, -0.000560909, 1
6.013, 0.00714696, -0.000530804, 1
6.014, 0.00714645, -0.000500707, 1
6.015, 0.00714596, -0.000470616, 1
6.016, 0.00714551, -0.000440533, 1
6.017, 0.00714508, -0.000410457, 1
6.018, 0.00714469, -0.00038039, 1
6.019, 0.00714432, -0.000350331, 1
6.02, 0.00714399, -0.00032028, 1
6.021, 0.00714368, -0.000290238, 1
6.022, 0.00714341, -0.000260206, 1
6.023, 0.00714316, -0.000230183, 1
6.024, 0.00714295, -0.000200169, 1
6.025, 0.00714276, -0.000170166, 1
6.026, 0.00714261, -0.000140173, 1
6.027, 0.00714248, -0.000110191, 1
6.028, 0.00714238, -8.02193e-05, 1
6.029, 0.00714232, -5.02591e-05, 1
6.03, 0.00714228, -2.03103e-05, 1
6.031, 0.00714228, 9.62667e-06, 1
6.032, 0.0071423, 3.95516e-05, 1
6.033, 0.00714236, 6.94641e-05, 1
6.034, 0.00714244, 9.9364e-05, 1
6.035, 0.00714256, 0.000129251, 1
6.036, 0.0071427, 0.000159125, 1
6.037, 0.00714288, 0.000188985, 1
6.038, 0.00714308, 0.000218831, 1
6.039, 0.00714331, 0.000248664, 1
6.04, 0.00714358, 0.000278482, 1
6.041, 0.00714387, 0.000308285, 1
6.042, 0.00714419, 0.000338074, 1
6.043, 0.00714455, 0.000367847, 1
6.044, 0.00714493, 0.000397604, 1
6.045, 0.00714534, 0.000427346, 1
6.046, 0.00714578, 0.000457072, 1
6.047, 0.00714626, 0.000486781, 1
6.048, 0.00714676, 0.000516474, 1
6.049, 0.00714729, 0.00054615, 1
6.05, 0.00714785, 0.000575809, 1
6.051, 0.00714844, 0.00060545, 1
6.052, 0.00714906, 0.000635073, 1
6.053, 0.00714971, 0.000664678, 1
6.054, 0.00715039, 0.000694265, 1
6.055, 0.0071511, 0.000723833, 1
6.056, 0.00715184, 0.000753382, 1
6.057, 0.00715261, 0.000782913, 1
6.058, 0.0071534, 0.000812423, 1
6.059, 0.00715423, 0.000841914, 1
6.06, 0.00715509, 0.000871385, 1
6.061, 0.00715597, 0.000900835, 1
6.062, 0.00715689, 0.000930265, 1
6.063, 0.00715783, 0.000959674, 1
6.064, 0.00715881, 0.000989062, 1
6.065, 0.00715981, 0.00101843, 1
6.066, 0.00716084, 0.00104777, 1
6.067, 0.00716191, 0.0010771, 1
6.068, 0.007163, 0.0011064, 1
6.069, 0.00716412, 0.00113567, 1
6.07, 0.00716527, 0.00116493, 1
6.071, 0.00716645, 0.00119416, 1
6.072, 0.00716766, 0.00122337, 1
6.073, 0.0071689, 0.00125255, 1
6.074, 0.00717016, 0.00128171, 1
6.075, 0.00717146, 0.00131085, 1
6.076, 0.00717279, 0.00133996, 1
6.077, 0.00717414, 0.00136905, 1
6.078, 0.00717552, 0.00139811, 1
6.079, 0.00717694, 0.00142715, 1
6.08, 0.00717838, 0.00145616, 1
6.081, 0.00717985, 0.00148514, 1
6.082, 0.00718135, 0.0015141, 1
6.083, 0.00718288, 0.00154304, 1
6.084, 0.00718443, 0.00157194, 1
6.085, 0.00718602, 0.00160082, 1
6.086, 0.00718764, 0.00162967, 1
6.087, 0.00718928, 0.0016585, 1
6.088, 0.00719095, 0.00168729, 1
6.089, 0.00719265, 0.00171606, 1
6.09, 0.00719438, 0.0017448, 1
6.091, 0.00719614, 0.00177351, 1
6.092, 0.00719793, 0.0018022, 1
6.093, 0.00719975, 0.00183085, 1
6.094, 0.00720159, 0.00185947, 1
6.095, 0.00720347, 0.00188807, 1
6.096, 0.00720537, 0.00191663, 1
6.097, 0.0072073, 0.00194517, 1
6.098, 0.00720926, 0.00197367, 1
6.099, 0.00721125, 0.00200214, 1
6.1, 0.00721326, 0.00203058, 1
6.101, 0.00721531, 0.00205899, 1
6.102, 0.00721738, 0.00208737, 1
6.103, 0.00721948, 0.00211572, 1
6.104, 0.00722161, 0.00214404, 1
6.105, 0.00722377, 0.00217232, 1
6.106, 0.00722596, 0.00220057, 1
6.107, 0.00722817, 0.00222879, 1
6.108, 0.00723042, 0.00225697, 1
6.109, 0.00723269, 0.00228512, 1
6.11, 0.00723499, 0.00231324, 1
6.111, 0.00723731, 0.00234132, 1
6.112, 0.00723967, 0.00236937, 1
6.113, 0.00724205, 0.00239738, 1
6.114, 0.00724446, 0.00242536, 1
6.115, 0.0072469, 0.00245331, 1
6.116, 0.00724937, 0.00248122, 1
6.117, 0.00725186, 0.00250909, 1
6.118, 0.00725439, 0.00253693, 1
6.119, 0.00725694, 0.00256473, 1
6.12, 0.00725952, 0.0025925, 1
6.121, 0.00726212, 0.00262023, 1
6.122, 0.00726476, 0.00264792, 1
6.123, 0.00726742, 0.00267558, 1
6.124, 0.00727011, 0.0027032, 1
6.125, 0.00727283, 0.00273078, 1
6.126, 0.00727557, 0.00275832, 1
6.127, 0.00727834, 0.00278582, 1
6.128, 0.00728114, 0.00281329, 1
6.129, 0.00728397, 0.00284072, 1
6.13, 0.00728682, 0.00286811, 1
6.131, 0.00728971, 0.00289546, 1
6.132, 0.00729261, 0.00292277, 1
6.133, 0.00729555, 0.00295004, 1
6.134, 0.00729851, 0.00297727, 1
6.135, 0.00730151, 0.00300446, 1
6.136, 0.00730452, 0.00303161, 1
6.137, 0.00730757, 0.00305872, 1
6.138, 0.00731064, 0.00308579, 1
6.139, 0.00731374, 0.00311282, 1
6.14, 0.00731687, 0.00313981, 1
6.141, 0.00732002, 0.00316675, 1
6.142, 0.0073232, 0.00319366, 1
6.143, 0.00732641, 0.00322052, 1
6.144, 0.00732964, 0.00324734, 1
6.145, 0.0073329, 0.00327411, 1
6.146, 0.00733619, 0.00330085, 1
6.147, 0.0073395, 0.00332754, 1
6.148, 0.00734284, 0.00335419, 1
6.149, 0.00734621, 0.00338079, 1
6.15, 0.00734961, 0.00340735, 1
6.151, 0.00735303, 0.00343387, 1
6.152, 0.00735647, 0.00346034, 1
6.153, 0.00735995, 0.00348676, 1
6.154, 0.00736345, 0.00351315, 1
6.155, 0.00736697, 0.00353948, 1
6.156, 0.00737053, 0.00356578, 1
6.157, 0.0073741, 0.00359202, 1
6.158, 0.00737771, 0.00361822, 1
6.159, 0.00738134, 0.00364438, 1
6.16, 0.007385, 0.00367049, 1
6.161, 0.00738868, 0.00369655, 1
6.162, 0.00739239, 0.00372257, 1
6.163, 0.00739613, 0.00374854, 1
6.164, 0.00739989, 0.00377446, 1
6.165, 0.00740368, 0.00380033, 1
6.166, 0.00740749, 0.00382616, 1
6.167, 0.00741133, 0.00385194, 1
6.168, 0.00741519, 0.00387767, 1
6.169, 0.00741908, 0.00390335, 1
6.17, 0.007423, 0.00392898, 1
6.171, 0.00742694, 0.00395457, 1
6.172, 0.00743091, 0.0039801, 1
6.173, 0.0074349, 0.00400559, 1
6.174, 0.00743892, 0.00403103, 1
6.175, 0.00744296, 0.00405642, 1
6.176, 0.00744703, 0.00408175, 1
6.177, 0.00745113, 0.00410704, 1
6.178, 0.00745525, 0.00413228, 1
6.179, 0.00745939, 0.00415746, 1
6.18, 0.00746356, 0.0041826, 1
6.181, 0.00746776, 0.00420768, 1
6.182, 0.00747198, 0.00423272, 1
6.183, 0.00747622, 0.0042577, 1
6.184, 0.00748049, 0.00428263, 1
6.185, 0.00748479, 0.00430751, 1
6.186, 0.00748911, 0.00433233, 1
6.187, 0.00749345, 0.00435711, 1
6.188, 0.00749782, 0.00438183, 1
6.189, 0.00750222, 0.0044065, 1
6.19, 0.00750664, 0.00443111, 1
6.191, 0.00751108, 0.00445567, 1
6.192, 0.00751555, 0.00448018, 1
6.193, 0.00752004, 0.00450463, 1
6.194, 0.00752456, 0.00452903, 1
6.195, 0.0075291, 0.00455338, 1
6.196, 0.00753366, 0.00457767, 1
6.197, 0.00753825, 0.00460191, 1
6.198, 0.00754287, 0.00462609, 1
6.199, 0.0075475, 0.00465022, 1
6.2, 0.00755217, 0.00467429, 1
6.201, 0.00755685, 0.00469831, 1
6.202, 0.00756156, 0.00472227, 1
6.203, 0.0075663, 0.00474617, 1
6.204, 0.00757106, 0.00477002, 1
6.205, 0.00757584, 0.00479381, 1
6.206, 0.00758064, 0.00481755, 1
6.207, 0.00758547, 0.00484123, 1
6.208, 0.00759033, 0.00486485, 1
6.209, 0.0075952, 0.00488842, 1
6.21, 0.0076001, 0.00491192, 1
6.211, 0.00760503, 0.00493537, 1
6.212, 0.00760997, 0.00495877, 1
6.213, 0.00761494, 0.0049821, 1
6.214, 0.00761994, 0.00500538, 1
6.215, 0.00762495, 0.00502859, 1
6.216, 0.00762999, 0.00505175, 1
6.217, 0.00763506, 0.00507485, 1
6.218, 0.00764014, 0.00509789, 1
6.219, 0.00764525, 0.00512088, 1
6.22, 0.00765039, 0.0051438, 1
6.221, 0.00765554, 0.00516666, 1
6.222, 0.00766072, 0.00518947, 1
6.223, 0.00766592, 0.00521221, 1
6.224, 0.00767114, 0.00523489, 1
6.225, 0.00767639, 0.00525751, 1
6.226, 0.00768166, 0.00528008, 1
6.227, 0.00768695, 0.00530258, 1
6.228, 0.00769226, 0.00532502, 1
6.229, 0.0076976, 0.0053474, 1
6.23, 0.00770296, 0.00536971, 1
6.231, 0.00770834, 0.00539197, 1
6.232, 0.00771374, 0.00541417, 1
6.233, 0.00771917, 0.0054363, 1
6.234, 0.00772462, 0.00545837, 1
6.235, 0.00773008, 0.00548038, 1
6.236, 0.00773558, 0.00550232, 1
6.237, 0.00774109, 0.0055242, 1
6.238, 0.00774662, 0.00554602, 1
6.239, 0.00775218, 0.00556778, 1
6.24, 0.00775776, 0.00558947, 1
6.241, 0.00776336, 0.0056111, 1
6.242, 0.00776898, 0.00563267, 1
6.243, 0.00777463, 0.00565417, 1
6.244, 0.00778029, 0.00567561, 1
6.245, 0.00778598, 0.00569698, 1
6.246, 0.00779168, 0.00571829, 1
6.247, 0.00779741, 0.00573954, 1
6.248, 0.00780316, 0.00576071, 1
6.249, 0.00780893, 0.00578183, 1
6.25, 0.00781473, 0.00580288, 1
6.251, 0.00782054, 0.00582386, 1
6.252, 0.00782637, 0.00584478, 1
6.253, 0.00783223, 0.00586564, 1
6.254, 0.00783811, 0.00588642, 1
6.255, 0.007844, 0.00590715, 1
6.256, 0.00784992, 0.0059278, 1
6.257, 0.00785586, 0.00594839, 1
6.258, 0.00786182, 0.00596891, 1
6.259, 0.0078678, 0.00598937, 1
6.26, 0.0078738, 0.00600975, 1
6.261, 0.00787982, 0.00603008, 1
6.262, 0.00788586, 0.00605033, 1
6.263, 0.00789192, 0.00607052, 1
6.264, 0.007898, 0.00609064, 1
6.265, 0.0079041, 0.00611069, 1
6.266, 0.00791022, 0.00613067, 1
6.267, 0.00791636, 0.00615059, 1
6.268, 0.00792252, 0.00617043, 1
6.269, 0.0079287, 0.00619021, 1
6.27, 0.0079349, 0.00620992, 1
6.271, 0.00794112, 0.00622956, 1
6.272, 0.00794736, 0.00624913, 1
6.273, 0.00795362, 0.00626864, 1
6.274, 0.0079599, 0.00628807, 1
6.275, 0.00796619, 0.00630744, 1
6.276, 0.00797251, 0.00632673, 1
6.277, 0.00797885, 0.00634595, 1
6.278, 0.0079852, 0.00636511, 1
6.279, 0.00799158, 0.00638419, 1
6.28, 0.00799797, 0.00640321, 1
6.281, 0.00800438, 0.00642215, 1
6.282, 0.00801082, 0.00644103, 1
6.283, 0.00801727, 0.00645983, 1
6.284, 0.00802373, 0.00647856, 1
6.285, 0.00803022, 0.00649722, 1
6.286, 0.00803673, 0.00651581, 1
6.287, 0.00804325, 0.00653433, 1
6.288, 0.0080498, 0.00655278, 1
6.289, 0.00805636, 0.00657115, 1
6.29, 0.00806294, 0.00658946, 1
6.291, 0.00806954, 0.00660769, 1
6.292, 0.00807616, 0.00662585, 1
6.293, 0.00808279, 0.00664394, 1
6.294, 0.00808944, 0.00666195, 1
6.295, 0.00809611, 0.00667989, 1
6.296, 0.0081028, 0.00669776, 1
6.297, 0.00810951, 0.00671556, 1
6.298, 0.00811623, 0.00673328, 1
6.299, 0.00812298, 0.00675093, 1
6.3, 0.00812974, 0.00676851, 1
6.301, 0.00813651, 0.00678602, 1
6.302, 0.00814331, 0.00680345, 1
6.303, 0.00815012, 0.0068208, 1
6.304, 0.00815695, 0.00683809, 1
6.305, 0.0081638, 0.0068553, 1
6.306, 0.00817066, 0.00687243, 1
6.307, 0.00817754, 0.00688949, 1
6.308, 0.00818444, 0.00690648, 1
6.309, 0.00819135, 0.00692339, 1
6.31, 0.00819829, 0.00694023, 1
6.311, 0.00820523, 0.00695699, 1
6.312, 0.0082122, 0.00697367, 1
6.313, 0.00821918, 0.00699029, 1
6.314, 0.00822618, 0.00700682, 1
6.315, 0.0082332, 0.00702329, 1
6.316, 0.00824023, 0.00703967, 1
6.317, 0.00824727, 0.00705598, 1
6.318, 0.00825434, 0.00707222, 1
6.319, 0.00826142, 0.00708838, 1
6.32, 0.00826852, 0.00710446, 1
6.321, 0.00827563, 0.00712047, 1
6.322, 0.00828276, 0.0071364, 1
6.323, 0.0082899, 0.00715225, 1
6.324, 0.00829706, 0.00716803, 1
6.325, 0.00830424, 0.00718373, 1
6.326, 0.00831143, 0.00719935, 1
6.327, 0.00831864, 0.0072149, 1
6.328, 0.00832586, 0.00723037, 1
6.329, 0.0083331, 0.00724577, 1
6.33, 0.00834035, 0.00726108, 1
6.331, 0.00834762, 0.00727632, 1
6.332, 0.0083549, 0.00729148, 1
6.333, 0.0083622, 0.00730657, 1
6.334, 0.00836952, 0.00732157, 1
6.335, 0.00837684, 0.0073365, 1
6.336, 0.00838419, 0.00735135, 1
6.337, 0.00839155, 0.00736613, 1
6.338, 0.00839892, 0.00738082, 1
6.339, 0.00840631, 0.00739544, 1
6.34, 0.00841371, 0.00740997, 1
6.341, 0.00842113, 0.00742443, 1
6.342, 0.00842856, 0.00743881, 1
6.343, 0.00843601, 0.00745312, 1
6.344, 0.00844347, 0.00746734, 1
6.345, 0.00845094, 0.00748148, 1
6.346, 0.00845843, 0.00749555, 1
6.347, 0.00846593, 0.00750953, 1
6.348, 0.00847345, 0.00752344, 1
6.349, 0.00848098, 0.00753727, 1
6.35, 0.00848852, 0.00755102, 1
6.351, 0.00849608, 0.00756468, 1
6.352, 0.00850365, 0.00757827, 1
6.353, 0.00851124, 0.00759178, 1
6.354, 0.00851884, 0.00760521, 1
6.355, 0.00852645, 0.00761856, 1
6.356, 0.00853407, 0.00763183, 1
6.357, 0.00854171, 0.00764502, 1
6.358, 0.00854936, 0.00765813, 1
6.359, 0.00855703, 0.00767115, 1
6.36, 0.00856471, 0.0076841, 1
6.361, 0.0085724, 0.00769697, 1
6.362, 0.0085801, 0.00770976, 1
6.363, 0.00858782, 0.00772246, 1
6.364, 0.00859554, 0.00773509, 1
6.365, 0.00860329, 0.00774763, 1
6.366, 0.00861104, 0.0077601, 1
6.367, 0.00861881, 0.00777248, 1
6.368, 0.00862658, 0.00778478, 1
6.369, 0.00863438, 0.007797, 1
6.37, 0.00864218, 0.00780914, 1
6.371, 0.00864999, 0.00782119, 1
6.372, 0.00865782, 0.00783317, 1
6.373, 0.00866566, 0.00784506, 1
6.374, 0.00867351, 0.00785687, 1
6.375, 0.00868137, 0.00786861, 1
6.376, 0.00868925, 0.00788025, 1
6.377, 0.00869713, 0.00789182, 1
6.378, 0.00870503, 0.0079033, 1
6.379, 0.00871294, 0.00791471, 1
6.38, 0.00872086, 0.00792603, 1
6.381, 0.00872879, 0.00793726, 1
6.382, 0.00873674, 0.00794842, 1
6.383, 0.00874469, 0.00795949, 1
6.384, 0.00875265, 0.00797048, 1
6.385, 0.00876063, 0.00798139, 1
6.386, 0.00876862, 0.00799222, 1
6.387, 0.00877661, 0.00800296, 1
6.388, 0.00878462, 0.00801362, 1
6.389, 0.00879264, 0.0080242, 1
6.39, 0.00880067, 0.00803469, 1
6.391, 0.00880871, 0.0080451, 1
6.392, 0.00881676, 0.00805543, 1
6.393, 0.00882482, 0.00806568, 1
6.394, 0.00883289, 0.00807584, 1
6.395, 0.00884097, 0.00808592, 1
6.396, 0.00884906, 0.00809591, 1
6.397, 0.00885717, 0.00810582, 1
6.398, 0.00886528, 0.00811565, 1
6.399, 0.0088734, 0.0081254, 1
6.4, 0.00888153, 0.00813506, 1
6.401, 0.00888967, 0.00814463, 1
6.402, 0.00889782, 0.00815413, 1
6.403, 0.00890598, 0.00816354, 1
6.404, 0.00891414, 0.00817286, 1
6.405, 0.00892232, 0.00818211, 1
6.406, 0.00893051, 0.00819126, 1
6.407, 0.0089387, 0.00820034, 1
6.408, 0.00894691, 0.00820933, 1
6.409, 0.00895512, 0.00821824, 1
6.41, 0.00896334, 0.00822706, 1
6.411, 0.00897158, 0.0082358, 1
6.412, 0.00897982, 0.00824445, 1
6.413, 0.00898807, 0.00825302, 1
6.414, 0.00899632, 0.0082615, 1
6.415, 0.00900459, 0.0082699, 1
6.416, 0.00901286, 0.00827822, 1
6.417, 0.00902114, 0.00828645, 1
6.418, 0.00902944, 0.0082946, 1
6.419, 0.00903773, 0.00830266, 1
6.42, 0.00904604, 0.00831064, 1
6.421, 0.00905435, 0.00831853, 1
6.422, 0.00906268, 0.00832634, 1
6.423, 0.00907101, 0.00833406, 1
6.424, 0.00907935, 0.0083417, 1
6.425, 0.00908769, 0.00834925, 1
6.426, 0.00909604, 0.00835672, 1
6.427, 0.0091044, 0.00836411, 1
6.428, 0.00911277, 0.00837141, 1
6.429, 0.00912115, 0.00837862, 1
6.43, 0.00912953, 0.00838575, 1
6.431, 0.00913792, 0.00839279, 1
6.432, 0.00914631, 0.00839975, 1
6.433, 0.00915472, 0.00840662, 1
6.434, 0.00916313, 0.00841341, 1
6.435, 0.00917154, 0.00842012, 1
6.436, 0.00917997, 0.00842673, 1
6.437, 0.0091884, 0.00843327, 1
6.438, 0.00919683, 0.00843971, 1
6.439, 0.00920528, 0.00844608, 1
6.44, 0.00921373, 0.00845235, 1
6.441, 0.00922218, 0.00845854, 1
6.442, 0.00923064, 0.00846465, 1
6.443, 0.00923911, 0.00847067, 1
6.444, 0.00924759, 0.0084766, 1
6.445, 0.00925606, 0.00848245, 1
6.446, 0.00926455, 0.00848822, 1
6.447, 0.00927304, 0.00849389, 1
6.448, 0.00928154, 0.00849949, 1
6.449, 0.00929004, 0.00850499, 1
6.45, 0.00929855, 0.00851041, 1
6.451, 0.00930706, 0.00851575, 1
6.452, 0.00931558, 0.008521, 1
6.453, 0.0093241, 0.00852616, 1
6.454, 0.00933263, 0.00853124, 1
6.455, 0.00934117, 0.00853623, 1
6.456, 0.0093497, 0.00854114, 1
6.457, 0.00935825, 0.00854596, 1
6.458, 0.0093668, 0.0085507, 1
6.459, 0.00937535, 0.00855535, 1
6.46, 0.00938391, 0.00855991, 1
6.461, 0.00939247, 0.00856439, 1
6.462, 0.00940104, 0.00856878, 1
6.463, 0.00940961, 0.00857309, 1
6.464, 0.00941818, 0.00857731, 1
6.465, 0.00942676, 0.00858145, 1
6.466, 0.00943534, 0.0085855, 1
6.467, 0.00944393, 0.00858946, 1
6.468, 0.00945252, 0.00859334, 1
6.469, 0.00946112, 0.00859713, 1
6.47, 0.00946972, 0.00860084, 1
6.471, 0.00947832, 0.00860446, 1
6.472, 0.00948693, 0.00860799, 1
6.473, 0.00949554, 0.00861144, 1
6.474, 0.00950415, 0.0086148, 1
6.475, 0.00951277, 0.00861808, 1
6.476, 0.00952139, 0.00862127, 1
6.477, 0.00953001, 0.00862437, 1
6.478, 0.00953863, 0.00862739, 1
6.479, 0.00954726, 0.00863033, 1
6.48, 0.00955589, 0.00863318, 1
6.481, 0.00956453, 0.00863594, 1
6.482, 0.00957317, 0.00863861, 1
6.483, 0.00958181, 0.0086412, 1
6.484, 0.00959045, 0.00864371, 1
6.485, 0.00959909, 0.00864613, 1
6.486, 0.00960774, 0.00864846, 1
6.487, 0.00961639, 0.00865071, 1
6.488, 0.00962504, 0.00865287, 1
6.489, 0.0096337, 0.00865494, 1
6.49, 0.00964235, 0.00865693, 1
6.491, 0.00965101, 0.00865884, 1
6.492, 0.00965967, 0.00866066, 1
6.493, 0.00966833, 0.00866239, 1
6.494, 0.00967699, 0.00866404, 1
6.495, 0.00968566, 0.0086656, 1
6.496, 0.00969433, 0.00866708, 1
6.497, 0.00970299, 0.00866847, 1
6.498, 0.00971166, 0.00866977, 1
6.499, 0.00972033, 0.00867099, 1
6.5, 0.009729, 0.00867212, 1
6.501, 0.00973768, 0.00867317, 1
6.502, 0.00974635, 0.00867414, 1
6.503, 0.00975503, 0.00867501, 1
6.504, 0.0097637, 0.00867581, 1
6.505, 0.00977238, 0.00867651, 1
6.506, 0.00978105, 0.00867713, 1
6.507, 0.00978973, 0.00867767, 1
6.508, 0.00979841, 0.00867812, 1
6.509, 0.00980709, 0.00867848, 1
6.51, 0.00981577, 0.00867876, 1
6.511, 0.00982445, 0.00867896, 1
6.512, 0.00983312, 0.00867907, 1
6.513, 0.0098418, 0.00867909, 1
6.514, 0.00985048, 0.00867903, 1
6.515, 0.00985916, 0.00867889, 1
6.516, 0.00986784, 0.00867866, 1
6.517, 0.00987652, 0.00867834, 1
6.518, 0.0098852, 0.00867794, 1
6.519, 0.00989387, 0.00867745, 1
6.52, 0.00990255, 0.00867688, 1
6.521, 0.00991123, 0.00867623, 1
6.522, 0.0099199, 0.00867549, 1
6.523, 0.00992858, 0.00867466, 1
6.524, 0.00993725, 0.00867375, 1
6.525, 0.00994593, 0.00867276, 1
6.526, 0.0099546, 0.00867168, 1
6.527, 0.00996327, 0.00867051, 1
6.528, 0.00997194, 0.00866926, 1
6.529, 0.00998061, 0.00866793, 1
6.53, 0.00998928, 0.00866651, 1
6.531, 0.00999794, 0.00866501, 1
6.532, 0.0100066, 0.00866343, 1
6.533, 0.0100153, 0.00866175, 1
6.534, 0.0100239, 0.00866, 1
6.535, 0.0100326, 0.00865816, 1
6.536, 0.0100412, 0.00865624, 1
6.537, 0.0100499, 0.00865423, 1
6.538, 0.0100586, 0.00865214, 1
6.539, 0.0100672, 0.00864996, 1
6.54, 0.0100759, 0.0086477, 1
6.541, 0.0100845, 0.00864536, 1
6.542, 0.0100931, 0.00864293, 1
6.543, 0.0101018, 0.00864042, 1
6.544, 0.0101104, 0.00863783, 1
6.545, 0.0101191, 0.00863515, 1
6.546, 0.0101277, 0.00863239, 1
6.547, 0.0101363, 0.00862954, 1
6.548, 0.010145, 0.00862661, 1
6.549, 0.0101536, 0.0086236, 1
6.55, 0.0101622, 0.0086205, 1
6.551, 0.0101708, 0.00861732, 1
6.552, 0.0101794, 0.00861406, 1
6.553, 0.010188, 0.00861071, 1
6.554, 0.0101967, 0.00860729, 1
6.555, 0.0102053, 0.00860377, 1
6.556, 0.0102139, 0.00860018, 1
6.557, 0.0102225, 0.0085965, 1
6.558, 0.0102311, 0.00859274, 1
6.559, 0.0102396, 0.0085889, 1
6.56, 0.0102482, 0.00858497, 1
6.561, 0.0102568, 0.00858096, 1
6.562, 0.0102654, 0.00857687, 1
6.563, 0.010274, 0.0085727, 1
6.564, 0.0102825, 0.00856844, 1
6.565, 0.0102911, 0.0085641, 1
6.566, 0.0102997, 0.00855968, 1
6.567, 0.0103082, 0.00855518, 1
6.568, 0.0103168, 0.00855059, 1
6.569, 0.0103253, 0.00854593, 1
6.57, 0.0103339, 0.00854118, 1
6.571, 0.0103424, 0.00853635, 1
6.572, 0.0103509, 0.00853143, 1
6.573, 0.0103595, 0.00852644, 1
6.574, 0.010368, 0.00852136, 1
6.575, 0.0103765, 0.00851621, 1
6.576, 0.010385, 0.00851097, 1
6.577, 0.0103935, 0.00850565, 1
6.578, 0.010402, 0.00850024, 1
6.579, 0.0104105, 0.00849476, 1
6.58, 0.010419, 0.0084892, 1
6.581, 0.0104275, 0.00848355, 1
6.582, 0.010436, 0.00847783, 1
6.583, 0.0104445, 0.00847202, 1
6.584, 0.0104529, 0.00846613, 1
6.585, 0.0104614, 0.00846016, 1
6.586, 0.0104699, 0.00845412, 1
6.587, 0.0104783, 0.00844799, 1
6.588, 0.0104868, 0.00844178, 1
6.589, 0.0104952, 0.00843549, 1
6.59, 0.0105036, 0.00842912, 1
6.591, 0.0105121, 0.00842267, 1
6.592, 0.0105205, 0.00841613, 1
6.593, 0.0105289, 0.00840952, 1
6.594, 0.0105373, 0.00840283, 1
6.595, 0.0105457, 0.00839606, 1
6.596, 0.0105541, 0.00838921, 1
6.597, 0.0105625, 0.00838229, 1
6.598, 0.0105709, 0.00837528, 1
6.599, 0.0105792, 0.00836819, 1
6.6, 0.0105876, 0.00836102, 1
6.601, 0.0105959, 0.00835378, 1
6.602, 0.0106043, 0.00834645, 1
6.603, 0.0106126, 0.00833905, 1
6.604, 0.010621, 0.00833156, 1
6.605, 0.0106293, 0.008324, 1
6.606, 0.0106376, 0.00831636, 1
6.607, 0.0106459, 0.00830864, 1
6.608, 0.0106542, 0.00830085, 1
6.609, 0.0106625, 0.00829297, 1
6.61, 0.0106708, 0.00828502, 1
6.611, 0.0106791, 0.00827698, 1
6.612, 0.0106874, 0.00826887, 1
6.613, 0.0106956, 0.00826069, 1
6.614, 0.0107039, 0.00825242, 1
6.615, 0.0107121, 0.00824408, 1
6.616, 0.0107204, 0.00823566, 1
6.617, 0.0107286, 0.00822716, 1
6.618, 0.0107368, 0.00821858, 1
6.619, 0.0107451, 0.00820993, 1
6.62, 0.0107533, 0.0082012, 1
6.621, 0.0107615, 0.0081924, 1
6.622, 0.0107696, 0.00818351, 1
6.623, 0.0107778, 0.00817455, 1
6.624, 0.010786, 0.00816552, 1
6.625, 0.0107942, 0.0081564, 1
6.626, 0.0108023, 0.00814721, 1
6.627, 0.0108105, 0.00813795, 1
6.628, 0.0108186, 0.00812861, 1
6.629, 0.0108267, 0.00811919, 1
6.63, 0.0108348, 0.0081097, 1
6.631, 0.0108429, 0.00810013, 1
6.632, 0.010851, 0.00809048, 1
6.633, 0.0108591, 0.00808076, 1
6.634, 0.0108672, 0.00807097, 1
6.635, 0.0108753, 0.00806109, 1
6.636, 0.0108833, 0.00805115, 1
6.637, 0.0108914, 0.00804113, 1
6.638, 0.0108994, 0.00803103, 1
6.639, 0.0109074, 0.00802086, 1
6.64, 0.0109154, 0.00801062, 1
6.641, 0.0109234, 0.0080003, 1
6.642, 0.0109314, 0.0079899, 1
6.643, 0.0109394, 0.00797943, 1
6.644, 0.0109474, 0.00796889, 1
6.645, 0.0109554, 0.00795827, 1
6.646, 0.0109633, 0.00794758, 1
6.647, 0.0109712, 0.00793682, 1
6.648, 0.0109792, 0.00792598, 1
6.649, 0.0109871, 0.00791507, 1
6.65, 0.010995, 0.00790409, 1
6.651, 0.0110029, 0.00789303, 1
6.652, 0.0110108, 0.0078819, 1
6.653, 0.0110187, 0.0078707, 1
6.654, 0.0110265, 0.00785942, 1
6.655, 0.0110344, 0.00784808, 1
6.656, 0.0110422, 0.00783665, 1
6.657, 0.0110501, 0.00782516, 1
6.658, 0.0110579, 0.0078136, 1
6.659, 0.0110657, 0.00780196, 1
6.66, 0.0110735, 0.00779025, 1
6.661, 0.0110813, 0.00777847, 1
6.662, 0.011089, 0.00776662, 1
6.663, 0.0110968, 0.00775469, 1
6.664, 0.0111046, 0.0077427, 1
6.665, 0.0111123, 0.00773063, 1
6.666, 0.01112, 0.0077185, 1
6.667, 0.0111277, 0.00770629, 1
6.668, 0.0111354, 0.00769401, 1
6.669, 0.0111431, 0.00768166, 1
6.67, 0.0111508, 0.00766924, 1
6.671, 0.0111585, 0.00765675, 1
6.672, 0.0111661, 0.00764419, 1
6.673, 0.0111737, 0.00763156, 1
6.674, 0.0111814, 0.00761886, 1
6.675, 0.011189, 0.00760609, 1
6.676, 0.0111966, 0.00759325, 1
6.677, 0.0112042, 0.00758035, 1
6.678, 0.0112117, 0.00756737, 1
6.679, 0.0112193, 0.00755432, 1
6.68, 0.0112268, 0.00754121, 1
6.681, 0.0112344, 0.00752802, 1
6.682, 0.0112419, 0.00751477, 1
6.683, 0.0112494, 0.00750145, 1
6.684, 0.0112569, 0.00748806, 1
6.685, 0.0112644, 0.0074746, 1
6.686, 0.0112719, 0.00746108, 1
6.687, 0.0112793, 0.00744749, 1
6.688, 0.0112868, 0.00743383, 1
6.689, 0.0112942, 0.0074201, 1
6.69, 0.0113016, 0.0074063, 1
6.691, 0.011309, 0.00739244, 1
6.692, 0.0113164, 0.00737851, 1
6.693, 0.0113237, 0.00736451, 1
6.694, 0.0113311, 0.00735045, 1
6.695, 0.0113385, 0.00733632, 1
6.696, 0.0113458, 0.00732213, 1
6.697, 0.0113531, 0.00730787, 1
6.698, 0.0113604, 0.00729354, 1
6.699, 0.0113677, 0.00727914, 1
6.7, 0.011375, 0.00726469, 1
6.701, 0.0113822, 0.00725016, 1
6.702, 0.0113895, 0.00723557, 1
6.703, 0.0113967, 0.00722092, 1
6.704, 0.0114039, 0.0072062, 1
6.705, 0.0114111, 0.00719141, 1
6.706, 0.0114183, 0.00717656, 1
6.707, 0.0114254, 0.00716165, 1
6.708, 0.0114326, 0.00714667, 1
6.709, 0.0114397, 0.00713163, 1
6.71, 0.0114469, 0.00711652, 1
6.711, 0.011454, 0.00710135, 1
6.712, 0.0114611, 0.00708612, 1
6.713, 0.0114681, 0.00707082, 1
6.714, 0.0114752, 0.00705546, 1
6.715, 0.0114823, 0.00704004, 1
6.716, 0.0114893, 0.00702455, 1
6.717, 0.0114963, 0.00700901, 1
6.718, 0.0115033, 0.00699339, 1
6.719, 0.0115103, 0.00697772, 1
6.72, 0.0115173, 0.00696199, 1
6.721, 0.0115242, 0.00694619, 1
6.722, 0.0115312, 0.00693033, 1
6.723, 0.0115381, 0.00691441, 1
6.724, 0.011545, 0.00689842, 1
6.725, 0.0115519, 0.00688238, 1
6.726, 0.0115587, 0.00686628, 1
6.727, 0.0115656, 0.00685011, 1
6.728, 0.0115724, 0.00683388, 1
6.729, 0.0115793, 0.0068176, 1
6.73, 0.0115861, 0.00680125, 1
6.731, 0.0115929, 0.00678484, 1
6.732, 0.0115997, 0.00676837, 1
6.733, 0.0116064, 0.00675185, 1
6.734, 0.0116132, 0.00673526, 1
6.735, 0.0116199, 0.00671861, 1
6.736, 0.0116266, 0.00670191, 1
6.737, 0.0116333, 0.00668514, 1
6.738, 0.01164, 0.00666832, 1
6.739, 0.0116466, 0.00665144, 1
6.74, 0.0116533, 0.0066345, 1
6.741, 0.0116599, 0.0066175, 1
6.742, 0.0116665, 0.00660044, 1
6.743, 0.0116731, 0.00658333, 1
6.744, 0.0116797, 0.00656615, 1
6.745, 0.0116862, 0.00654892, 1
6.746, 0.0116928, 0.00653164, 1
6.747, 0.0116993, 0.00651429, 1
6.748, 0.0117058, 0.00649689, 1
6.749, 0.0117123, 0.00647943, 1
6.75, 0.0117188, 0.00646192, 1
6.751, 0.0117252, 0.00644435, 1
6.752, 0.0117316, 0.00642672, 1
6.753, 0.0117381, 0.00640904, 1
6.754, 0.0117445, 0.0063913, 1
6.755, 0.0117508, 0.0063735, 1
6.756, 0.0117572, 0.00635565, 1
6.757, 0.0117636, 0.00633775, 1
6.758, 0.0117699, 0.00631979, 1
6.759, 0.0117762, 0.00630177, 1
6.76, 0.0117825, 0.0062837, 1
6.761, 0.0117888, 0.00626558, 1
6.762, 0.011795, 0.0062474, 1
6.763, 0.0118013, 0.00622917, 1
6.764, 0.0118075, 0.00621088, 1
6.765, 0.0118137, 0.00619254, 1
6.766, 0.0118199, 0.00617415, 1
6.767, 0.011826, 0.0061557, 1
6.768, 0.0118322, 0.0061372, 1
6.769, 0.0118383, 0.00611865, 1
6.77, 0.0118444, 0.00610004, 1
6.771, 0.0118505, 0.00608139, 1
6.772, 0.0118566, 0.00606268, 1
6.773, 0.0118626, 0.00604392, 1
6.774, 0.0118687, 0.0060251, 1
6.775, 0.0118747, 0.00600624, 1
6.776, 0.0118807, 0.00598732, 1
6.777, 0.0118867, 0.00596836, 1
6.778, 0.0118926, 0.00594934, 1
6.779, 0.0118985, 0.00593027, 1
6.78, 0.0119045, 0.00591115, 1
6.781, 0.0119104, 0.00589198, 1
6.782, 0.0119163, 0.00587276, 1
6.783, 0.0119221, 0.00585349, 1
6.784, 0.011928, 0.00583417, 1
6.785, 0.0119338, 0.0058148, 1
6.786, 0.0119396, 0.00579538, 1
6.787, 0.0119454, 0.00577592, 1
6.788, 0.0119511, 0.0057564, 1
6.789, 0.0119569, 0.00573684, 1
6.79, 0.0119626, 0.00571722, 1
6.791, 0.0119683, 0.00569756, 1
6.792, 0.011974, 0.00567785, 1
6.793, 0.0119797, 0.00565809, 1
6.794, 0.0119853, 0.00563829, 1
6.795, 0.011991, 0.00561844, 1
6.796, 0.0119966, 0.00559854, 1
6.797, 0.0120022, 0.00557859, 1
6.798, 0.0120077, 0.0055586, 1
6.799, 0.0120133, 0.00553856, 1
6.8, 0.0120188, 0.00551847, 1
6.801, 0.0120243, 0.00549834, 1
6.802, 0.0120298, 0.00547816, 1
6.803, 0.0120353, 0.00545794, 1
6.804, 0.0120407, 0.00543767, 1
6.805, 0.0120461, 0.00541736, 1
6.806, 0.0120515, 0.005397, 1
6.807, 0.0120569, 0.00537659, 1
6.808, 0.0120623, 0.00535614, 1
6.809, 0.0120676, 0.00533565, 1
6.81, 0.012073, 0.00531511, 1
6.811, 0.0120783, 0.00529453, 1
6.812, 0.0120836, 0.00527391, 1
6.813, 0.0120888, 0.00525324, 1
6.814, 0.0120941, 0.00523253, 1
6.815, 0.0120993, 0.00521178, 1
6.816, 0.0121045, 0.00519098, 1
6.817, 0.0121097, 0.00517014, 1
6.818, 0.0121148, 0.00514926, 1
6.819, 0.01212, 0.00512833, 1
6.82, 0.0121251, 0.00510737, 1
6.821, 0.0121302, 0.00508636, 1
6.822, 0.0121353, 0.00506531, 1
6.823, 0.0121403, 0.00504422, 1
6.824, 0.0121453, 0.00502309, 1
6.825, 0.0121504, 0.00500191, 1
6.826, 0.0121554, 0.0049807, 1
6.827, 0.0121603, 0.00495945, 1
6.828, 0.0121653, 0.00493815, 1
6.829, 0.0121702, 0.00491682, 1
6.83, 0.0121751, 0.00489545, 1
6.831, 0.01218, 0.00487403, 1
6.832, 0.0121849, 0.00485258, 1
6.833, 0.0121897, 0.00483109, 1
6.834, 0.0121945, 0.00480956, 1
6.835, 0.0121993, 0.00478799, 1
6.836, 0.0122041, 0.00476639, 1
6.837, 0.0122088, 0.00474474, 1
6.838, 0.0122136, 0.00472306, 1
6.839, 0.0122183, 0.00470134, 1
6.84, 0.012223, 0.00467958, 1
6.841, 0.0122277, 0.00465779, 1
6.842, 0.0122323, 0.00463595, 1
6.843, 0.0122369, 0.00461409, 1
6.844, 0.0122415, 0.00459218, 1
6.845, 0.0122461, 0.00457024, 1
6.846, 0.0122507, 0.00454826, 1
6.847, 0.0122552, 0.00452625, 1
6.848, 0.0122597, 0.0045042, 1
6.849, 0.0122642, 0.00448212, 1
6.85, 0.0122687, 0.00446, 1
6.851, 0.0122731, 0.00443784, 1
6.852, 0.0122776, 0.00441565, 1
6.853, 0.012282, 0.00439343, 1
6.854, 0.0122863, 0.00437117, 1
6.855, 0.0122907, 0.00434888, 1
6.856, 0.012295, 0.00432656, 1
6.857, 0.0122994, 0.0043042, 1
6.858, 0.0123037, 0.00428181, 1
6.859, 0.0123079, 0.00425938, 1
6.86, 0.0123122, 0.00423692, 1
6.861, 0.0123164, 0.00421443, 1
6.862, 0.0123206, 0.00419191, 1
6.863, 0.0123248, 0.00416935, 1
6.864, 0.0123289, 0.00414677, 1
6.865, 0.0123331, 0.00412415, 1
6.866, 0.0123372, 0.0041015, 1
6.867, 0.0123413, 0.00407882, 1
6.868, 0.0123453, 0.00405611, 1
6.869, 0.0123494, 0.00403336, 1
6.87, 0.0123534, 0.00401059, 1
6.871, 0.0123574, 0.00398779, 1
6.872, 0.0123614, 0.00396496, 1
6.873, 0.0123653, 0.00394209, 1
6.874, 0.0123693, 0.0039192, 1
6.875, 0.0123732, 0.00389628, 1
6.876, 0.0123771, 0.00387333, 1
6.877, 0.0123809, 0.00385035, 1
6.878, 0.0123848, 0.00382734, 1
6.879, 0.0123886, 0.0038043, 1
6.88, 0.0123924, 0.00378124, 1
6.881, 0.0123961, 0.00375815, 1
6.882, 0.0123999, 0.00373503, 1
6.883, 0.0124036, 0.00371188, 1
6.884, 0.0124073, 0.0036887, 1
6.885, 0.012411, 0.0036655, 1
6.886, 0.0124146, 0.00364227, 1
6.887, 0.0124183, 0.00361902, 1
6.888, 0.0124219, 0.00359574, 1
6.889, 0.0124255, 0.00357243, 1
6.89, 0.012429, 0.0035491, 1
6.891, 0.0124326, 0.00352574, 1
6.892, 0.0124361, 0.00350236, 1
6.893, 0.0124396, 0.00347895, 1
6.894, 0.012443, 0.00345552, 1
6.895, 0.0124465, 0.00343206, 1
6.896, 0.0124499, 0.00340858, 1
6.897, 0.0124533, 0.00338507, 1
6.898, 0.0124567, 0.00336154, 1
6.899, 0.01246, 0.00333799, 1
6.9, 0.0124633, 0.00331441, 1
6.901, 0.0124666, 0.00329081, 1
6.902, 0.0124699, 0.00326719, 1
6.903, 0.0124732, 0.00324355, 1
6.904, 0.0124764, 0.00321988, 1
6.905, 0.0124796, 0.00319619, 1
6.906, 0.0124828, 0.00317248, 1
6.907, 0.012486, 0.00314875, 1
6.908, 0.0124891, 0.00312499, 1
6.909, 0.0124922, 0.00310122, 1
6.91, 0.0124953, 0.00307742, 1
6.911, 0.0124984, 0.0030536, 1
6.912, 0.0125014, 0.00302977, 1
6.913, 0.0125044, 0.00300591, 1
6.914, 0.0125074, 0.00298203, 1
6.915, 0.0125104, 0.00295813, 1
6.916, 0.0125133, 0.00293422, 1
6.917, 0.0125163, 0.00291028, 1
6.918, 0.0125192, 0.00288633, 1
6.919, 0.012522, 0.00286235, 1
6.92, 0.0125249, 0.00283836, 1
6.921, 0.0125277, 0.00281435, 1
6.922, 0.0125305, 0.00279032, 1
6.923, 0.0125333, 0.00276627, 1
6.924, 0.012536, 0.00274221, 1
6.925, 0.0125388, 0.00271813, 1
6.926, 0.0125415, 0.00269403, 1
6.927, 0.0125442, 0.00266992, 1
6.928, 0.0125468, 0.00264579, 1
6.929, 0.0125495, 0.00262164, 1
6.93, 0.0125521, 0.00259748, 1
6.931, 0.0125547, 0.0025733, 1
6.932, 0.0125572, 0.0025491, 1
6.933, 0.0125598, 0.00252489, 1
6.934, 0.0125623, 0.00250066, 1
6.935, 0.0125648, 0.00247642, 1
6.936, 0.0125672, 0.00245217, 1
6.937, 0.0125697, 0.0024279, 1
6.938, 0.0125721, 0.00240362, 1
6.939, 0.0125745, 0.00237932, 1
6.94, 0.0125768, 0.00235501, 1
6.941, 0.0125792, 0.00233069, 1
6.942, 0.0125815, 0.00230635, 1
6.943, 0.0125838, 0.002282, 1
6.944, 0.0125861, 0.00225764, 1
6.945, 0.0125883, 0.00223326, 1
6.946, 0.0125905, 0.00220887, 1
6.947, 0.0125927, 0.00218447, 1
6.948, 0.0125949, 0.00216006, 1
6.949, 0.012597, 0.00213564, 1
6.95, 0.0125992, 0.00211121, 1
6.951, 0.0126013, 0.00208676, 1
6.952, 0.0126033, 0.00206231, 1
6.953, 0.0126054, 0.00203784, 1
6.954, 0.0126074, 0.00201337, 1
6.955, 0.0126094, 0.00198888, 1
6.956, 0.0126114, 0.00196438, 1
6.957, 0.0126133, 0.00193988, 1
6.958, 0.0126153, 0.00191537, 1
6.959, 0.0126172, 0.00189084, 1
6.96, 0.0126191, 0.00186631, 1
6.961, 0.0126209, 0.00184177, 1
6.962, 0.0126227, 0.00181722, 1
6.963, 0.0126245, 0.00179267, 1
6.964, 0.0126263, 0.0017681, 1
6.965, 0.0126281, 0.00174353, 1
6.966, 0.0126298, 0.00171895, 1
6.967, 0.0126315, 0.00169436, 1
6.968, 0.0126332, 0.00166977, 1
6.969, 0.0126349, 0.00164517, 1
6.97, 0.0126365, 0.00162057, 1
6.971, 0.0126381, 0.00159595, 1
6.972, 0.0126397, 0.00157134, 1
6.973, 0.0126412, 0.00154671, 1
6.974, 0.0126428, 0.00152208, 1
6.975, 0.0126443, 0.00149745, 1
6.976, 0.0126458, 0.00147281, 1
6.977, 0.0126472, 0.00144817, 1
6.978, 0.0126487, 0.00142352, 1
6.979, 0.0126501, 0.00139887, 1
6.98, 0.0126515, 0.00137421, 1
6.981, 0.0126528, 0.00134956, 1
6.982, 0.0126542, 0.00132489, 1
6.983, 0.0126555, 0.00130023, 1
6.984, 0.0126568, 0.00127556, 1
6.985, 0.012658, 0.00125089, 1
6.986, 0.0126593, 0.00122622, 1
6.987, 0.0126605, 0.00120154, 1
6.988, 0.0126617, 0.00117686, 1
6.989, 0.0126628, 0.00115218, 1
6.99, 0.012664, 0.0011275, 1
6.991, 0.0126651, 0.00110282, 1
6.992, 0.0126662, 0.00107814, 1
6.993, 0.0126672, 0.00105345, 1
6.994, 0.0126683, 0.00102877, 1
6.995, 0.0126693, 0.00100409, 1
6.996, 0.0126703, 0.000979402, 1
6.997, 0.0126713, 0.000954718, 1
6.998, 0.0126722, 0.000930035, 1
6.999, 0.0126731, 0.000905353, 1
7, 0.012674, 0.000880671, 1
7.001, 0.0126749, 0.000855991, 1
7.002, 0.0126757, 0.000831312, 1
7.003, 0.0126765, 0.000806635, 1
7.004, 0.0126773, 0.000781959, 1
7.005, 0.0126781, 0.000757287, 1
7.006, 0.0126789, 0.000732616, 1
7.007, 0.0126796, 0.000707948, 1
7.008, 0.0126803, 0.000683283, 1
7.009, 0.0126809, 0.000658621, 1
7.01, 0.0126816, 0.000633963, 1
7.011, 0.0126822, 0.000609308, 1
7.012, 0.0126828, 0.000584657, 1
7.013, 0.0126834, 0.000560011, 1
7.014, 0.0126839, 0.000535368, 1
7.015, 0.0126844, 0.000510731, 1
7.016, 0.0126849, 0.000486098, 1
7.017, 0.0126854, 0.00046147, 1
7.018, 0.0126859, 0.000436847, 1
7.019, 0.0126863, 0.00041223, 1
7.02, 0.0126867, 0.000387619, 1
7.021, 0.0126871, 0.000363014, 1
7.022, 0.0126874, 0.000338415, 1
7.023, 0.0126877, 0.000313823, 1
7.024, 0.012688, 0.000289238, 1
7.025, 0.0126883, 0.000264659, 1
7.026, 0.0126886, 0.000240088, 1
7.027, 0.0126888, 0.000215524, 1
7.028, 0.012689, 0.000190968, 1
7.029, 0.0126892, 0.00016642, 1
7.03, 0.0126893, 0.00014188, 1
7.031, 0.0126895, 0.000117348, 1
7.032, 0.0126896, 9.28251e-05, 1
7.033, 0.0126897, 6.83111e-05, 1
7.034, 0.0126897, 4.38062e-05, 1
7.035, 0.0126897, 1.93107e-05, 1
7.036, 0.0126897, -5.17521e-06, 1
7.037, 0.0126897, -2.96513e-05, 1
7.038, 0.0126897, -5.41173e-05, 1
7.039, 0.0126896, -7.85729e-05, 1
7.04, 0.0126895, -0.000103018, 1
7.041, 0.0126894, -0.000127452, 1
7.042, 0.0126893, -0.000151876, 1
7.043, 0.0126891, -0.000176288, 1
7.044, 0.0126889, -0.000200688, 1
7.045, 0.0126887, -0.000225077, 1
7.046, 0.0126885, -0.000249454, 1
7.047, 0.0126882, -0.000273819, 1
7.048, 0.0126879, -0.000298171, 1
7.049, 0.0126876, -0.00032251, 1
7.05, 0.0126873, -0.000346837, 1
7.051, 0.0126869, -0.000371151, 1
7.052, 0.0126865, -0.000395451, 1
7.053, 0.0126861, -0.000419738, 1
7.054, 0.0126857, -0.00044401, 1
7.055, 0.0126852, -0.000468269, 1
7.056, 0.0126848, -0.000492513, 1
7.057, 0.0126843, -0.000516743, 1
7.058, 0.0126837, -0.000540958, 1
7.059, 0.0126832, -0.000565159, 1
7.06, 0.0126826, -0.000589343, 1
7.061, 0.012682, -0.000613513, 1
7.062, 0.0126814, -0.000637667, 1
7.063, 0.0126807, -0.000661805, 1
7.064, 0.01268, -0.000685926, 1
7.065, 0.0126794, -0.000710032, 1
7.066, 0.0126786, -0.00073412, 1
7.067, 0.0126779, -0.000758192, 1
7.068, 0.0126771, -0.000782247, 1
7.069, 0.0126763, -0.000806285, 1
7.07, 0.0126755, -0.000830305, 1
7.071, 0.0126747, -0.000854307, 1
7.072, 0.0126738, -0.000878291, 1
7.073, 0.0126729, -0.000902258, 1
7.074, 0.012672, -0.000926205, 1
7.075, 0.012671, -0.000950134, 1
7.076, 0.0126701, -0.000974044, 1
7.077, 0.0126691, -0.000997935, 1
7.078, 0.0126681, -0.00102181, 1
7.079, 0.0126671, -0.00104566, 1
7.08, 0.012666, -0.00106949, 1
7.081, 0.0126649, -0.0010933, 1
7.082, 0.0126638, -0.0011171, 1
7.083, 0.0126627, -0.00114087, 1
7.084, 0.0126615, -0.00116462, 1
7.085, 0.0126604, -0.00118835, 1
7.086, 0.0126592, -0.00121206, 1
7.087, 0.0126579, -0.00123574, 1
7.088, 0.0126567, -0.00125941, 1
7.089, 0.0126554, -0.00128305, 1
7.09, 0.0126541, -0.00130668, 1
7.091, 0.0126528, -0.00133028, 1
7.092, 0.0126515, -0.00135385, 1
7.093, 0.0126501, -0.00137741, 1
7.094, 0.0126487, -0.00140094, 1
7.095, 0.0126473, -0.00142445, 1
7.096, 0.0126459, -0.00144793, 1
7.097, 0.0126444, -0.00147139, 1
7.098, 0.0126429, -0.00149483, 1
7.099, 0.0126414, -0.00151825, 1
7.1, 0.0126399, -0.00154164, 1
7.101, 0.0126383, -0.001565, 1
7.102, 0.0126367, -0.00158834, 1
7.103, 0.0126351, -0.00161166, 1
7.104, 0.0126335, -0.00163495, 1
7.105, 0.0126319, -0.00165821, 1
7.106, 0.0126302, -0.00168145, 1
7.107, 0.0126285, -0.00170466, 1
7.108, 0.0126268, -0.00172785, 1
7.109, 0.0126251, -0.00175101, 1
7.11, 0.0126233, -0.00177415, 1
7.111, 0.0126215, -0.00179726, 1
7.112, 0.0126197, -0.00182034, 1
7.113, 0.0126179, -0.00184339, 1
7.114, 0.012616, -0.00186642, 1
7.115, 0.0126141, -0.00188942, 1
7.116, 0.0126122, -0.00191239, 1
7.117, 0.0126103, -0.00193533, 1
7.118, 0.0126084, -0.00195825, 1
7.119, 0.0126064, -0.00198114, 1
7.12, 0.0126044, -0.00200399, 1
7.121, 0.0126024, -0.00202682, 1
7.122, 0.0126003, -0.00204962, 1
7.123, 0.0125983, -0.0020724, 1
7.124, 0.0125962, -0.00209514, 1
7.125, 0.0125941, -0.00211785, 1
7.126, 0.012592, -0.00214053, 1
7.127, 0.0125898, -0.00216319, 1
7.128, 0.0125876, -0.00218581, 1
7.129, 0.0125854, -0.0022084, 1
7.13, 0.0125832, -0.00223096, 1
7.131, 0.012581, -0.00225349, 1
7.132, 0.0125787, -0.00227599, 1
7.133, 0.0125764, -0.00229846, 1
7.134, 0.0125741, -0.0023209, 1
7.135, 0.0125718, -0.0023433, 1
7.136, 0.0125694, -0.00236567, 1
7.137, 0.0125671, -0.00238801, 1
7.138, 0.0125647, -0.00241032, 1
7.139, 0.0125622, -0.0024326, 1
7.14, 0.0125598, -0.00245484, 1
7.141, 0.0125573, -0.00247705, 1
7.142, 0.0125548, -0.00249923, 1
7.143, 0.0125523, -0.00252137, 1
7.144, 0.0125498, -0.00254348, 1
7.145, 0.0125472, -0.00256556, 1
7.146, 0.0125447, -0.0025876, 1
7.147, 0.0125421, -0.00260961, 1
7.148, 0.0125394, -0.00263158, 1
7.149, 0.0125368, -0.00265352, 1
7.15, 0.0125341, -0.00267542, 1
7.151, 0.0125314, -0.00269729, 1
7.152, 0.0125287, -0.00271912, 1
7.153, 0.012526, -0.00274092, 1
7.154, 0.0125233, -0.00276268, 1
7.155, 0.0125205, -0.00278441, 1
7.156, 0.0125177, -0.0028061, 1
7.157, 0.0125149, -0.00282776, 1
7.158, 0.012512, -0.00284938, 1
7.159, 0.0125092, -0.00287096, 1
7.16, 0.0125063, -0.0028925, 1
7.161, 0.0125034, -0.00291401, 1
7.162, 0.0125005, -0.00293548, 1
7.163, 0.0124975, -0.00295692, 1
7.164, 0.0124946, -0.00297831, 1
7.165, 0.0124916, -0.00299967, 1
7.166, 0.0124886, -0.00302099, 1
7.167, 0.0124855, -0.00304227, 1
7.168, 0.0124825, -0.00306351, 1
7.169, 0.0124794, -0.00308472, 1
7.17, 0.0124763, -0.00310589, 1
7.171, 0.0124732, -0.00312701, 1
7.172, 0.01247, -0.0031481, 1
7.173, 0.0124669, -0.00316915, 1
7.174, 0.0124637, -0.00319016, 1
7.175, 0.0124605, -0.00321113, 1
7.176, 0.0124573, -0.00323206, 1
7.177, 0.012454, -0.00325295, 1
7.178, 0.0124508, -0.0032738, 1
7.179, 0.0124475, -0.00329461, 1
7.18, 0.0124442, -0.00331538, 1
7.181, 0.0124409, -0.00333611, 1
7.182, 0.0124375, -0.00335679, 1
7.183, 0.0124341, -0.00337744, 1
7.184, 0.0124308, -0.00339804, 1
7.185, 0.0124274, -0.0034186, 1
7.186, 0.0124239, -0.00343913, 1
7.187, 0.0124205, -0.0034596, 1
7.188, 0.012417, -0.00348004, 1
7.189, 0.0124135, -0.00350044, 1
7.19, 0.01241, -0.00352079, 1
7.191, 0.0124065, -0.0035411, 1
7.192, 0.0124029, -0.00356136, 1
7.193, 0.0123994, -0.00358159, 1
7.194, 0.0123958, -0.00360177, 1
7.195, 0.0123921, -0.0036219, 1
7.196, 0.0123885, -0.003642, 1
7.197, 0.0123849, -0.00366205, 1
7.198, 0.0123812, -0.00368205, 1
7.199, 0.0123775, -0.00370201, 1
7.2, 0.0123738, -0.00372193, 1
7.201, 0.0123701, -0.0037418, 1
7.202, 0.0123663, -0.00376163, 1
7.203, 0.0123625, -0.00378142, 1
7.204, 0.0123587, -0.00380115, 1
7.205, 0.0123549, -0.00382085, 1
7.206, 0.0123511, -0.00384049, 1
7.207, 0.0123472, -0.0038601, 1
7.208, 0.0123434, -0.00387965, 1
7.209, 0.0123395, -0.00389916, 1
7.21, 0.0123356, -0.00391863, 1
7.211, 0.0123317, -0.00393805, 1
7.212, 0.0123277, -0.00395742, 1
7.213, 0.0123237, -0.00397674, 1
7.214, 0.0123198, -0.00399602, 1
7.215, 0.0123157, -0.00401525, 1
7.216, 0.0123117, -0.00403444, 1
7.217, 0.0123077, -0.00405358, 1
7.218, 0.0123036, -0.00407267, 1
7.219, 0.0122995, -0.00409171, 1
7.22, 0.0122954, -0.0041107, 1
7.221, 0.0122913, -0.00412965, 1
7.222, 0.0122872, -0.00414855, 1
7.223, 0.012283, -0.0041674, 1
7.224, 0.0122788, -0.0041862, 1
7.225, 0.0122746, -0.00420496, 1
7.226, 0.0122704, -0.00422366, 1
7.227, 0.0122662, -0.00424232, 1
7.228, 0.0122619, -0.00426092, 1
7.229, 0.0122577, -0.00427948, 1
7.23, 0.0122534, -0.00429799, 1
7.231, 0.0122491, -0.00431645, 1
7.232, 0.0122447, -0.00433486, 1
7.233, 0.0122404, -0.00435322, 1
7.234, 0.012236, -0.00437153, 1
7.235, 0.0122317, -0.00438978, 1
7.236, 0.0122273, -0.00440799, 1
7.237, 0.0122228, -0.00442615, 1
7.238, 0.0122184, -0.00444426, 1
7.239, 0.012214, -0.00446231, 1
7.24, 0.0122095, -0.00448032, 1
7.241, 0.012205, -0.00449827, 1
7.242, 0.0122005, -0.00451618, 1
7.243, 0.012196, -0.00453403, 1
7.244, 0.0121914, -0.00455183, 1
7.245, 0.0121869, -0.00456958, 1
7.246, 0.0121823, -0.00458727, 1
7.247, 0.0121777, -0.00460492, 1
7.248, 0.0121731, -0.00462251, 1
7.249, 0.0121684, -0.00464005, 1
7.25, 0.0121638, -0.00465754, 1
7.251, 0.0121591, -0.00467497, 1
7.252, 0.0121544, -0.00469235, 1
7.253, 0.0121497, -0.00470968, 1
7.254, 0.012145, -0.00472696, 1
7.255, 0.0121403, -0.00474418, 1
7.256, 0.0121355, -0.00476135, 1
7.257, 0.0121308, -0.00477846, 1
7.258, 0.012126, -0.00479553, 1
7.259, 0.0121212, -0.00481253, 1
7.26, 0.0121164, -0.00482949, 1
7.261, 0.0121115, -0.00484639, 1
7.262, 0.0121067, -0.00486323, 1
7.263, 0.0121018, -0.00488002, 1
7.264, 0.0120969, -0.00489676, 1
7.265, 0.012092, -0.00491344, 1
7.266, 0.0120871, -0.00493007, 1
7.267, 0.0120821, -0.00494664, 1
7.268, 0.0120772, -0.00496316, 1
7.269, 0.0120722, -0.00497962, 1
7.27, 0.0120672, -0.00499602, 1
7.271, 0.0120622, -0.00501237, 1
7.272, 0.0120572, -0.00502867, 1
7.273, 0.0120522, -0.00504491, 1
7.274, 0.0120471, -0.00506109, 1
7.275, 0.012042, -0.00507722, 1
7.276, 0.012037, -0.00509329, 1
7.277, 0.0120319, -0.0051093, 1
7.278, 0.0120267, -0.00512526, 1
7.279, 0.0120216, -0.00514116, 1
7.28, 0.0120165, -0.005157, 1
7.281, 0.0120113, -0.00517279, 1
7.282, 0.0120061, -0.00518852, 1
7.283, 0.0120009, -0.00520419, 1
7.284, 0.0119957, -0.00521981, 1
7.285, 0.0119905, -0.00523537, 1
7.286, 0.0119852, -0.00525087, 1
7.287, 0.01198, -0.00526631, 1
7.288, 0.0119747, -0.0052817, 1
7.289, 0.0119694, -0.00529703, 1
7.29, 0.0119641, -0.00531229, 1
7.291, 0.0119588, -0.00532751, 1
7.292, 0.0119534, -0.00534266, 1
7.293, 0.0119481, -0.00535775, 1
7.294, 0.0119427, -0.00537279, 1
7.295, 0.0119373, -0.00538776, 1
7.296, 0.011932, -0.00540268, 1
7.297, 0.0119265, -0.00541754, 1
7.298, 0.0119211, -0.00543234, 1
7.299, 0.0119157, -0.00544708, 1
7.3, 0.0119102, -0.00546176, 1
7.301, 0.0119048, -0.00547639, 1
7.302, 0.0118993, -0.00549095, 1
7.303, 0.0118938, -0.00550545, 1
7.304, 0.0118883, -0.0055199, 1
7.305, 0.0118827, -0.00553428, 1
7.306, 0.0118772, -0.0055486, 1
7.307, 0.0118716, -0.00556286, 1
7.308, 0.0118661, -0.00557707, 1
7.309, 0.0118605, -0.00559121, 1
7.31, 0.0118549, -0.00560529, 1
7.311, 0.0118493, -0.00561931, 1
7.312, 0.0118436, -0.00563327, 1
7.313, 0.011838, -0.00564717, 1
7.314, 0.0118324, -0.00566101, 1
7.315, 0.0118267, -0.00567479, 1
7.316, 0.011821, -0.00568851, 1
7.317, 0.0118153, -0.00570216, 1
7.318, 0.0118096, -0.00571576, 1
7.319, 0.0118039, -0.00572929, 1
7.32, 0.0117981, -0.00574276, 1
7.321, 0.0117924, -0.00575617, 1
7.322, 0.0117866, -0.00576951, 1
7.323, 0.0117809, -0.0057828, 1
7.324, 0.0117751, -0.00579602, 1
7.325, 0.0117693, -0.00580918, 1
7.326, 0.0117634, -0.00582228, 1
7.327, 0.0117576, -0.00583532, 1
7.328, 0.0117518, -0.00584829, 1
7.329, 0.0117459, -0.00586121, 1
7.33, 0.0117401, -0.00587405, 1
7.331, 0.0117342, -0.00588684, 1
7.332, 0.0117283, -0.00589956, 1
7.333, 0.0117224, -0.00591222, 1
7.334, 0.0117165, -0.00592482, 1
7.335, 0.0117105, -0.00593736, 1
7.336, 0.0117046, -0.00594983, 1
7.337, 0.0116986, -0.00596224, 1
7.338, 0.0116927, -0.00597458, 1
7.339, 0.0116867, -0.00598686, 1
7.34, 0.0116807, -0.00599908, 1
7.341, 0.0116747, -0.00601123, 1
7.342, 0.0116687, -0.00602332, 1
7.343, 0.0116626, -0.00603535, 1
7.344, 0.0116566, -0.00604731, 1
7.345, 0.0116505, -0.0060592, 1
7.346, 0.0116445, -0.00607104, 1
7.347, 0.0116384, -0.00608281, 1
7.348, 0.0116323, -0.00609451, 1
7.349, 0.0116262, -0.00610615, 1
7.35, 0.0116201, -0.00611773, 1
7.351, 0.011614, -0.00612924, 1
7.352, 0.0116078, -0.00614069, 1
7.353, 0.0116017, -0.00615207, 1
7.354, 0.0115955, -0.00616338, 1
7.355, 0.0115894, -0.00617464, 1
7.356, 0.0115832, -0.00618582, 1
7.357, 0.011577, -0.00619694, 1
7.358, 0.0115708, -0.006208, 1
7.359, 0.0115646, -0.00621899, 1
7.36, 0.0115583, -0.00622992, 1
7.361, 0.0115521, -0.00624078, 1
7.362, 0.0115459, -0.00625157, 1
7.363, 0.0115396, -0.0062623, 1
7.364, 0.0115333, -0.00627296, 1
7.365, 0.0115271, -0.00628356, 1
7.366, 0.0115208, -0.00629409, 1
7.367, 0.0115145, -0.00630456, 1
7.368, 0.0115082, -0.00631496, 1
7.369, 0.0115018, -0.00632529, 1
7.37, 0.0114955, -0.00633556, 1
7.371, 0.0114892, -0.00634576, 1
7.372, 0.0114828, -0.00635589, 1
7.373, 0.0114765, -0.00636596, 1
7.374, 0.0114701, -0.00637597, 1
7.375, 0.0114637, -0.0063859, 1
7.376, 0.0114573, -0.00639577, 1
7.377, 0.0114509, -0.00640557, 1
7.378, 0.0114445, -0.00641531, 1
7.379, 0.0114381, -0.00642498, 1
7.38, 0.0114317, -0.00643458, 1
7.381, 0.0114252, -0.00644411, 1
7.382, 0.0114188, -0.00645358, 1
7.383, 0.0114123, -0.00646298, 1
7.384, 0.0114058, -0.00647231, 1
7.385, 0.0113994, -0.00648158, 1
7.386, 0.0113929, -0.00649078, 1
7.387, 0.0113864, -0.00649991, 1
7.388, 0.0113799, -0.00650898, 1
7.389, 0.0113734, -0.00651797, 1
7.39, 0.0113668, -0.0065269, 1
7.391, 0.0113603, -0.00653576, 1
7.392, 0.0113538, -0.00654456, 1
7.393, 0.0113472, -0.00655328, 1
7.394, 0.0113407, -0.00656194, 1
7.395, 0.0113341, -0.00657053, 1
7.396, 0.0113275, -0.00657906, 1
7.397, 0.0113209, -0.00658751, 1
7.398, 0.0113144, -0.0065959, 1
7.399, 0.0113078, -0.00660422, 1
7.4, 0.0113011, -0.00661247, 1
7.401, 0.0112945, -0.00662065, 1
7.402, 0.0112879, -0.00662877, 1
7.403, 0.0112813, -0.00663681, 1
7.404, 0.0112746, -0.00664479, 1
7.405, 0.011268, -0.0066527, 1
7.406, 0.0112613, -0.00666054, 1
7.407, 0.0112547, -0.00666831, 1
7.408, 0.011248, -0.00667602, 1
7.409, 0.0112413, -0.00668365, 1
7.41, 0.0112346, -0.00669122, 1
7.411, 0.0112279, -0.00669872, 1
7.412, 0.0112212, -0.00670615, 1
7.413, 0.0112145, -0.00671351, 1
7.414, 0.0112078, -0.0067208, 1
7.415, 0.0112011, -0.00672803, 1
7.416, 0.0111943, -0.00673518, 1
7.417, 0.0111876, -0.00674227, 1
7.418, 0.0111809, -0.00674928, 1
7.419, 0.0111741, -0.00675623, 1
7.42, 0.0111673, -0.00676311, 1
7.421, 0.0111606, -0.00676992, 1
7.422, 0.0111538, -0.00677666, 1
7.423, 0.011147, -0.00678333, 1
7.424, 0.0111402, -0.00678993, 1
7.425, 0.0111334, -0.00679647, 1
7.426, 0.0111266, -0.00680293, 1
7.427, 0.0111198, -0.00680932, 1
7.428, 0.011113, -0.00681565, 1
7.429, 0.0111062, -0.0068219, 1
7.43, 0.0110994, -0.00682809, 1
7.431, 0.0110925, -0.00683421, 1
7.432, 0.0110857, -0.00684025, 1
7.433, 0.0110789, -0.00684623, 1
7.434, 0.011072, -0.00685214, 1
7.435, 0.0110652, -0.00685798, 1
7.436, 0.0110583, -0.00686375, 1
7.437, 0.0110514, -0.00686945, 1
7.438, 0.0110446, -0.00687508, 1
7.439, 0.0110377, -0.00688064, 1
7.44, 0.0110308, -0.00688613, 1
7.441, 0.0110239, -0.00689155, 1
7.442, 0.011017, -0.0068969, 1
7.443, 0.0110101, -0.00690218, 1
7.444, 0.0110032, -0.00690739, 1
7.445, 0.0109963, -0.00691253, 1
7.446, 0.0109894, -0.0069176, 1
7.447, 0.0109825, -0.00692261, 1
7.448, 0.0109755, -0.00692754, 1
7.449, 0.0109686, -0.0069324, 1
7.45, 0.0109617, -0.00693719, 1
7.451, 0.0109547, -0.00694191, 1
7.452, 0.0109478, -0.00694657, 1
7.453, 0.0109408, -0.00695115, 1
7.454, 0.0109339, -0.00695566, 1
7.455, 0.0109269, -0.0069601, 1
7.456, 0.01092, -0.00696447, 1
7.457, 0.010913, -0.00696878, 1
7.458, 0.010906, -0.00697301, 1
7.459, 0.0108991, -0.00697717, 1
7.46, 0.0108921, -0.00698126, 1
7.461, 0.0108851, -0.00698528, 1
7.462, 0.0108781, -0.00698924, 1
7.463, 0.0108711, -0.00699312, 1
7.464, 0.0108641, -0.00699693, 1
7.465, 0.0108571, -0.00700067, 1
7.466, 0.0108501, -0.00700434, 1
7.467, 0.0108431, -0.00700794, 1
7.468, 0.0108361, -0.00701147, 1
7.469, 0.0108291, -0.00701493, 1
7.47, 0.0108221, -0.00701832, 1
7.471, 0.0108151, -0.00702164, 1
7.472, 0.010808, -0.00702489, 1
7.473, 0.010801, -0.00702807, 1
7.474, 0.010794, -0.00703118, 1
7.475, 0.0107869, -0.00703422, 1
7.476, 0.0107799, -0.00703719, 1
7.477, 0.0107729, -0.00704009, 1
7.478, 0.0107658, -0.00704292, 1
7.479, 0.0107588, -0.00704568, 1
7.48, 0.0107517, -0.00704836, 1
7.481, 0.0107447, -0.00705098, 1
7.482, 0.0107376, -0.00705353, 1
7.483, 0.0107306, -0.00705601, 1
7.484, 0.0107235, -0.00705841, 1
7.485, 0.0107165, -0.00706075, 1
7.486, 0.0107094, -0.00706302, 1
7.487, 0.0107023, -0.00706522, 1
7.488, 0.0106953, -0.00706734, 1
7.489, 0.0106882, -0.0070694, 1
7.49, 0.0106811, -0.00707139, 1
7.491, 0.0106741, -0.0070733, 1
7.492, 0.010667, -0.00707515, 1
7.493, 0.0106599, -0.00707692, 1
7.494, 0.0106528, -0.00707863, 1
7.495, 0.0106458, -0.00708027, 1
7.496, 0.0106387, -0.00708183, 1
7.497, 0.0106316, -0.00708333, 1
7.498, 0.0106245, -0.00708475, 1
7.499, 0.0106174, -0.00708611, 1
7.5, 0.0106103, -0.00708739, 1
7.501, 0.0106032, -0.00708861, 1
7.502, 0.0105962, -0.00708976, 1
7.503, 0.0105891, -0.00709083, 1
7.504, 0.010582, -0.00709184, 1
7.505, 0.0105749, -0.00709277, 1
7.506, 0.0105678, -0.00709364, 1
7.507, 0.0105607, -0.00709443, 1
7.508, 0.0105536, -0.00709516, 1
7.509, 0.0105465, -0.00709581, 1
7.51, 0.0105394, -0.0070964, 1
7.511, 0.0105323, -0.00709692, 1
7.512, 0.0105252, -0.00709736, 1
7.513, 0.0105181, -0.00709774, 1
7.514, 0.010511, -0.00709805, 1
7.515, 0.0105039, -0.00709828, 1
7.516, 0.0104968, -0.00709845, 1
7.517, 0.0104897, -0.00709855, 1
7.518, 0.0104826, -0.00709858, 1
7.519, 0.0104755, -0.00709854, 1
7.52, 0.0104684, -0.00709842, 1
7.521, 0.0104613, -0.00709824, 1
7.522, 0.0104542, -0.00709799, 1
7.523, 0.0104471, -0.00709767, 1
7.524, 0.01044, -0.00709728, 1
7.525, 0.0104329, -0.00709683, 1
7.526, 0.0104258, -0.0070963, 1
7.527, 0.0104187, -0.0070957, 1
7.528, 0.0104117, -0.00709503, 1
7.529, 0.0104046, -0.0070943, 1
7.53, 0.0103975, -0.00709349, 1
7.531, 0.0103904, -0.00709262, 1
7.532, 0.0103833, -0.00709167, 1
7.533, 0.0103762, -0.00709066, 1
7.534, 0.0103691, -0.00708958, 1
7.535, 0.010362, -0.00708843, 1
7.536, 0.0103549, -0.00708721, 1
7.537, 0.0103478, -0.00708592, 1
7.538, 0.0103407, -0.00708456, 1
7.539, 0.0103337, -0.00708313, 1
7.54, 0.0103266, -0.00708163, 1
7.541, 0.0103195, -0.00708007, 1
7.542, 0.0103124, -0.00707843, 1
7.543, 0.0103053, -0.00707673, 1
7.544, 0.0102983, -0.00707496, 1
7.545, 0.0102912, -0.00707312, 1
7.546, 0.0102841, -0.00707121, 1
7.547, 0.0102771, -0.00706923, 1
7.548, 0.01027, -0.00706719, 1
7.549, 0.0102629, -0.00706507, 1
7.55, 0.0102559, -0.00706289, 1
7.551, 0.0102488, -0.00706064, 1
7.552, 0.0102417, -0.00705832, 1
7.553, 0.0102347, -0.00705593, 1
7.554, 0.0102276, -0.00705348, 1
7.555, 0.0102206, -0.00705095, 1
7.556, 0.0102135, -0.00704836, 1
7.557, 0.0102065, -0.0070457, 1
7.558, 0.0101994, -0.00704297, 1
7.559, 0.0101924, -0.00704017, 1
7.56, 0.0101853, -0.00703731, 1
7.561, 0.0101783, -0.00703438, 1
7.562, 0.0101713, -0.00703138, 1
7.563, 0.0101642, -0.00702831, 1
7.564, 0.0101572, -0.00702517, 1
7.565, 0.0101502, -0.00702197, 1
7.566, 0.0101432, -0.0070187, 1
7.567, 0.0101362, -0.00701536, 1
7.568, 0.0101291, -0.00701196, 1
7.569, 0.0101221, -0.00700848, 1
7.57, 0.0101151, -0.00700494, 1
7.571, 0.0101081, -0.00700133, 1
7.572, 0.0101011, -0.00699766, 1
7.573, 0.0100941, -0.00699392, 1
7.574, 0.0100871, -0.00699011, 1
7.575, 0.0100802, -0.00698623, 1
7.576, 0.0100732, -0.00698229, 1
7.577, 0.0100662, -0.00697828, 1
7.578, 0.0100592, -0.0069742, 1
7.579, 0.0100522, -0.00697006, 1
7.58, 0.0100453, -0.00696585, 1
7.581, 0.0100383, -0.00696157, 1
7.582, 0.0100313, -0.00695723, 1
7.583, 0.0100244, -0.00695282, 1
7.584, 0.0100174, -0.00694834, 1
7.585, 0.0100105, -0.0069438, 1
7.586, 0.0100036, -0.00693919, 1
7.587, 0.00999662, -0.00693451, 1
7.588, 0.00998969, -0.00692977, 1
7.589, 0.00998276, -0.00692496, 1
7.59, 0.00997584, -0.00692009, 1
7.591, 0.00996892, -0.00691515, 1
7.592, 0.00996201, -0.00691014, 1
7.593, 0.0099551, -0.00690507, 1
7.594, 0.0099482, -0.00689993, 1
7.595, 0.0099413, -0.00689473, 1
7.596, 0.00993441, -0.00688946, 1
7.597, 0.00992752, -0.00688413, 1
7.598, 0.00992064, -0.00687873, 1
7.599, 0.00991376, -0.00687327, 1
7.6, 0.00990689, -0.00686774, 1
7.601, 0.00990003, -0.00686214, 1
7.602, 0.00989317, -0.00685648, 1
7.603, 0.00988631, -0.00685076, 1
7.604, 0.00987947, -0.00684497, 1
7.605, 0.00987262, -0.00683911, 1
7.606, 0.00986579, -0.00683319, 1
7.607, 0.00985896, -0.00682721, 1
7.608, 0.00985213, -0.00682116, 1
7.609, 0.00984531, -0.00681505, 1
7.61, 0.0098385, -0.00680887, 1
7.611, 0.0098317, -0.00680263, 1
7.612, 0.0098249, -0.00679633, 1
7.613, 0.0098181, -0.00678996, 1
7.614, 0.00981132, -0.00678352, 1
7.615, 0.00980454, -0.00677702, 1
7.616, 0.00979776, -0.00677046, 1
7.617, 0.009791, -0.00676384, 1
7.618, 0.00978424, -0.00675715, 1
7.619, 0.00977748, -0.00675039, 1
7.62, 0.00977073, -0.00674358, 1
7.621, 0.00976399, -0.0067367, 1
7.622, 0.00975726, -0.00672976, 1
7.623, 0.00975054, -0.00672275, 1
7.624, 0.00974382, -0.00671568, 1
7.625, 0.0097371, -0.00670855, 1
7.626, 0.0097304, -0.00670135, 1
7.627, 0.0097237, -0.00669409, 1
7.628, 0.00971701, -0.00668677, 1
7.629, 0.00971033, -0.00667939, 1
7.63, 0.00970365, -0.00667194, 1
7.631, 0.00969698, -0.00666443, 1
7.632, 0.00969032, -0.00665686, 1
7.633, 0.00968367, -0.00664923, 1
7.634, 0.00967702, -0.00664153, 1
7.635, 0.00967039, -0.00663378, 1
7.636, 0.00966376, -0.00662596, 1
7.637, 0.00965714, -0.00661808, 1
7.638, 0.00965052, -0.00661013, 1
7.639, 0.00964392, -0.00660213, 1
7.64, 0.00963732, -0.00659406, 1
7.641, 0.00963073, -0.00658593, 1
7.642, 0.00962415, -0.00657775, 1
7.643, 0.00961757, -0.00656949, 1
7.644, 0.00961101, -0.00656118, 1
7.645, 0.00960445, -0.00655281, 1
7.646, 0.0095979, -0.00654438, 1
7.647, 0.00959136, -0.00653588, 1
7.648, 0.00958483, -0.00652733, 1
7.649, 0.00957831, -0.00651871, 1
7.65, 0.00957179, -0.00651004, 1
7.651, 0.00956529, -0.0065013, 1
7.652, 0.00955879, -0.0064925, 1
7.653, 0.0095523, -0.00648365, 1
7.654, 0.00954582, -0.00647473, 1
7.655, 0.00953935, -0.00646575, 1
7.656, 0.00953289, -0.00645672, 1
7.657, 0.00952644, -0.00644762, 1
7.658, 0.00951999, -0.00643846, 1
7.659, 0.00951356, -0.00642925, 1
7.66, 0.00950714, -0.00641997, 1
7.661, 0.00950072, -0.00641064, 1
7.662, 0.00949432, -0.00640125, 1
7.663, 0.00948792, -0.0063918, 1
7.664, 0.00948153, -0.00638228, 1
7.665, 0.00947515, -0.00637271, 1
7.666, 0.00946879, -0.00636309, 1
7.667, 0.00946243, -0.0063534, 1
7.668, 0.00945608, -0.00634365, 1
7.669, 0.00944974, -0.00633385, 1
7.67, 0.00944341, -0.00632399, 1
7.671, 0.00943709, -0.00631407, 1
7.672, 0.00943078, -0.00630409, 1
7.673, 0.00942448, -0.00629405, 1
7.674, 0.0094182, -0.00628396, 1
7.675, 0.00941192, -0.00627381, 1
7.676, 0.00940565, -0.0062636, 1
7.677, 0.00939939, -0.00625333, 1
7.678, 0.00939314, -0.00624301, 1
7.679, 0.0093869, -0.00623263, 1
7.68, 0.00938068, -0.00622219, 1
7.681, 0.00937446, -0.0062117, 1
7.682, 0.00936825, -0.00620115, 1
7.683, 0.00936206, -0.00619054, 1
7.684, 0.00935587, -0.00617988, 1
7.685, 0.0093497, -0.00616916, 1
7.686, 0.00934353, -0.00615838, 1
7.687, 0.00933738, -0.00614755, 1
7.688, 0.00933124, -0.00613666, 1
7.689, 0.00932511, -0.00612571, 1
7.69, 0.00931899, -0.00611471, 1
7.691, 0.00931288, -0.00610366, 1
7.692, 0.00930678, -0.00609255, 1
7.693, 0.00930069, -0.00608138, 1
7.694, 0.00929462, -0.00607016, 1
7.695, 0.00928855, -0.00605888, 1
7.696, 0.0092825, -0.00604755, 1
7.697, 0.00927646, -0.00603616, 1
7.698, 0.00927043, -0.00602472, 1
7.699, 0.00926441, -0.00601323, 1
7.7, 0.0092584, -0.00600168, 1
7.701, 0.0092524, -0.00599007, 1
7.702, 0.00924642, -0.00597841, 1
7.703, 0.00924045, -0.0059667, 1
7.704, 0.00923449, -0.00595494, 1
7.705, 0.00922854, -0.00594312, 1
7.706, 0.0092226, -0.00593124, 1
7.707, 0.00921668, -0.00591932, 1
7.708, 0.00921076, -0.00590734, 1
7.709, 0.00920486, -0.0058953, 1
7.71, 0.00919897, -0.00588322, 1
7.711, 0.00919309, -0.00587108, 1
7.712, 0.00918723, -0.00585889, 1
7.713, 0.00918138, -0.00584664, 1
7.714, 0.00917554, -0.00583435, 1
7.715, 0.00916971, -0.005822, 1
7.716, 0.00916389, -0.00580959, 1
7.717, 0.00915809, -0.00579714, 1
7.718, 0.0091523, -0.00578464, 1
7.719, 0.00914652, -0.00577208, 1
7.72, 0.00914075, -0.00575947, 1
7.721, 0.009135, -0.00574681, 1
7.722, 0.00912926, -0.0057341, 1
7.723, 0.00912353, -0.00572134, 1
7.724, 0.00911782, -0.00570852, 1
7.725, 0.00911212, -0.00569566, 1
7.726, 0.00910643, -0.00568274, 1
7.727, 0.00910075, -0.00566978, 1
7.728, 0.00909509, -0.00565676, 1
7.729, 0.00908944, -0.0056437, 1
7.73, 0.0090838, -0.00563058, 1
7.731, 0.00907817, -0.00561741, 1
7.732, 0.00907256, -0.0056042, 1
7.733, 0.00906697, -0.00559093, 1
7.734, 0.00906138, -0.00557762, 1
7.735, 0.00905581, -0.00556425, 1
7.736, 0.00905025, -0.00555084, 1
7.737, 0.00904471, -0.00553737, 1
7.738, 0.00903918, -0.00552386, 1
7.739, 0.00903366, -0.0055103, 1
7.74, 0.00902816, -0.00549669, 1
7.741, 0.00902267, -0.00548303, 1
7.742, 0.00901719, -0.00546933, 1
7.743, 0.00901173, -0.00545557, 1
7.744, 0.00900628, -0.00544177, 1
7.745, 0.00900085, -0.00542792, 1
7.746, 0.00899543, -0.00541402, 1
7.747, 0.00899002, -0.00540008, 1
7.748, 0.00898463, -0.00538609, 1
7.749, 0.00897925, -0.00537205, 1
7.75, 0.00897388, -0.00535796, 1
7.751, 0.00896853, -0.00534382, 1
7.752, 0.00896319, -0.00532964, 1
7.753, 0.00895787, -0.00531542, 1
7.754, 0.00895256, -0.00530114, 1
7.755, 0.00894727, -0.00528682, 1
7.756, 0.00894199, -0.00527246, 1
7.757, 0.00893672, -0.00525804, 1
7.758, 0.00893147, -0.00524359, 1
7.759, 0.00892624, -0.00522908, 1
7.76, 0.00892101, -0.00521453, 1
7.761, 0.00891581, -0.00519994, 1
7.762, 0.00891062, -0.0051853, 1
7.763, 0.00890544, -0.00517061, 1
7.764, 0.00890027, -0.00515589, 1
7.765, 0.00889513, -0.00514111, 1
7.766, 0.00888999, -0.00512629, 1
7.767, 0.00888487, -0.00511143, 1
7.768, 0.00887977, -0.00509652, 1
7.769, 0.00887468, -0.00508157, 1
7.77, 0.00886961, -0.00506658, 1
7.771, 0.00886455, -0.00505154, 1
7.772, 0.0088595, -0.00503645, 1
7.773, 0.00885447, -0.00502133, 1
7.774, 0.00884946, -0.00500616, 1
7.775, 0.00884446, -0.00499095, 1
7.776, 0.00883948, -0.00497569, 1
7.777, 0.00883451, -0.0049604, 1
7.778, 0.00882956, -0.00494506, 1
7.779, 0.00882462, -0.00492967, 1
7.78, 0.0088197, -0.00491425, 1
7.781, 0.00881479, -0.00489878, 1
7.782, 0.0088099, -0.00488327, 1
7.783, 0.00880502, -0.00486772, 1
7.784, 0.00880017, -0.00485213, 1
7.785, 0.00879532, -0.0048365, 1
7.786, 0.00879049, -0.00482083, 1
7.787, 0.00878568, -0.00480511, 1
7.788, 0.00878088, -0.00478935, 1
7.789, 0.0087761, -0.00477356, 1
7.79, 0.00877133, -0.00475772, 1
7.791, 0.00876658, -0.00474184, 1
7.792, 0.00876185, -0.00472593, 1
7.793, 0.00875713, -0.00470997, 1
7.794, 0.00875243, -0.00469397, 1
7.795, 0.00874775, -0.00467793, 1
7.796, 0.00874308, -0.00466186, 1
7.797, 0.00873842, -0.00464574, 1
7.798, 0.00873378, -0.00462959, 1
7.799, 0.00872916, -0.00461339, 1
7.8, 0.00872456, -0.00459716, 1
7.801, 0.00871997, -0.00458089, 1
7.802, 0.0087154, -0.00456458, 1
7.803, 0.00871084, -0.00454823, 1
7.804, 0.0087063, -0.00453184, 1
7.805, 0.00870178, -0.00451542, 1
7.806, 0.00869727, -0.00449896, 1
7.807, 0.00869278, -0.00448246, 1
7.808, 0.0086883, -0.00446592, 1
7.809, 0.00868385, -0.00444935, 1
7.81, 0.0086794, -0.00443274, 1
7.811, 0.00867498, -0.00441609, 1
7.812, 0.00867057, -0.00439941, 1
7.813, 0.00866618, -0.00438269, 1
7.814, 0.00866181, -0.00436593, 1
7.815, 0.00865745, -0.00434914, 1
7.816, 0.00865311, -0.00433231, 1
7.817, 0.00864878, -0.00431544, 1
7.818, 0.00864448, -0.00429854, 1
7.819, 0.00864019, -0.0042816, 1
7.82, 0.00863591, -0.00426463, 1
7.821, 0.00863166, -0.00424763, 1
7.822, 0.00862742, -0.00423059, 1
7.823, 0.0086232, -0.00421351, 1
7.824, 0.00861899, -0.0041964, 1
7.825, 0.0086148, -0.00417926, 1
7.826, 0.00861063, -0.00416208, 1
7.827, 0.00860648, -0.00414487, 1
7.828, 0.00860234, -0.00412762, 1
7.829, 0.00859823, -0.00411034, 1
7.83, 0.00859412, -0.00409303, 1
7.831, 0.00859004, -0.00407568, 1
7.832, 0.00858597, -0.0040583, 1
7.833, 0.00858192, -0.00404089, 1
7.834, 0.00857789, -0.00402344, 1
7.835, 0.00857388, -0.00400597, 1
7.836, 0.00856988, -0.00398846, 1
7.837, 0.0085659, -0.00397091, 1
7.838, 0.00856194, -0.00395334, 1
7.839, 0.00855799, -0.00393573, 1
7.84, 0.00855407, -0.0039181, 1
7.841, 0.00855016, -0.00390043, 1
7.842, 0.00854626, -0.00388273, 1
7.843, 0.00854239, -0.003865, 1
7.844, 0.00853853, -0.00384724, 1
7.845, 0.0085347, -0.00382944, 1
7.846, 0.00853088, -0.00381162, 1
7.847, 0.00852707, -0.00379377, 1
7.848, 0.00852329, -0.00377589, 1
7.849, 0.00851952, -0.00375797, 1
7.85, 0.00851577, -0.00374003, 1
7.851, 0.00851204, -0.00372206, 1
7.852, 0.00850833, -0.00370406, 1
7.853, 0.00850463, -0.00368603, 1
7.854, 0.00850096, -0.00366797, 1
7.855, 0.0084973, -0.00364988, 1
7.856, 0.00849366, -0.00363176, 1
7.857, 0.00849003, -0.00361362, 1
7.858, 0.00848643, -0.00359544, 1
7.859, 0.00848284, -0.00357724, 1
7.86, 0.00847927, -0.00355901, 1
7.861, 0.00847572, -0.00354076, 1
7.862, 0.00847219, -0.00352247, 1
7.863, 0.00846868, -0.00350416, 1
7.864, 0.00846518, -0.00348582, 1
7.865, 0.00846171, -0.00346746, 1
7.866, 0.00845825, -0.00344907, 1
7.867, 0.00845481, -0.00343065, 1
7.868, 0.00845139, -0.0034122, 1
7.869, 0.00844799, -0.00339373, 1
7.87, 0.0084446, -0.00337524, 1
7.871, 0.00844123, -0.00335671, 1
7.872, 0.00843789, -0.00333817, 1
7.873, 0.00843456, -0.00331959, 1
7.874, 0.00843125, -0.00330099, 1
7.875, 0.00842796, -0.00328237, 1
7.876, 0.00842468, -0.00326372, 1
7.877, 0.00842143, -0.00324505, 1
7.878, 0.00841819, -0.00322635, 1
7.879, 0.00841498, -0.00320763, 1
7.88, 0.00841178, -0.00318889, 1
7.881, 0.0084086, -0.00317012, 1
7.882, 0.00840544, -0.00315133, 1
7.883, 0.0084023, -0.00313251, 1
7.884, 0.00839917, -0.00311367, 1
7.885, 0.00839607, -0.00309481, 1
7.886, 0.00839298, -0.00307592, 1
7.887, 0.00838992, -0.00305702, 1
7.888, 0.00838687, -0.00303809, 1
7.889, 0.00838384, -0.00301913, 1
7.89, 0.00838083, -0.00300016, 1
7.891, 0.00837784, -0.00298116, 1
7.892, 0.00837487, -0.00296215, 1
7.893, 0.00837192, -0.00294311, 1
7.894, 0.00836898, -0.00292405, 1
7.895, 0.00836607, -0.00290497, 1
7.896, 0.00836317, -0.00288586, 1
7.897, 0.0083603, -0.00286674, 1
7.898, 0.00835744, -0.0028476, 1
7.899, 0.0083546, -0.00282843, 1
7.9, 0.00835178, -0.00280925, 1
7.901, 0.00834898, -0.00279005, 1
7.902, 0.0083462, -0.00277082, 1
7.903, 0.00834344, -0.00275158, 1
7.904, 0.0083407, -0.00273232, 1
7.905, 0.00833798, -0.00271304, 1
7.906, 0.00833527, -0.00269374, 1
7.907, 0.00833259, -0.00267442, 1
7.908, 0.00832992, -0.00265508, 1
7.909, 0.00832728, -0.00263573, 1
7.91, 0.00832465, -0.00261635, 1
7.911, 0.00832205, -0.00259696, 1
7.912, 0.00831946, -0.00257755, 1
7.913, 0.00831689, -0.00255812, 1
7.914, 0.00831434, -0.00253868, 1
7.915, 0.00831181, -0.00251922, 1
7.916, 0.0083093, -0.00249974, 1
7.917, 0.00830681, -0.00248025, 1
7.918, 0.00830434, -0.00246073, 1
7.919, 0.00830189, -0.00244121, 1
7.92, 0.00829946, -0.00242166, 1
7.921, 0.00829705, -0.0024021, 1
7.922, 0.00829466, -0.00238253, 1
7.923, 0.00829228, -0.00236294, 1
7.924, 0.00828993, -0.00234333, 1
7.925, 0.0082876, -0.00232371, 1
7.926, 0.00828528, -0.00230407, 1
7.927, 0.00828299, -0.00228442, 1
7.928, 0.00828071, -0.00226476, 1
7.929, 0.00827846, -0.00224508, 1
7.93, 0.00827622, -0.00222538, 1
7.931, 0.00827401, -0.00220567, 1
7.932, 0.00827181, -0.00218595, 1
7.933, 0.00826964, -0.00216621, 1
7.934, 0.00826748, -0.00214647, 1
7.935, 0.00826534, -0.0021267, 1
7.936, 0.00826323, -0.00210693, 1
7.937, 0.00826113, -0.00208714, 1
7.938, 0.00825905, -0.00206734, 1
7.939, 0.008257, -0.00204753, 1
7.94, 0.00825496, -0.0020277, 1
7.941, 0.00825294, -0.00200787, 1
7.942, 0.00825094, -0.00198802, 1
7.943, 0.00824896, -0.00196816, 1
7.944, 0.00824701, -0.00194829, 1
7.945, 0.00824507, -0.0019284, 1
7.946, 0.00824315, -0.00190851, 1
7.947, 0.00824125, -0.00188861, 1
7.948, 0.00823937, -0.00186869, 1
7.949, 0.00823751, -0.00184877, 1
7.95, 0.00823567, -0.00182883, 1
7.951, 0.00823386, -0.00180888, 1
7.952, 0.00823206, -0.00178893, 1
7.953, 0.00823028, -0.00176896, 1
7.954, 0.00822852, -0.00174899, 1
7.955, 0.00822678, -0.00172901, 1
7.956, 0.00822506, -0.00170901, 1
7.957, 0.00822336, -0.00168901, 1
7.958, 0.00822168, -0.001669, 1
7.959, 0.00822002, -0.00164899, 1
7.96, 0.00821838, -0.00162896, 1
7.961, 0.00821677, -0.00160893, 1
7.962, 0.00821517, -0.00158888, 1
7.963, 0.00821359, -0.00156883, 1
7.964, 0.00821203, -0.00154878, 1
7.965, 0.00821049, -0.00152871, 1
7.966, 0.00820897, -0.00150864, 1
7.967, 0.00820747, -0.00148857, 1
7.968, 0.00820599, -0.00146848, 1
7.969, 0.00820454, -0.00144839, 1
7.97, 0.0082031, -0.00142829, 1
7.971, 0.00820168, -0.00140819, 1
7.972, 0.00820028, -0.00138808, 1
7.973, 0.0081989, -0.00136797, 1
7.974, 0.00819755, -0.00134785, 1
7.975, 0.00819621, -0.00132772, 1
7.976, 0.00819489, -0.00130759, 1
7.977, 0.00819359, -0.00128746, 1
7.978, 0.00819232, -0.00126732, 1
7.979, 0.00819106, -0.00124718, 1
7.98, 0.00818982, -0.00122703, 1
7.981, 0.0081886, -0.00120688, 1
7.982, 0.00818741, -0.00118672, 1
7.983, 0.00818623, -0.00116656, 1
7.984, 0.00818507, -0.0011464, 1
7.985, 0.00818394, -0.00112624, 1
7.986, 0.00818282, -0.00110607, 1
7.987, 0.00818173, -0.0010859, 1
7.988, 0.00818065, -0.00106572, 1
7.989, 0.00817959, -0.00104555, 1
7.99, 0.00817856, -0.00102537, 1
7.991, 0.00817754, -0.00100519, 1
7.992, 0.00817655, -0.000985006, 1
7.993, 0.00817557, -0.000964823, 1
7.994, 0.00817462, -0.000944638, 1
7.995, 0.00817368, -0.000924451, 1
7.996, 0.00817277, -0.000904264, 1
7.997, 0.00817188, -0.000884076, 1
7.998, 0.008171, -0.000863887, 1
7.999, 0.00817015, -0.000843698, 1
8, 0.00816931, -0.000823509, 1
8.001, 0.0081685, -0.00080332, 1
8.002, 0.00816771, -0.00078313, 1
8.003, 0.00816693, -0.000762942, 1
8.004, 0.00816618, -0.000742754, 1
8.005, 0.00816545, -0.000722566, 1
8.006, 0.00816474, -0.00070238, 1
8.007, 0.00816404, -0.000682195, 1
8.008, 0.00816337, -0.000662011, 1
8.009, 0.00816272, -0.000641829, 1
8.01, 0.00816209, -0.000621649, 1
8.011, 0.00816148, -0.00060147, 1
8.012, 0.00816089, -0.000581294, 1
8.013, 0.00816031, -0.00056112, 1
8.014, 0.00815976, -0.000540949, 1
8.015, 0.00815923, -0.00052078, 1
8.016, 0.00815872, -0.000500614, 1
8.017, 0.00815823, -0.000480452, 1
8.018, 0.00815776, -0.000460293, 1
8.019, 0.00815731, -0.000440137, 1
8.02, 0.00815688, -0.000419985, 1
8.021, 0.00815647, -0.000399838, 1
8.022, 0.00815608, -0.000379694, 1
8.023, 0.00815571, -0.000359554, 1
8.024, 0.00815536, -0.00033942, 1
8.025, 0.00815503, -0.000319289, 1
8.026, 0.00815472, -0.000299164, 1
8.027, 0.00815443, -0.000279044, 1
8.028, 0.00815417, -0.000258929, 1
8.029, 0.00815392, -0.00023882, 1
8.03, 0.00815369, -0.000218716, 1
8.031, 0.00815348, -0.000198619, 1
8.032, 0.00815329, -0.000178527, 1
8.033, 0.00815312, -0.000158442, 1
8.034, 0.00815297, -0.000138363, 1
8.035, 0.00815285, -0.00011829, 1
8.036, 0.00815274, -9.82252e-05, 1
8.037, 0.00815265, -7.81669e-05, 1
8.038, 0.00815258, -5.81159e-05, 1
8.039, 0.00815253, -3.80723e-05, 1
8.04, 0.0081525, -1.80364e-05, 1
8.041, 0.0081525, 1.99167e-06, 1
8.042, 0.00815251, 2.20117e-05, 1
8.043, 0.00815254, 4.20235e-05, 1
8.044, 0.00815259, 6.2027e-05, 1
8.045, 0.00815266, 8.20218e-05, 1
8.046, 0.00815276, 0.000102008, 1
8.047, 0.00815287, 0.000121985, 1
8.048, 0.008153, 0.000141953, 1
8.049, 0.00815315, 0.000161911, 1
8.05, 0.00815332, 0.00018186, 1
8.051, 0.00815352, 0.000201799, 1
8.052, 0.00815373, 0.000221728, 1
8.053, 0.00815396, 0.000241647, 1
8.054, 0.00815421, 0.000261556, 1
8.055, 0.00815448, 0.000281454, 1
8.056, 0.00815477, 0.000301342, 1
8.057, 0.00815509, 0.000321218, 1
8.058, 0.00815542, 0.000341083, 1
8.059, 0.00815577, 0.000360938, 1
8.06, 0.00815614, 0.00038078, 1
8.061, 0.00815653, 0.000400611, 1
8.062, 0.00815694, 0.00042043, 1
8.063, 0.00815737, 0.000440237, 1
8.064, 0.00815782, 0.000460032, 1
8.065, 0.00815829, 0.000479815, 1
8.066, 0.00815878, 0.000499585, 1
8.067, 0.00815929, 0.000519342, 1
8.068, 0.00815982, 0.000539086, 1
8.069, 0.00816037, 0.000558816, 1
8.07, 0.00816094, 0.000578534, 1
8.071, 0.00816152, 0.000598238, 1
8.072, 0.00816213, 0.000617928, 1
8.073, 0.00816276, 0.000637604, 1
8.074, 0.00816341, 0.000657266, 1
8.075, 0.00816407, 0.000676914, 1
8.076, 0.00816476, 0.000696547, 1
8.077, 0.00816547, 0.000716166, 1
8.078, 0.00816619, 0.000735769, 1
8.079, 0.00816694, 0.000755358, 1
8.08, 0.0081677, 0.000774932, 1
8.081, 0.00816849, 0.000794489, 1
8.082, 0.00816929, 0.000814032, 1
8.083, 0.00817012, 0.000833558, 1
8.084, 0.00817096, 0.000853069, 1
8.085, 0.00817182, 0.000872563, 1
8.086, 0.00817271, 0.000892042, 1
8.087, 0.00817361, 0.000911503, 1
8.088, 0.00817453, 0.000930948, 1
8.089, 0.00817547, 0.000950376, 1
8.09, 0.00817643, 0.000969787, 1
8.091, 0.00817741, 0.00098918, 1
8.092, 0.00817841, 0.00100856, 1
8.093, 0.00817943, 0.00102791, 1
8.094, 0.00818046, 0.00104726, 1
8.095, 0.00818152, 0.00106658, 1
8.096, 0.0081826, 0.00108588, 1
8.097, 0.00818369, 0.00110517, 1
8.098, 0.00818481, 0.00112444, 1
8.099, 0.00818594, 0.00114368, 1
8.1, 0.00818709, 0.00116291, 1
8.101, 0.00818827, 0.00118213, 1
8.102, 0.00818946, 0.00120132, 1
8.103, 0.00819067, 0.00122049, 1
8.104, 0.0081919, 0.00123964, 1
8.105, 0.00819315, 0.00125877, 1
8.106, 0.00819442, 0.00127789, 1
8.107, 0.0081957, 0.00129698, 1
8.108, 0.00819701, 0.00131605, 1
8.109, 0.00819834, 0.0013351, 1
8.11, 0.00819968, 0.00135413, 1
8.111, 0.00820105, 0.00137314, 1
8.112, 0.00820243, 0.00139213, 1
8.113, 0.00820383, 0.0014111, 1
8.114, 0.00820525, 0.00143005, 1
8.115, 0.00820669, 0.00144897, 1
8.116, 0.00820815, 0.00146787, 1
8.117, 0.00820963, 0.00148675, 1
8.118, 0.00821112, 0.00150561, 1
8.119, 0.00821264, 0.00152445, 1
8.12, 0.00821417, 0.00154326, 1
8.121, 0.00821572, 0.00156205, 1
8.122, 0.00821729, 0.00158082, 1
8.123, 0.00821888, 0.00159957, 1
8.124, 0.00822049, 0.00161829, 1
8.125, 0.00822212, 0.00163699, 1
8.126, 0.00822377, 0.00165566, 1
8.127, 0.00822543, 0.00167432, 1
8.128, 0.00822712, 0.00169294, 1
8.129, 0.00822882, 0.00171155, 1
8.13, 0.00823054, 0.00173013, 1
8.131, 0.00823228, 0.00174868, 1
8.132, 0.00823404, 0.00176721, 1
8.133, 0.00823581, 0.00178572, 1
8.134, 0.00823761, 0.0018042, 1
8.135, 0.00823942, 0.00182265, 1
8.136, 0.00824125, 0.00184108, 1
8.137, 0.0082431, 0.00185949, 1
8.138, 0.00824497, 0.00187787, 1
8.139, 0.00824686, 0.00189622, 1
8.14, 0.00824876, 0.00191455, 1
8.141, 0.00825069, 0.00193285, 1
8.142, 0.00825263, 0.00195113, 1
8.143, 0.00825459, 0.00196938, 1
8.144, 0.00825657, 0.0019876, 1
8.145, 0.00825857, 0.00200579, 1
8.146, 0.00826058, 0.00202396, 1
8.147, 0.00826261, 0.0020421, 1
8.148, 0.00826466, 0.00206022, 1
8.149, 0.00826673, 0.00207831, 1
8.15, 0.00826882, 0.00209636, 1
8.151, 0.00827093, 0.0021144, 1
8.152, 0.00827305, 0.0021324, 1
8.153, 0.00827519, 0.00215037, 1
8.154, 0.00827735, 0.00216832, 1
8.155, 0.00827953, 0.00218624, 1
8.156, 0.00828172, 0.00220413, 1
8.157, 0.00828394, 0.00222199, 1
8.158, 0.00828617, 0.00223982, 1
8.159, 0.00828842, 0.00225763, 1
8.16, 0.00829068, 0.0022754, 1
8.161, 0.00829297, 0.00229314, 1
8.162, 0.00829527, 0.00231086, 1
8.163, 0.00829759, 0.00232854, 1
8.164, 0.00829993, 0.0023462, 1
8.165, 0.00830228, 0.00236382, 1
8.166, 0.00830465, 0.00238142, 1
8.167, 0.00830704, 0.00239898, 1
8.168, 0.00830945, 0.00241652, 1
8.169, 0.00831188, 0.00243402, 1
8.17, 0.00831432, 0.00245149, 1
8.171, 0.00831678, 0.00246893, 1
8.172, 0.00831926, 0.00248635, 1
8.173, 0.00832175, 0.00250372, 1
8.174, 0.00832426, 0.00252107, 1
8.175, 0.00832679, 0.00253839, 1
8.176, 0.00832934, 0.00255567, 1
8.177, 0.00833191, 0.00257292, 1
8.178, 0.00833449, 0.00259014, 1
8.179, 0.00833709, 0.00260733, 1
8.18, 0.0083397, 0.00262448, 1
8.181, 0.00834234, 0.00264161, 1
8.182, 0.00834499, 0.0026587, 1
8.183, 0.00834765, 0.00267575, 1
8.184, 0.00835034, 0.00269278, 1
8.185, 0.00835304, 0.00270977, 1
8.186, 0.00835576, 0.00272672, 1
8.187, 0.00835849, 0.00274365, 1
8.188, 0.00836124, 0.00276054, 1
8.189, 0.00836401, 0.00277739, 1
8.19, 0.0083668, 0.00279422, 1
8.191, 0.0083696, 0.002811, 1
8.192, 0.00837242, 0.00282776, 1
8.193, 0.00837526, 0.00284448, 1
8.194, 0.00837811, 0.00286116, 1
8.195, 0.00838098, 0.00287781, 1
8.196, 0.00838386, 0.00289443, 1
8.197, 0.00838677, 0.00291101, 1
8.198, 0.00838969, 0.00292755, 1
8.199, 0.00839262, 0.00294406, 1
8.2, 0.00839558, 0.00296053, 1
8.201, 0.00839854, 0.00297697, 1
8.202, 0.00840153, 0.00299337, 1
8.203, 0.00840453, 0.00300974, 1
8.204, 0.00840755, 0.00302607, 1
8.205, 0.00841058, 0.00304237, 1
8.206, 0.00841363, 0.00305862, 1
8.207, 0.0084167, 0.00307485, 1
8.208, 0.00841978, 0.00309103, 1
8.209, 0.00842288, 0.00310718, 1
8.21, 0.008426, 0.00312329, 1
8.211, 0.00842913, 0.00313936, 1
8.212, 0.00843228, 0.0031554, 1
8.213, 0.00843544, 0.0031714, 1
8.214, 0.00843862, 0.00318736, 1
8.215, 0.00844181, 0.00320329, 1
8.216, 0.00844503, 0.00321917, 1
8.217, 0.00844825, 0.00323502, 1
8.218, 0.0084515, 0.00325083, 1
8.219, 0.00845475, 0.0032666, 1
8.22, 0.00845803, 0.00328234, 1
8.221, 0.00846132, 0.00329803, 1
8.222, 0.00846462, 0.00331369, 1
8.223, 0.00846795, 0.00332931, 1
8.224, 0.00847128, 0.00334489, 1
8.225, 0.00847464, 0.00336043, 1
8.226, 0.008478, 0.00337593, 1
8.227, 0.00848139, 0.00339139, 1
8.228, 0.00848479, 0.00340681, 1
8.229, 0.0084882, 0.0034222, 1
8.23, 0.00849163, 0.00343754, 1
8.231, 0.00849508, 0.00345284, 1
8.232, 0.00849854, 0.00346811, 1
8.233, 0.00850201, 0.00348333, 1
8.234, 0.0085055, 0.00349851, 1
8.235, 0.00850901, 0.00351365, 1
8.236, 0.00851253, 0.00352876, 1
8.237, 0.00851607, 0.00354382, 1
8.238, 0.00851962, 0.00355884, 1
8.239, 0.00852318, 0.00357382, 1
8.24, 0.00852677, 0.00358876, 1
8.241, 0.00853036, 0.00360365, 1
8.242, 0.00853397, 0.00361851, 1
8.243, 0.0085376, 0.00363332, 1
8.244, 0.00854124, 0.0036481, 1
8.245, 0.0085449, 0.00366283, 1
8.246, 0.00854857, 0.00367752, 1
8.247, 0.00855225, 0.00369216, 1
8.248, 0.00855595, 0.00370677, 1
8.249, 0.00855966, 0.00372133, 1
8.25, 0.00856339, 0.00373585, 1
8.251, 0.00856714, 0.00375033, 1
8.252, 0.00857089, 0.00376477, 1
8.253, 0.00857467, 0.00377916, 1
8.254, 0.00857845, 0.00379351, 1
8.255, 0.00858225, 0.00380782, 1
8.256, 0.00858607, 0.00382209, 1
8.257, 0.0085899, 0.00383631, 1
8.258, 0.00859374, 0.00385048, 1
8.259, 0.0085976, 0.00386462, 1
8.26, 0.00860147, 0.00387871, 1
8.261, 0.00860535, 0.00389276, 1
8.262, 0.00860925, 0.00390676, 1
8.263, 0.00861317, 0.00392072, 1
8.264, 0.0086171, 0.00393464, 1
8.265, 0.00862104, 0.00394851, 1
8.266, 0.00862499, 0.00396233, 1
8.267, 0.00862896, 0.00397612, 1
8.268, 0.00863295, 0.00398986, 1
8.269, 0.00863694, 0.00400355, 1
8.27, 0.00864095, 0.0040172, 1
8.271, 0.00864498, 0.0040308, 1
8.272, 0.00864901, 0.00404436, 1
8.273, 0.00865306, 0.00405787, 1
8.274, 0.00865713, 0.00407134, 1
8.275, 0.00866121, 0.00408477, 1
8.276, 0.0086653, 0.00409814, 1
8.277, 0.0086694, 0.00411148, 1
8.278, 0.00867352, 0.00412476, 1
8.279, 0.00867765, 0.004138, 1
8.28, 0.0086818, 0.0041512, 1
8.281, 0.00868596, 0.00416435, 1
8.282, 0.00869013, 0.00417745, 1
8.283, 0.00869431, 0.00419051, 1
8.284, 0.00869851, 0.00420352, 1
8.285, 0.00870272, 0.00421648, 1
8.286, 0.00870694, 0.0042294, 1
8.287, 0.00871118, 0.00424227, 1
8.288, 0.00871543, 0.0042551, 1
8.289, 0.00871969, 0.00426787, 1
8.29, 0.00872396, 0.0042806, 1
8.291, 0.00872825, 0.00429329, 1
8.292, 0.00873255, 0.00430592, 1
8.293, 0.00873686, 0.00431851, 1
8.294, 0.00874118, 0.00433105, 1
8.295, 0.00874552, 0.00434355, 1
8.296, 0.00874987, 0.00435599, 1
8.297, 0.00875423, 0.00436839, 1
8.298, 0.00875861, 0.00438074, 1
8.299, 0.008763, 0.00439305, 1
8.3, 0.00876739, 0.0044053, 1
8.301, 0.00877181, 0.00441751, 1
8.302, 0.00877623, 0.00442967, 1
8.303, 0.00878067, 0.00444178, 1
8.304, 0.00878511, 0.00445384, 1
8.305, 0.00878957, 0.00446585, 1
8.306, 0.00879404, 0.00447782, 1
8.307, 0.00879853, 0.00448973, 1
8.308, 0.00880302, 0.0045016, 1
8.309, 0.00880753, 0.00451342, 1
8.31, 0.00881205, 0.00452519, 1
8.311, 0.00881658, 0.00453691, 1
8.312, 0.00882112, 0.00454858, 1
8.313, 0.00882568, 0.0045602, 1
8.314, 0.00883025, 0.00457177, 1
8.315, 0.00883482, 0.0045833, 1
8.316, 0.00883941, 0.00459477, 1
8.317, 0.00884401, 0.00460619, 1
8.318, 0.00884862, 0.00461757, 1
8.319, 0.00885325, 0.00462889, 1
8.32, 0.00885788, 0.00464016, 1
8.321, 0.00886253, 0.00465139, 1
8.322, 0.00886718, 0.00466256, 1
8.323, 0.00887185, 0.00467369, 1
8.324, 0.00887653, 0.00468476, 1
8.325, 0.00888122, 0.00469578, 1
8.326, 0.00888592, 0.00470676, 1
8.327, 0.00889064, 0.00471768, 1
8.328, 0.00889536, 0.00472855, 1
8.329, 0.00890009, 0.00473937, 1
8.33, 0.00890484, 0.00475014, 1
8.331, 0.00890959, 0.00476086, 1
8.332, 0.00891436, 0.00477153, 1
8.333, 0.00891914, 0.00478215, 1
8.334, 0.00892392, 0.00479271, 1
8.335, 0.00892872, 0.00480323, 1
8.336, 0.00893353, 0.00481369, 1
8.337, 0.00893835, 0.0048241, 1
8.338, 0.00894318, 0.00483446, 1
8.339, 0.00894802, 0.00484477, 1
8.34, 0.00895287, 0.00485503, 1
8.341, 0.00895773, 0.00486524, 1
8.342, 0.0089626, 0.00487539, 1
8.343, 0.00896748, 0.00488549, 1
8.344, 0.00897237, 0.00489554, 1
8.345, 0.00897727, 0.00490554, 1
8.346, 0.00898218, 0.00491548, 1
8.347, 0.0089871, 0.00492538, 1
8.348, 0.00899203, 0.00493522, 1
8.349, 0.00899697, 0.00494501, 1
8.35, 0.00900192, 0.00495475, 1
8.351, 0.00900688, 0.00496443, 1
8.352, 0.00901185, 0.00497406, 1
8.353, 0.00901683, 0.00498364, 1
8.354, 0.00902182, 0.00499317, 1
8.355, 0.00902681, 0.00500264, 1
8.356, 0.00903182, 0.00501206, 1
8.357, 0.00903684, 0.00502143, 1
8.358, 0.00904187, 0.00503074, 1
8.359, 0.0090469, 0.00504001, 1
8.36, 0.00905195, 0.00504921, 1
8.361, 0.009057, 0.00505837, 1
8.362, 0.00906206, 0.00506747, 1
8.363, 0.00906713, 0.00507652, 1
8.364, 0.00907221, 0.00508552, 1
8.365, 0.0090773, 0.00509446, 1
8.366, 0.0090824, 0.00510335, 1
8.367, 0.00908751, 0.00511218, 1
8.368, 0.00909263, 0.00512096, 1
8.369, 0.00909775, 0.00512969, 1
8.37, 0.00910289, 0.00513836, 1
8.371, 0.00910803, 0.00514698, 1
8.372, 0.00911318, 0.00515555, 1
8.373, 0.00911834, 0.00516406, 1
8.374, 0.00912351, 0.00517252, 1
8.375, 0.00912869, 0.00518092, 1
8.376, 0.00913387, 0.00518927, 1
8.377, 0.00913906, 0.00519756, 1
8.378, 0.00914427, 0.00520581, 1
8.379, 0.00914948, 0.00521399, 1
8.38, 0.00915469, 0.00522212, 1
8.381, 0.00915992, 0.0052302, 1
8.382, 0.00916515, 0.00523822, 1
8.383, 0.0091704, 0.00524619, 1
8.384, 0.00917565, 0.00525411, 1
8.385, 0.00918091, 0.00526197, 1
8.386, 0.00918617, 0.00526977, 1
8.387, 0.00919144, 0.00527752, 1
8.388, 0.00919673, 0.00528521, 1
8.389, 0.00920202, 0.00529285, 1
8.39, 0.00920731, 0.00530044, 1
8.391, 0.00921262, 0.00530797, 1
8.392, 0.00921793, 0.00531544, 1
8.393, 0.00922325, 0.00532286, 1
8.394, 0.00922857, 0.00533023, 1
8.395, 0.00923391, 0.00533754, 1
8.396, 0.00923925, 0.00534479, 1
8.397, 0.0092446, 0.00535199, 1
8.398, 0.00924995, 0.00535913, 1
8.399, 0.00925532, 0.00536622, 1
8.4, 0.00926068, 0.00537325, 1
8.401, 0.00926606, 0.00538023, 1
8.402, 0.00927145, 0.00538715, 1
8.403, 0.00927684, 0.00539402, 1
8.404, 0.00928223, 0.00540083, 1
8.405, 0.00928764, 0.00540758, 1
8.406, 0.00929305, 0.00541428, 1
8.407, 0.00929847, 0.00542092, 1
8.408, 0.00930389, 0.00542751, 1
8.409, 0.00930932, 0.00543404, 1
8.41, 0.00931476, 0.00544052, 1
8.411, 0.0093202, 0.00544694, 1
8.412, 0.00932565, 0.0054533, 1
8.413, 0.00933111, 0.00545961, 1
8.414, 0.00933657, 0.00546586, 1
8.415, 0.00934204, 0.00547205, 1
8.416, 0.00934752, 0.00547819, 1
8.417, 0.009353, 0.00548428, 1
8.418, 0.00935848, 0.0054903, 1
8.419, 0.00936398, 0.00549627, 1
8.42, 0.00936948, 0.00550219, 1
8.421, 0.00937498, 0.00550804, 1
8.422, 0.00938049, 0.00551385, 1
8.423, 0.00938601, 0.00551959, 1
8.424, 0.00939153, 0.00552528, 1
8.425, 0.00939706, 0.00553091, 1
8.426, 0.00940259, 0.00553649, 1
8.427, 0.00940813, 0.00554201, 1
8.428, 0.00941368, 0.00554747, 1
8.429, 0.00941923, 0.00555287, 1
8.43, 0.00942478, 0.00555822, 1
8.431, 0.00943034, 0.00556352, 1
8.432, 0.00943591, 0.00556875, 1
8.433, 0.00944148, 0.00557393, 1
8.434, 0.00944706, 0.00557905, 1
8.435, 0.00945264, 0.00558412, 1
8.436, 0.00945823, 0.00558913, 1
8.437, 0.00946382, 0.00559408, 1
8.438, 0.00946941, 0.00559898, 1
8.439, 0.00947502, 0.00560381, 1
8.44, 0.00948062, 0.0056086, 1
8.441, 0.00948623, 0.00561332, 1
8.442, 0.00949185, 0.00561799, 1
8.443, 0.00949747, 0.0056226, 1
8.444, 0.00950309, 0.00562715, 1
8.445, 0.00950872, 0.00563165, 1
8.446, 0.00951436, 0.00563609, 1
8.447, 0.00952, 0.00564047, 1
8.448, 0.00952564, 0.0056448, 1
8.449, 0.00953129, 0.00564907, 1
8.45, 0.00953694, 0.00565328, 1
8.451, 0.00954259, 0.00565743, 1
8.452, 0.00954825, 0.00566153, 1
8.453, 0.00955391, 0.00566557, 1
8.454, 0.00955958, 0.00566955, 1
8.455, 0.00956525, 0.00567348, 1
8.456, 0.00957093, 0.00567734, 1
8.457, 0.00957661, 0.00568116, 1
8.458, 0.00958229, 0.00568491, 1
8.459, 0.00958798, 0.00568861, 1
8.46, 0.00959367, 0.00569225, 1
8.461, 0.00959936, 0.00569583, 1
8.462, 0.00960506, 0.00569935, 1
8.463, 0.00961076, 0.00570282, 1
8.464, 0.00961647, 0.00570623, 1
8.465, 0.00962217, 0.00570958, 1
8.466, 0.00962788, 0.00571288, 1
8.467, 0.0096336, 0.00571612, 1
8.468, 0.00963932, 0.0057193, 1
8.469, 0.00964504, 0.00572242, 1
8.47, 0.00965076, 0.00572549, 1
8.471, 0.00965649, 0.00572849, 1
8.472, 0.00966222, 0.00573145, 1
8.473, 0.00966795, 0.00573434, 1
8.474, 0.00967369, 0.00573718, 1
8.475, 0.00967943, 0.00573996, 1
8.476, 0.00968517, 0.00574268, 1
8.477, 0.00969091, 0.00574534, 1
8.478, 0.00969666, 0.00574795, 1
8.479, 0.00970241, 0.0057505, 1
8.48, 0.00970816, 0.00575299, 1
8.481, 0.00971391, 0.00575542, 1
8.482, 0.00971967, 0.0057578, 1
8.483, 0.00972543, 0.00576012, 1
8.484, 0.00973119, 0.00576238, 1
8.485, 0.00973695, 0.00576459, 1
8.486, 0.00974272, 0.00576674, 1
8.487, 0.00974849, 0.00576883, 1
8.488, 0.00975426, 0.00577086, 1
8.489, 0.00976003, 0.00577283, 1
8.49, 0.0097658, 0.00577475, 1
8.491, 0.00977158, 0.00577661, 1
8.492, 0.00977736, 0.00577841, 1
8.493, 0.00978314, 0.00578016, 1
8.494, 0.00978892, 0.00578185, 1
8.495, 0.0097947, 0.00578348, 1
8.496, 0.00980048, 0.00578505, 1
8.497, 0.00980627, 0.00578657, 1
8.498, 0.00981206, 0.00578803, 1
8.499, 0.00981784, 0.00578943, 1
8.5, 0.00982364, 0.00579077, 1
8.501, 0.00982943, 0.00579206, 1
8.502, 0.00983522, 0.00579329, 1
8.503, 0.00984101, 0.00579446, 1
8.504, 0.00984681, 0.00579558, 1
8.505, 0.0098526, 0.00579663, 1
8.506, 0.0098584, 0.00579763, 1
8.507, 0.0098642, 0.00579858, 1
8.508, 0.00987, 0.00579946, 1
8.509, 0.0098758, 0.00580029, 1
8.51, 0.0098816, 0.00580106, 1
8.511, 0.0098874, 0.00580178, 1
8.512, 0.0098932, 0.00580243, 1
8.513, 0.00989901, 0.00580303, 1
8.514, 0.00990481, 0.00580358, 1
8.515, 0.00991061, 0.00580406, 1
8.516, 0.00991642, 0.00580449, 1
8.517, 0.00992222, 0.00580486, 1
8.518, 0.00992803, 0.00580517, 1
8.519, 0.00993383, 0.00580543, 1
8.52, 0.00993964, 0.00580563, 1
8.521, 0.00994544, 0.00580577, 1
8.522, 0.00995125, 0.00580586, 1
8.523, 0.00995705, 0.00580589, 1
8.524, 0.00996286, 0.00580586, 1
8.525, 0.00996867, 0.00580578, 1
8.526, 0.00997447, 0.00580563, 1
8.527, 0.00998028, 0.00580544, 1
8.528, 0.00998608, 0.00580518, 1
8.529, 0.00999189, 0.00580487, 1
8.53, 0.00999769, 0.0058045, 1
8.531, 0.0100035, 0.00580407, 1
8.532, 0.0100093, 0.00580359, 1
8.533, 0.0100151, 0.00580305, 1
8.534, 0.0100209, 0.00580246, 1
8.535, 0.0100267, 0.0058018, 1
8.536, 0.0100325, 0.00580109, 1
8.537, 0.0100383, 0.00580033, 1
8.538, 0.0100441, 0.0057995, 1
8.539, 0.0100499, 0.00579863, 1
8.54, 0.0100557, 0.00579769, 1
8.541, 0.0100615, 0.0057967, 1
8.542, 0.0100673, 0.00579565, 1
8.543, 0.0100731, 0.00579454, 1
8.544, 0.0100789, 0.00579338, 1
8.545, 0.0100847, 0.00579216, 1
8.546, 0.0100905, 0.00579089, 1
8.547, 0.0100963, 0.00578956, 1
8.548, 0.0101021, 0.00578817, 1
8.549, 0.0101078, 0.00578673, 1
8.55, 0.0101136, 0.00578523, 1
8.551, 0.0101194, 0.00578368, 1
8.552, 0.0101252, 0.00578207, 1
8.553, 0.010131, 0.0057804, 1
8.554, 0.0101368, 0.00577867, 1
8.555, 0.0101425, 0.0057769, 1
8.556, 0.0101483, 0.00577506, 1
8.557, 0.0101541, 0.00577317, 1
8.558, 0.0101599, 0.00577122, 1
8.559, 0.0101656, 0.00576922, 1
8.56, 0.0101714, 0.00576716, 1
8.561, 0.0101772, 0.00576505, 1
8.562, 0.0101829, 0.00576288, 1
8.563, 0.0101887, 0.00576065, 1
8.564, 0.0101944, 0.00575837, 1
8.565, 0.0102002, 0.00575603, 1
8.566, 0.010206, 0.00575364, 1
8.567, 0.0102117, 0.00575119, 1
8.568, 0.0102175, 0.00574869, 1
8.569, 0.0102232, 0.00574613, 1
8.57, 0.010229, 0.00574352, 1
8.571, 0.0102347, 0.00574085, 1
8.572, 0.0102404, 0.00573812, 1
8.573, 0.0102462, 0.00573534, 1
8.574, 0.0102519, 0.00573251, 1
8.575, 0.0102576, 0.00572962, 1
8.576, 0.0102634, 0.00572667, 1
8.577, 0.0102691, 0.00572367, 1
8.578, 0.0102748, 0.00572062, 1
8.579, 0.0102805, 0.00571751, 1
8.58, 0.0102862, 0.00571434, 1
8.581, 0.010292, 0.00571112, 1
8.582, 0.0102977, 0.00570785, 1
8.583, 0.0103034, 0.00570452, 1
8.584, 0.0103091, 0.00570114, 1
8.585, 0.0103148, 0.0056977, 1
8.586, 0.0103205, 0.00569421, 1
8.587, 0.0103262, 0.00569066, 1
8.588, 0.0103319, 0.00568706, 1
8.589, 0.0103375, 0.0056834, 1
8.59, 0.0103432, 0.00567969, 1
8.591, 0.0103489, 0.00567593, 1
8.592, 0.0103546, 0.00567211, 1
8.593, 0.0103602, 0.00566824, 1
8.594, 0.0103659, 0.00566431, 1
8.595, 0.0103716, 0.00566033, 1
8.596, 0.0103772, 0.0056563, 1
8.597, 0.0103829, 0.00565221, 1
8.598, 0.0103885, 0.00564807, 1
8.599, 0.0103942, 0.00564387, 1
8.6, 0.0103998, 0.00563962, 1
8.601, 0.0104055, 0.00563532, 1
8.602, 0.0104111, 0.00563096, 1
8.603, 0.0104167, 0.00562655, 1
8.604, 0.0104223, 0.00562209, 1
8.605, 0.010428, 0.00561757, 1
8.606, 0.0104336, 0.005613, 1
8.607, 0.0104392, 0.00560838, 1
8.608, 0.0104448, 0.0056037, 1
8.609, 0.0104504, 0.00559897, 1
8.61, 0.010456, 0.00559419, 1
8.611, 0.0104616, 0.00558935, 1
8.612, 0.0104672, 0.00558446, 1
8.613, 0.0104728, 0.00557952, 1
8.614, 0.0104783, 0.00557453, 1
8.615, 0.0104839, 0.00556948, 1
8.616, 0.0104895, 0.00556438, 1
8.617, 0.010495, 0.00555923, 1
8.618, 0.0105006, 0.00555403, 1
8.619, 0.0105061, 0.00554877, 1
8.62, 0.0105117, 0.00554346, 1
8.621, 0.0105172, 0.0055381, 1
8.622, 0.0105228, 0.00553269, 1
8.623, 0.0105283, 0.00552722, 1
8.624, 0.0105338, 0.0055217, 1
8.625, 0.0105393, 0.00551613, 1
8.626, 0.0105449, 0.00551051, 1
8.627, 0.0105504, 0.00550484, 1
8.628, 0.0105559, 0.00549911, 1
8.629, 0.0105614, 0.00549334, 1
8.63, 0.0105668, 0.00548751, 1
8.631, 0.0105723, 0.00548163, 1
8.632, 0.0105778, 0.0054757, 1
8.633, 0.0105833, 0.00546972, 1
8.634, 0.0105887, 0.00546368, 1
8.635, 0.0105942, 0.0054576, 1
8.636, 0.0105997, 0.00545146, 1
8.637, 0.0106051, 0.00544528, 1
8.638, 0.0106106, 0.00543904, 1
8.639, 0.010616, 0.00543275, 1
8.64, 0.0106214, 0.00542641, 1
8.641, 0.0106268, 0.00542002, 1
8.642, 0.0106323, 0.00541358, 1
8.643, 0.0106377, 0.00540709, 1
8.644, 0.0106431, 0.00540055, 1
8.645, 0.0106485, 0.00539395, 1
8.646, 0.0106539, 0.00538731, 1
8.647, 0.0106592, 0.00538062, 1
8.648, 0.0106646, 0.00537388, 1
8.649, 0.01067, 0.00536709, 1
8.65, 0.0106754, 0.00536024, 1
8.651, 0.0106807, 0.00535335, 1
8.652, 0.0106861, 0.00534641, 1
8.653, 0.0106914, 0.00533942, 1
8.654, 0.0106967, 0.00533238, 1
8.655, 0.0107021, 0.00532528, 1
8.656, 0.0107074, 0.00531814, 1
8.657, 0.0107127, 0.00531096, 1
8.658, 0.010718, 0.00530372, 1
8.659, 0.0107233, 0.00529643, 1
8.66, 0.0107286, 0.00528909, 1
8.661, 0.0107339, 0.00528171, 1
8.662, 0.0107392, 0.00527427, 1
8.663, 0.0107444, 0.00526679, 1
8.664, 0.0107497, 0.00525926, 1
8.665, 0.010755, 0.00525168, 1
8.666, 0.0107602, 0.00524405, 1
8.667, 0.0107654, 0.00523637, 1
8.668, 0.0107707, 0.00522864, 1
8.669, 0.0107759, 0.00522087, 1
8.67, 0.0107811, 0.00521305, 1
8.671, 0.0107863, 0.00520518, 1
8.672, 0.0107915, 0.00519726, 1
8.673, 0.0107967, 0.00518929, 1
8.674, 0.0108019, 0.00518128, 1
8.675, 0.0108071, 0.00517322, 1
8.676, 0.0108123, 0.00516511, 1
8.677, 0.0108174, 0.00515696, 1
8.678, 0.0108226, 0.00514875, 1
8.679, 0.0108277, 0.0051405, 1
8.68, 0.0108329, 0.0051322, 1
8.681, 0.010838, 0.00512386, 1
8.682, 0.0108431, 0.00511547, 1
8.683, 0.0108482, 0.00510703, 1
8.684, 0.0108533, 0.00509854, 1
8.685, 0.0108584, 0.00509001, 1
8.686, 0.0108635, 0.00508143, 1
8.687, 0.0108686, 0.00507281, 1
8.688, 0.0108736, 0.00506414, 1
8.689, 0.0108787, 0.00505542, 1
8.69, 0.0108838, 0.00504666, 1
8.691, 0.0108888, 0.00503785, 1
8.692, 0.0108938, 0.00502899, 1
8.693, 0.0108989, 0.00502009, 1
8.694, 0.0109039, 0.00501115, 1
8.695, 0.0109089, 0.00500216, 1
8.696, 0.0109139, 0.00499312, 1
8.697, 0.0109189, 0.00498404, 1
8.698, 0.0109238, 0.00497491, 1
8.699, 0.0109288, 0.00496573, 1
8.7, 0.0109338, 0.00495652, 1
8.701, 0.0109387, 0.00494725, 1
8.702, 0.0109437, 0.00493794, 1
8.703, 0.0109486, 0.00492859, 1
8.704, 0.0109535, 0.00491919, 1
8.705, 0.0109584, 0.00490975, 1
8.706, 0.0109633, 0.00490027, 1
8.707, 0.0109682, 0.00489074, 1
8.708, 0.0109731, 0.00488116, 1
8.709, 0.010978, 0.00487154, 1
8.71, 0.0109829, 0.00486188, 1
8.711, 0.0109877, 0.00485217, 1
8.712, 0.0109926, 0.00484242, 1
8.713, 0.0109974, 0.00483263, 1
8.714, 0.0110022, 0.00482279, 1
8.715, 0.0110071, 0.00481291, 1
8.716, 0.0110119, 0.00480299, 1
8.717, 0.0110167, 0.00479302, 1
8.718, 0.0110214, 0.00478301, 1
8.719, 0.0110262, 0.00477296, 1
8.72, 0.011031, 0.00476286, 1
8.721, 0.0110358, 0.00475272, 1
8.722, 0.0110405, 0.00474254, 1
8.723, 0.0110452, 0.00473232, 1
8.724, 0.01105, 0.00472205, 1
8.725, 0.0110547, 0.00471175, 1
8.726, 0.0110594, 0.0047014, 1
8.727, 0.0110641, 0.004691, 1
8.728, 0.0110688, 0.00468057, 1
8.729, 0.0110734, 0.0046701, 1
8.73, 0.0110781, 0.00465958, 1
8.731, 0.0110828, 0.00464902, 1
8.732, 0.0110874, 0.00463842, 1
8.733, 0.011092, 0.00462778, 1
8.734, 0.0110967, 0.0046171, 1
8.735, 0.0111013, 0.00460637, 1
8.736, 0.0111059, 0.00459561, 1
8.737, 0.0111105, 0.0045848, 1
8.738, 0.011115, 0.00457396, 1
8.739, 0.0111196, 0.00456307, 1
8.74, 0.0111242, 0.00455215, 1
8.741, 0.0111287, 0.00454118, 1
8.742, 0.0111333, 0.00453017, 1
8.743, 0.0111378, 0.00451912, 1
8.744, 0.0111423, 0.00450804, 1
8.745, 0.0111468, 0.00449691, 1
8.746, 0.0111513, 0.00448574, 1
8.747, 0.0111558, 0.00447454, 1
8.748, 0.0111602, 0.00446329, 1
8.749, 0.0111647, 0.00445201, 1
8.75, 0.0111691, 0.00444068, 1
8.751, 0.0111736, 0.00442932, 1
8.752, 0.011178, 0.00441792, 1
8.753, 0.0111824, 0.00440648, 1
8.754, 0.0111868, 0.004395, 1
8.755, 0.0111912, 0.00438348, 1
8.756, 0.0111956, 0.00437193, 1
8.757, 0.0111999, 0.00436033, 1
8.758, 0.0112043, 0.0043487, 1
8.759, 0.0112086, 0.00433703, 1
8.76, 0.011213, 0.00432532, 1
8.761, 0.0112173, 0.00431358, 1
8.762, 0.0112216, 0.00430179, 1
8.763, 0.0112259, 0.00428997, 1
8.764, 0.0112302, 0.00427811, 1
8.765, 0.0112345, 0.00426622, 1
8.766, 0.0112387, 0.00425429, 1
8.767, 0.011243, 0.00424232, 1
8.768, 0.0112472, 0.00423031, 1
8.769, 0.0112514, 0.00421827, 1
8.77, 0.0112556, 0.00420619, 1
8.771, 0.0112598, 0.00419407, 1
8.772, 0.011264, 0.00418192, 1
8.773, 0.0112682, 0.00416973, 1
8.774, 0.0112724, 0.0041575, 1
8.775, 0.0112765, 0.00414524, 1
8.776, 0.0112807, 0.00413295, 1
8.777, 0.0112848, 0.00412062, 1
8.778, 0.0112889, 0.00410825, 1
8.779, 0.011293, 0.00409585, 1
8.78, 0.0112971, 0.00408341, 1
8.781, 0.0113012, 0.00407094, 1
8.782, 0.0113052, 0.00405843, 1
8.783, 0.0113093, 0.00404588, 1
8.784, 0.0113133, 0.00403331, 1
8.785, 0.0113173, 0.0040207, 1
8.786, 0.0113214, 0.00400805, 1
8.787, 0.0113254, 0.00399537, 1
8.788, 0.0113294, 0.00398265, 1
8.789, 0.0113333, 0.00396991, 1
8.79, 0.0113373, 0.00395712, 1
8.791, 0.0113412, 0.00394431, 1
8.792, 0.0113452, 0.00393146, 1
8.793, 0.0113491, 0.00391857, 1
8.794, 0.011353, 0.00390566, 1
8.795, 0.0113569, 0.00389271, 1
8.796, 0.0113608, 0.00387973, 1
8.797, 0.0113647, 0.00386671, 1
8.798, 0.0113685, 0.00385366, 1
8.799, 0.0113724, 0.00384058, 1
8.8, 0.0113762, 0.00382747, 1
8.801, 0.01138, 0.00381432, 1
8.802, 0.0113838, 0.00380115, 1
8.803, 0.0113876, 0.00378794, 1
8.804, 0.0113914, 0.0037747, 1
8.805, 0.0113952, 0.00376142, 1
8.806, 0.0113989, 0.00374812, 1
8.807, 0.0114027, 0.00373478, 1
8.808, 0.0114064, 0.00372141, 1
8.809, 0.0114101, 0.00370802, 1
8.81, 0.0114138, 0.00369459, 1
8.811, 0.0114175, 0.00368112, 1
8.812, 0.0114212, 0.00366763, 1
8.813, 0.0114249, 0.00365411, 1
8.814, 0.0114285, 0.00364056, 1
8.815, 0.0114321, 0.00362698, 1
8.816, 0.0114358, 0.00361336, 1
8.817, 0.0114394, 0.00359972, 1
8.818, 0.011443, 0.00358605, 1
8.819, 0.0114465, 0.00357235, 1
8.82, 0.0114501, 0.00355862, 1
8.821, 0.0114536, 0.00354485, 1
8.822, 0.0114572, 0.00353106, 1
8.823, 0.0114607, 0.00351724, 1
8.824, 0.0114642, 0.0035034, 1
8.825, 0.0114677, 0.00348952, 1
8.826, 0.0114712, 0.00347561, 1
8.827, 0.0114747, 0.00346168, 1
8.828, 0.0114781, 0.00344772, 1
8.829, 0.0114816, 0.00343372, 1
8.83, 0.011485, 0.00341971, 1
8.831, 0.0114884, 0.00340566, 1
8.832, 0.0114918, 0.00339158, 1
8.833, 0.0114952, 0.00337748, 1
8.834, 0.0114986, 0.00336335, 1
8.835, 0.0115019, 0.00334919, 1
8.836, 0.0115053, 0.00333501, 1
8.837, 0.0115086, 0.0033208, 1
8.838, 0.0115119, 0.00330656, 1
8.839, 0.0115152, 0.00329229, 1
8.84, 0.0115185, 0.003278, 1
8.841, 0.0115218, 0.00326368, 1
8.842, 0.011525, 0.00324934, 1
8.843, 0.0115283, 0.00323497, 1
8.844, 0.0115315, 0.00322057, 1
8.845, 0.0115347, 0.00320615, 1
8.846, 0.0115379, 0.0031917, 1
8.847, 0.0115411, 0.00317723, 1
8.848, 0.0115442, 0.00316273, 1
8.849, 0.0115474, 0.0031482, 1
8.85, 0.0115505, 0.00313366, 1
8.851, 0.0115537, 0.00311908, 1
8.852, 0.0115568, 0.00310448, 1
8.853, 0.0115599, 0.00308986, 1
8.854, 0.011563, 0.00307521, 1
8.855, 0.011566, 0.00306054, 1
8.856, 0.0115691, 0.00304584, 1
8.857, 0.0115721, 0.00303112, 1
8.858, 0.0115751, 0.00301638, 1
8.859, 0.0115782, 0.00300161, 1
8.86, 0.0115811, 0.00298682, 1
8.861, 0.0115841, 0.002972, 1
8.862, 0.0115871, 0.00295716, 1
8.863, 0.01159, 0.0029423, 1
8.864, 0.011593, 0.00292742, 1
8.865, 0.0115959, 0.00291251, 1
8.866, 0.0115988, 0.00289758, 1
8.867, 0.0116017, 0.00288263, 1
8.868, 0.0116046, 0.00286766, 1
8.869, 0.0116074, 0.00285266, 1
8.87, 0.0116103, 0.00283764, 1
8.871, 0.0116131, 0.0028226, 1
8.872, 0.0116159, 0.00280754, 1
8.873, 0.0116187, 0.00279246, 1
8.874, 0.0116215, 0.00277735, 1
8.875, 0.0116243, 0.00276223, 1
8.876, 0.011627, 0.00274708, 1
8.877, 0.0116298, 0.00273191, 1
8.878, 0.0116325, 0.00271672, 1
8.879, 0.0116352, 0.00270151, 1
8.88, 0.0116379, 0.00268628, 1
8.881, 0.0116406, 0.00267103, 1
8.882, 0.0116432, 0.00265576, 1
8.883, 0.0116459, 0.00264047, 1
8.884, 0.0116485, 0.00262517, 1
8.885, 0.0116511, 0.00260984, 1
8.886, 0.0116537, 0.00259449, 1
8.887, 0.0116563, 0.00257912, 1
8.888, 0.0116589, 0.00256373, 1
8.889, 0.0116614, 0.00254833, 1
8.89, 0.011664, 0.0025329, 1
8.891, 0.0116665, 0.00251746, 1
8.892, 0.011669, 0.002502, 1
8.893, 0.0116715, 0.00248651, 1
8.894, 0.011674, 0.00247102, 1
8.895, 0.0116765, 0.0024555, 1
8.896, 0.0116789, 0.00243996, 1
8.897, 0.0116813, 0.00242441, 1
8.898, 0.0116838, 0.00240884, 1
8.899, 0.0116862, 0.00239326, 1
8.9, 0.0116885, 0.00237765, 1
8.901, 0.0116909, 0.00236203, 1
8.902, 0.0116933, 0.00234639, 1
8.903, 0.0116956, 0.00233074, 1
8.904, 0.0116979, 0.00231506, 1
8.905, 0.0117002, 0.00229938, 1
8.906, 0.0117025, 0.00228367, 1
8.907, 0.0117048, 0.00226795, 1
8.908, 0.0117071, 0.00225221, 1
8.909, 0.0117093, 0.00223646, 1
8.91, 0.0117115, 0.00222069, 1
8.911, 0.0117138, 0.00220491, 1
8.912, 0.0117159, 0.00218911, 1
8.913, 0.0117181, 0.0021733, 1
8.914, 0.0117203, 0.00215747, 1
8.915, 0.0117224, 0.00214162, 1
8.916, 0.0117246, 0.00212577, 1
8.917, 0.0117267, 0.00210989, 1
8.918, 0.0117288, 0.002094, 1
8.919, 0.0117309, 0.0020781, 1
8.92, 0.011733, 0.00206219, 1
8.921, 0.011735, 0.00204626, 1
8.922, 0.011737, 0.00203032, 1
8.923, 0.0117391, 0.00201436, 1
8.924, 0.0117411, 0.00199839, 1
8.925, 0.0117431, 0.00198241, 1
8.926, 0.011745, 0.00196641, 1
8.927, 0.011747, 0.0019504, 1
8.928, 0.0117489, 0.00193438, 1
8.929, 0.0117509, 0.00191834, 1
8.93, 0.0117528, 0.0019023, 1
8.931, 0.0117547, 0.00188624, 1
8.932, 0.0117565, 0.00187017, 1
8.933, 0.0117584, 0.00185408, 1
8.934, 0.0117603, 0.00183799, 1
8.935, 0.0117621, 0.00182188, 1
8.936, 0.0117639, 0.00180576, 1
8.937, 0.0117657, 0.00178964, 1
8.938, 0.0117675, 0.00177349, 1
8.939, 0.0117692, 0.00175734, 1
8.94, 0.011771, 0.00174118, 1
8.941, 0.0117727, 0.00172501, 1
8.942, 0.0117744, 0.00170883, 1
8.943, 0.0117761, 0.00169263, 1
8.944, 0.0117778, 0.00167643, 1
8.945, 0.0117795, 0.00166022, 1
8.946, 0.0117812, 0.00164399, 1
8.947, 0.0117828, 0.00162776, 1
8.948, 0.0117844, 0.00161152, 1
8.949, 0.011786, 0.00159527, 1
8.95, 0.0117876, 0.00157901, 1
8.951, 0.0117892, 0.00156274, 1
8.952, 0.0117907, 0.00154646, 1
8.953, 0.0117923, 0.00153017, 1
8.954, 0.0117938, 0.00151387, 1
8.955, 0.0117953, 0.00149757, 1
8.956, 0.0117968, 0.00148126, 1
8.957, 0.0117983, 0.00146494, 1
8.958, 0.0117997, 0.00144861, 1
8.959, 0.0118011, 0.00143227, 1
8.96, 0.0118026, 0.00141593, 1
8.961, 0.011804, 0.00139958, 1
8.962, 0.0118054, 0.00138322, 1
8.963, 0.0118067, 0.00136686, 1
8.964, 0.0118081, 0.00135049, 1
8.965, 0.0118094, 0.00133411, 1
8.966, 0.0118108, 0.00131772, 1
8.967, 0.0118121, 0.00130133, 1
8.968, 0.0118134, 0.00128493, 1
8.969, 0.0118147, 0.00126853, 1
8.97, 0.0118159, 0.00125212, 1
8.971, 0.0118172, 0.00123571, 1
8.972, 0.0118184, 0.00121929, 1
8.973, 0.0118196, 0.00120286, 1
8.974, 0.0118208, 0.00118643, 1
8.975, 0.011822, 0.00116999, 1
8.976, 0.0118231, 0.00115355, 1
8.977, 0.0118243, 0.00113711, 1
8.978, 0.0118254, 0.00112065, 1
8.979, 0.0118265, 0.0011042, 1
8.98, 0.0118276, 0.00108774, 1
8.981, 0.0118287, 0.00107128, 1
8.982, 0.0118298, 0.00105481, 1
8.983, 0.0118308, 0.00103834, 1
8.984, 0.0118318, 0.00102186, 1
8.985, 0.0118328, 0.00100539, 1
8.986, 0.0118338, 0.000988905, 1
8.987, 0.0118348, 0.000972421, 1
8.988, 0.0118358, 0.000955933, 1
8.989, 0.0118367, 0.000939443, 1
8.99, 0.0118377, 0.000922951, 1
8.991, 0.0118386, 0.000906455, 1
8.992, 0.0118395, 0.000889958, 1
8.993, 0.0118404, 0.000873458, 1
8.994, 0.0118412, 0.000856957, 1
8.995, 0.0118421, 0.000840453, 1
8.996, 0.0118429, 0.000823948, 1
8.997, 0.0118437, 0.000807442, 1
8.998, 0.0118445, 0.000790934, 1
8.999, 0.0118453, 0.000774425, 1
9, 0.0118461, 0.000757915, 1
9.001, 0.0118468, 0.000741404, 1
9.002, 0.0118476, 0.000724893, 1
9.003, 0.0118483, 0.000708381, 1
9.004, 0.011849, 0.000691869, 1
9.005, 0.0118497, 0.000675356, 1
9.006, 0.0118503, 0.000658844, 1
9.007, 0.011851, 0.000642331, 1
9.008, 0.0118516, 0.000625819, 1
9.009, 0.0118522, 0.000609308, 1
9.01, 0.0118528, 0.000592797, 1
9.011, 0.0118534, 0.000576286, 1
9.012, 0.011854, 0.000559777, 1
9.013, 0.0118545, 0.000543269, 1
9.014, 0.0118551, 0.000526762, 1
9.015, 0.0118556, 0.000510257, 1
9.016, 0.0118561, 0.000493753, 1
9.017, 0.0118566, 0.000477251, 1
9.018, 0.011857, 0.000460751, 1
9.019, 0.0118575, 0.000444253, 1
9.02, 0.0118579, 0.000427757, 1
9.021, 0.0118583, 0.000411263, 1
9.022, 0.0118587, 0.000394773, 1
9.023, 0.0118591, 0.000378284, 1
9.024, 0.0118595, 0.000361799, 1
9.025, 0.0118599, 0.000345317, 1
9.026, 0.0118602, 0.000328838, 1
9.027, 0.0118605, 0.000312362, 1
9.028, 0.0118608, 0.00029589, 1
9.029, 0.0118611, 0.000279422, 1
9.03, 0.0118614, 0.000262957, 1
9.031, 0.0118616, 0.000246497, 1
9.032, 0.0118619, 0.00023004, 1
9.033, 0.0118621, 0.000213588, 1
9.034, 0.0118623, 0.000197141, 1
9.035, 0.0118625, 0.000180698, 1
9.036, 0.0118627, 0.00016426, 1
9.037, 0.0118628, 0.000147826, 1
9.038, 0.011863, 0.000131398, 1
9.039, 0.0118631, 0.000114976, 1
9.04, 0.0118632, 9.85582e-05, 1
9.041, 0.0118633, 8.21465e-05, 1
9.042, 0.0118634, 6.57405e-05, 1
9.043, 0.0118634, 4.93404e-05, 1
9.044, 0.0118635, 3.29464e-05, 1
9.045, 0.0118635, 1.65587e-05, 1
9.046, 0.0118635, 1.77307e-07, 1
9.047, 0.0118635, -1.61975e-05, 1
9.048, 0.0118635, -3.25656e-05, 1
9.049, 0.0118634, -4.89269e-05, 1
9.05, 0.0118634, -6.52811e-05, 1
9.051, 0.0118633, -8.16281e-05, 1
9.052, 0.0118632, -9.79678e-05, 1
9.053, 0.0118631, -0.0001143, 1
9.054, 0.011863, -0.000130625, 1
9.055, 0.0118628, -0.000146941, 1
9.056, 0.0118627, -0.00016325, 1
9.057, 0.0118625, -0.000179551, 1
9.058, 0.0118623, -0.000195843, 1
9.059, 0.0118621, -0.000212127, 1
9.06, 0.0118619, -0.000228402, 1
9.061, 0.0118616, -0.000244669, 1
9.062, 0.0118614, -0.000260927, 1
9.063, 0.0118611, -0.000277175, 1
9.064, 0.0118608, -0.000293415, 1
9.065, 0.0118605, -0.000309645, 1
9.066, 0.0118602, -0.000325865, 1
9.067, 0.0118599, -0.000342076, 1
9.068, 0.0118595, -0.000358277, 1
9.069, 0.0118592, -0.000374468, 1
9.07, 0.0118588, -0.000390649, 1
9.071, 0.0118584, -0.00040682, 1
9.072, 0.011858, -0.00042298, 1
9.073, 0.0118575, -0.000439129, 1
9.074, 0.0118571, -0.000455268, 1
9.075, 0.0118566, -0.000471396, 1
9.076, 0.0118562, -0.000487512, 1
9.077, 0.0118557, -0.000503618, 1
9.078, 0.0118551, -0.000519712, 1
9.079, 0.0118546, -0.000535795, 1
9.08, 0.0118541, -0.000551865, 1
9.081, 0.0118535, -0.000567925, 1
9.082, 0.0118529, -0.000583972, 1
9.083, 0.0118523, -0.000600007, 1
9.084, 0.0118517, -0.000616029, 1
9.085, 0.0118511, -0.000632039, 1
9.086, 0.0118505, -0.000648037, 1
9.087, 0.0118498, -0.000664022, 1
9.088, 0.0118491, -0.000679994, 1
9.089, 0.0118485, -0.000695953, 1
9.09, 0.0118478, -0.000711898, 1
9.091, 0.011847, -0.00072783, 1
9.092, 0.0118463, -0.000743749, 1
9.093, 0.0118455, -0.000759654, 1
9.094, 0.0118448, -0.000775546, 1
9.095, 0.011844, -0.000791423, 1
9.096, 0.0118432, -0.000807286, 1
9.097, 0.0118424, -0.000823135, 1
9.098, 0.0118416, -0.00083897, 1
9.099, 0.0118407, -0.00085479, 1
9.1, 0.0118398, -0.000870595, 1
9.101, 0.011839, -0.000886386, 1
9.102, 0.0118381, -0.000902161, 1
9.103, 0.0118372, -0.000917921, 1
9.104, 0.0118362, -0.000933666, 1
9.105, 0.0118353, -0.000949396, 1
9.106, 0.0118343, -0.00096511, 1
9.107, 0.0118334, -0.000980808, 1
9.108, 0.0118324, -0.00099649, 1
9.109, 0.0118314, -0.00101216, 1
9.11, 0.0118303, -0.00102781, 1
9.111, 0.0118293, -0.00104344, 1
9.112, 0.0118283, -0.00105906, 1
9.113, 0.0118272, -0.00107466, 1
9.114, 0.0118261, -0.00109024, 1
9.115, 0.011825, -0.00110581, 1
9.116, 0.0118239, -0.00112136, 1
9.117, 0.0118228, -0.00113689, 1
9.118, 0.0118216, -0.00115241, 1
9.119, 0.0118205, -0.0011679, 1
9.12, 0.0118193, -0.00118338, 1
9.121, 0.0118181, -0.00119885, 1
9.122, 0.0118169, -0.00121429, 1
9.123, 0.0118157, -0.00122972, 1
9.124, 0.0118144, -0.00124512, 1
9.125, 0.0118132, -0.00126051, 1
9.126, 0.0118119, -0.00127589, 1
9.127, 0.0118106, -0.00129124, 1
9.128, 0.0118093, -0.00130657, 1
9.129, 0.011808, -0.00132189, 1
9.13, 0.0118067, -0.00133718, 1
9.131, 0.0118053, -0.00135246, 1
9.132, 0.011804, -0.00136772, 1
9.133, 0.0118026, -0.00138295, 1
9.134, 0.0118012, -0.00139817, 1
9.135, 0.0117998, -0.00141337, 1
9.136, 0.0117984, -0.00142855, 1
9.137, 0.011797, -0.0014437, 1
9.138, 0.0117955, -0.00145884, 1
9.139, 0.011794, -0.00147396, 1
9.14, 0.0117926, -0.00148906, 1
9.141, 0.0117911, -0.00150413, 1
9.142, 0.0117895, -0.00151919, 1
9.143, 0.011788, -0.00153422, 1
9.144, 0.0117865, -0.00154924, 1
9.145, 0.0117849, -0.00156423, 1
9.146, 0.0117833, -0.0015792, 1
9.147, 0.0117818, -0.00159415, 1
9.148, 0.0117802, -0.00160908, 1
9.149, 0.0117785, -0.00162398, 1
9.15, 0.0117769, -0.00163887, 1
9.151, 0.0117753, -0.00165373, 1
9.152, 0.0117736, -0.00166857, 1
9.153, 0.0117719, -0.00168339, 1
9.154, 0.0117702, -0.00169818, 1
9.155, 0.0117685, -0.00171296, 1
9.156, 0.0117668, -0.00172771, 1
9.157, 0.0117651, -0.00174243, 1
9.158, 0.0117633, -0.00175714, 1
9.159, 0.0117616, -0.00177182, 1
9.16, 0.0117598, -0.00178648, 1
9.161, 0.011758, -0.00180111, 1
9.162, 0.0117562, -0.00181572, 1
9.163, 0.0117544, -0.00183031, 1
9.164, 0.0117525, -0.00184487, 1
9.165, 0.0117507, -0.00185941, 1
9.166, 0.0117488, -0.00187393, 1
9.167, 0.0117469, -0.00188842, 1
9.168, 0.011745, -0.00190289, 1
9.169, 0.0117431, -0.00191733, 1
9.17, 0.0117412, -0.00193175, 1
9.171, 0.0117393, -0.00194614, 1
9.172, 0.0117373, -0.00196051, 1
9.173, 0.0117353, -0.00197485, 1
9.174, 0.0117333, -0.00198917, 1
9.175, 0.0117314, -0.00200347, 1
9.176, 0.0117293, -0.00201773, 1
9.177, 0.0117273, -0.00203198, 1
9.178, 0.0117253, -0.00204619, 1
9.179, 0.0117232, -0.00206038, 1
9.18, 0.0117212, -0.00207455, 1
9.181, 0.0117191, -0.00208869, 1
9.182, 0.011717, -0.0021028, 1
9.183, 0.0117149, -0.00211689, 1
9.184, 0.0117127, -0.00213095, 1
9.185, 0.0117106, -0.00214498, 1
9.186, 0.0117085, -0.00215899, 1
9.187, 0.0117063, -0.00217297, 1
9.188, 0.0117041, -0.00218692, 1
9.189, 0.0117019, -0.00220085, 1
9.19, 0.0116997, -0.00221475, 1
9.191, 0.0116975, -0.00222862, 1
9.192, 0.0116953, -0.00224246, 1
9.193, 0.011693, -0.00225628, 1
9.194, 0.0116907, -0.00227007, 1
9.195, 0.0116885, -0.00228383, 1
9.196, 0.0116862, -0.00229757, 1
9.197, 0.0116839, -0.00231127, 1
9.198, 0.0116815, -0.00232495, 1
9.199, 0.0116792, -0.0023386, 1
9.2, 0.0116769, -0.00235222, 1
9.201, 0.0116745, -0.00236581, 1
9.202, 0.0116721, -0.00237937, 1
9.203, 0.0116698, -0.00239291, 1
9.204, 0.0116674, -0.00240642, 1
9.205, 0.0116649, -0.00241989, 1
9.206, 0.0116625, -0.00243334, 1
9.207, 0.0116601, -0.00244676, 1
9.208, 0.0116576, -0.00246015, 1
9.209, 0.0116552, -0.00247351, 1
9.21, 0.0116527, -0.00248684, 1
9.211, 0.0116502, -0.00250014, 1
9.212, 0.0116477, -0.00251341, 1
9.213, 0.0116452, -0.00252665, 1
9.214, 0.0116426, -0.00253986, 1
9.215, 0.0116401, -0.00255304, 1
9.216, 0.0116375, -0.00256619, 1
9.217, 0.0116349, -0.00257931, 1
9.218, 0.0116324, -0.0025924, 1
9.219, 0.0116298, -0.00260546, 1
9.22, 0.0116271, -0.00261849, 1
9.221, 0.0116245, -0.00263148, 1
9.222, 0.0116219, -0.00264445, 1
9.223, 0.0116192, -0.00265738, 1
9.224, 0.0116166, -0.00267029, 1
9.225, 0.0116139, -0.00268316, 1
9.226, 0.0116112, -0.002696, 1
9.227, 0.0116085, -0.00270881, 1
9.228, 0.0116058, -0.00272159, 1
9.229, 0.0116031, -0.00273433, 1
9.23, 0.0116003, -0.00274705, 1
9.231, 0.0115976, -0.00275973, 1
9.232, 0.0115948, -0.00277238, 1
9.233, 0.011592, -0.002785, 1
9.234, 0.0115892, -0.00279758, 1
9.235, 0.0115864, -0.00281013, 1
9.236, 0.0115836, -0.00282265, 1
9.237, 0.0115808, -0.00283514, 1
9.238, 0.0115779, -0.00284759, 1
9.239, 0.0115751, -0.00286002, 1
9.24, 0.0115722, -0.0028724, 1
9.241, 0.0115693, -0.00288476, 1
9.242, 0.0115664, -0.00289708, 1
9.243, 0.0115635, -0.00290937, 1
9.244, 0.0115606, -0.00292163, 1
9.245, 0.0115577, -0.00293385, 1
9.246, 0.0115548, -0.00294604, 1
9.247, 0.0115518, -0.00295819, 1
9.248, 0.0115488, -0.00297031, 1
9.249, 0.0115459, -0.0029824, 1
9.25, 0.0115429, -0.00299445, 1
9.251, 0.0115399, -0.00300647, 1
9.252, 0.0115369, -0.00301845, 1
9.253, 0.0115338, -0.0030304, 1
9.254, 0.0115308, -0.00304232, 1
9.255, 0.0115278, -0.0030542, 1
9.256, 0.0115247, -0.00306604, 1
9.257, 0.0115216, -0.00307785, 1
9.258, 0.0115185, -0.00308963, 1
9.259, 0.0115154, -0.00310137, 1
9.26, 0.0115123, -0.00311308, 1
9.261, 0.0115092, -0.00312475, 1
9.262, 0.0115061, -0.00313638, 1
9.263, 0.0115029, -0.00314798, 1
9.264, 0.0114998, -0.00315955, 1
9.265, 0.0114966, -0.00317108, 1
9.266, 0.0114934, -0.00318257, 1
9.267, 0.0114903, -0.00319403, 1
9.268, 0.0114871, -0.00320545, 1
9.269, 0.0114838, -0.00321683, 1
9.27, 0.0114806, -0.00322818, 1
9.271, 0.0114774, -0.00323949, 1
9.272, 0.0114741, -0.00325077, 1
9.273, 0.0114709, -0.00326201, 1
9.274, 0.0114676, -0.00327322, 1
9.275, 0.0114643, -0.00328438, 1
9.276, 0.0114611, -0.00329551, 1
9.277, 0.0114578, -0.00330661, 1
9.278, 0.0114544, -0.00331766, 1
9.279, 0.0114511, -0.00332868, 1
9.28, 0.0114478, -0.00333967, 1
9.281, 0.0114444, -0.00335061, 1
9.282, 0.0114411, -0.00336152, 1
9.283, 0.0114377, -0.00337239, 1
9.284, 0.0114343, -0.00338323, 1
9.285, 0.011431, -0.00339402, 1
9.286, 0.0114276, -0.00340478, 1
9.287, 0.0114241, -0.0034155, 1
9.288, 0.0114207, -0.00342619, 1
9.289, 0.0114173, -0.00343683, 1
9.29, 0.0114138, -0.00344744, 1
9.291, 0.0114104, -0.00345801, 1
9.292, 0.0114069, -0.00346854, 1
9.293, 0.0114035, -0.00347903, 1
9.294, 0.0114, -0.00348949, 1
9.295, 0.0113965, -0.0034999, 1
9.296, 0.011393, -0.00351028, 1
9.297, 0.0113895, -0.00352062, 1
9.298, 0.0113859, -0.00353092, 1
9.299, 0.0113824, -0.00354118, 1
9.3, 0.0113788, -0.00355141, 1
9.301, 0.0113753, -0.00356159, 1
9.302, 0.0113717, -0.00357174, 1
9.303, 0.0113681, -0.00358184, 1
9.304, 0.0113646, -0.00359191, 1
9.305, 0.011361, -0.00360194, 1
9.306, 0.0113574, -0.00361192, 1
9.307, 0.0113537, -0.00362187, 1
9.308, 0.0113501, -0.00363178, 1
9.309, 0.0113465, -0.00364165, 1
9.31, 0.0113428, -0.00365148, 1
9.311, 0.0113392, -0.00366127, 1
9.312, 0.0113355, -0.00367102, 1
9.313, 0.0113318, -0.00368073, 1
9.314, 0.0113281, -0.0036904, 1
9.315, 0.0113245, -0.00370003, 1
9.316, 0.0113207, -0.00370962, 1
9.317, 0.011317, -0.00371918, 1
9.318, 0.0113133, -0.00372869, 1
9.319, 0.0113096, -0.00373815, 1
9.32, 0.0113058, -0.00374758, 1
9.321, 0.0113021, -0.00375697, 1
9.322, 0.0112983, -0.00376632, 1
9.323, 0.0112945, -0.00377563, 1
9.324, 0.0112908, -0.00378489, 1
9.325, 0.011287, -0.00379412, 1
9.326, 0.0112832, -0.0038033, 1
9.327, 0.0112794, -0.00381245, 1
9.328, 0.0112756, -0.00382155, 1
9.329, 0.0112717, -0.00383061, 1
9.33, 0.0112679, -0.00383963, 1
9.331, 0.011264, -0.00384861, 1
9.332, 0.0112602, -0.00385755, 1
9.333, 0.0112563, -0.00386645, 1
9.334, 0.0112525, -0.0038753, 1
9.335, 0.0112486, -0.00388411, 1
9.336, 0.0112447, -0.00389289, 1
9.337, 0.0112408, -0.00390162, 1
9.338, 0.0112369, -0.00391031, 1
9.339, 0.011233, -0.00391895, 1
9.34, 0.0112291, -0.00392756, 1
9.341, 0.0112251, -0.00393612, 1
9.342, 0.0112212, -0.00394464, 1
9.343, 0.0112172, -0.00395312, 1
9.344, 0.0112133, -0.00396155, 1
9.345, 0.0112093, -0.00396995, 1
9.346, 0.0112053, -0.0039783, 1
9.347, 0.0112014, -0.00398661, 1
9.348, 0.0111974, -0.00399488, 1
9.349, 0.0111934, -0.0040031, 1
9.35, 0.0111894, -0.00401128, 1
9.351, 0.0111853, -0.00401942, 1
9.352, 0.0111813, -0.00402752, 1
9.353, 0.0111773, -0.00403557, 1
9.354, 0.0111732, -0.00404359, 1
9.355, 0.0111692, -0.00405155, 1
9.356, 0.0111651, -0.00405948, 1
9.357, 0.0111611, -0.00406736, 1
9.358, 0.011157, -0.0040752, 1
9.359, 0.0111529, -0.004083, 1
9.36, 0.0111488, -0.00409075, 1
9.361, 0.0111447, -0.00409846, 1
9.362, 0.0111406, -0.00410613, 1
9.363, 0.0111365, -0.00411375, 1
9.364, 0.0111324, -0.00412133, 1
9.365, 0.0111283, -0.00412887, 1
9.366, 0.0111242, -0.00413636, 1
9.367, 0.01112, -0.00414381, 1
9.368, 0.0111159, -0.00415122, 1
9.369, 0.0111117, -0.00415858, 1
9.37, 0.0111076, -0.0041659, 1
9.371, 0.0111034, -0.00417317, 1
9.372, 0.0110992, -0.0041804, 1
9.373, 0.011095, -0.00418759, 1
9.374, 0.0110908, -0.00419473, 1
9.375, 0.0110866, -0.00420183, 1
9.376, 0.0110824, -0.00420889, 1
9.377, 0.0110782, -0.0042159, 1
9.378, 0.011074, -0.00422286, 1
9.379, 0.0110698, -0.00422978, 1
9.38, 0.0110655, -0.00423666, 1
9.381, 0.0110613, -0.0042435, 1
9.382, 0.0110571, -0.00425029, 1
9.383, 0.0110528, -0.00425703, 1
9.384, 0.0110485, -0.00426373, 1
9.385, 0.0110443, -0.00427039, 1
9.386, 0.01104, -0.004277, 1
9.387, 0.0110357, -0.00428357, 1
9.388, 0.0110314, -0.00429009, 1
9.389, 0.0110271, -0.00429657, 1
9.39, 0.0110228, -0.004303, 1
9.391, 0.0110185, -0.00430939, 1
9.392, 0.0110142, -0.00431573, 1
9.393, 0.0110099, -0.00432203, 1
9.394, 0.0110056, -0.00432828, 1
9.395, 0.0110012, -0.00433449, 1
9.396, 0.0109969, -0.00434066, 1
9.397, 0.0109926, -0.00434678, 1
9.398, 0.0109882, -0.00435285, 1
9.399, 0.0109839, -0.00435888, 1
9.4, 0.0109795, -0.00436486, 1
9.401, 0.0109751, -0.0043708, 1
9.402, 0.0109708, -0.00437669, 1
9.403, 0.0109664, -0.00438254, 1
9.404, 0.010962, -0.00438834, 1
9.405, 0.0109576, -0.0043941, 1
9.406, 0.0109532, -0.00439981, 1
9.407, 0.0109488, -0.00440548, 1
9.408, 0.0109444, -0.0044111, 1
9.409, 0.01094, -0.00441667, 1
9.41, 0.0109356, -0.0044222, 1
9.411, 0.0109311, -0.00442769, 1
9.412, 0.0109267, -0.00443312, 1
9.413, 0.0109223, -0.00443852, 1
9.414, 0.0109178, -0.00444386, 1
9.415, 0.0109134, -0.00444916, 1
9.416, 0.0109089, -0.00445442, 1
9.417, 0.0109045, -0.00445963, 1
9.418, 0.0109, -0.00446479, 1
9.419, 0.0108955, -0.00446991, 1
9.42, 0.0108911, -0.00447498, 1
9.421, 0.0108866, -0.00448001, 1
9.422, 0.0108821, -0.00448499, 1
9.423, 0.0108776, -0.00448993, 1
9.424, 0.0108731, -0.00449481, 1
9.425, 0.0108686, -0.00449966, 1
9.426, 0.0108641, -0.00450445, 1
9.427, 0.0108596, -0.0045092, 1
9.428, 0.0108551, -0.00451391, 1
9.429, 0.0108506, -0.00451856, 1
9.43, 0.0108461, -0.00452318, 1
9.431, 0.0108415, -0.00452774, 1
9.432, 0.010837, -0.00453226, 1
9.433, 0.0108325, -0.00453673, 1
9.434, 0.0108279, -0.00454116, 1
9.435, 0.0108234, -0.00454554, 1
9.436, 0.0108188, -0.00454987, 1
9.437, 0.0108143, -0.00455416, 1
9.438, 0.0108097, -0.0045584, 1
9.439, 0.0108052, -0.0045626, 1
9.44, 0.0108006, -0.00456675, 1
9.441, 0.010796, -0.00457085, 1
9.442, 0.0107915, -0.0045749, 1
9.443, 0.0107869, -0.00457891, 1
9.444, 0.0107823, -0.00458288, 1
9.445, 0.0107777, -0.00458679, 1
9.446, 0.0107731, -0.00459066, 1
9.447, 0.0107686, -0.00459449, 1
9.448, 0.010764, -0.00459826, 1
9.449, 0.0107594, -0.00460199, 1
9.45, 0.0107548, -0.00460567, 1
9.451, 0.0107501, -0.00460931, 1
9.452, 0.0107455, -0.0046129, 1
9.453, 0.0107409, -0.00461644, 1
9.454, 0.0107363, -0.00461994, 1
9.455, 0.0107317, -0.00462339, 1
9.456, 0.0107271, -0.00462679, 1
9.457, 0.0107224, -0.00463015, 1
9.458, 0.0107178, -0.00463346, 1
9.459, 0.0107132, -0.00463672, 1
9.46, 0.0107085, -0.00463994, 1
9.461, 0.0107039, -0.00464311, 1
9.462, 0.0106992, -0.00464623, 1
9.463, 0.0106946, -0.0046493, 1
9.464, 0.0106899, -0.00465233, 1
9.465, 0.0106853, -0.00465532, 1
9.466, 0.0106806, -0.00465825, 1
9.467, 0.010676, -0.00466114, 1
9.468, 0.0106713, -0.00466398, 1
9.469, 0.0106666, -0.00466677, 1
9.47, 0.010662, -0.00466952, 1
9.471, 0.0106573, -0.00467222, 1
9.472, 0.0106526, -0.00467488, 1
9.473, 0.0106479, -0.00467748, 1
9.474, 0.0106433, -0.00468004, 1
9.475, 0.0106386, -0.00468256, 1
9.476, 0.0106339, -0.00468502, 1
9.477, 0.0106292, -0.00468744, 1
9.478, 0.0106245, -0.00468981, 1
9.479, 0.0106198, -0.00469214, 1
9.48, 0.0106151, -0.00469442, 1
9.481, 0.0106104, -0.00469665, 1
9.482, 0.0106058, -0.00469883, 1
9.483, 0.0106011, -0.00470097, 1
9.484, 0.0105963, -0.00470306, 1
9.485, 0.0105916, -0.0047051, 1
9.486, 0.0105869, -0.0047071, 1
9.487, 0.0105822, -0.00470905, 1
9.488, 0.0105775, -0.00471095, 1
9.489, 0.0105728, -0.00471281, 1
9.49, 0.0105681, -0.00471462, 1
9.491, 0.0105634, -0.00471638, 1
9.492, 0.0105587, -0.00471809, 1
9.493, 0.0105539, -0.00471976, 1
9.494, 0.0105492, -0.00472138, 1
9.495, 0.0105445, -0.00472296, 1
9.496, 0.0105398, -0.00472448, 1
9.497, 0.0105351, -0.00472596, 1
9.498, 0.0105303, -0.0047274, 1
9.499, 0.0105256, -0.00472878, 1
9.5, 0.0105209, -0.00473012, 1
9.501, 0.0105161, -0.00473141, 1
9.502, 0.0105114, -0.00473266, 1
9.503, 0.0105067, -0.00473386, 1
9.504, 0.0105019, -0.00473501, 1
9.505, 0.0104972, -0.00473611, 1
9.506, 0.0104925, -0.00473717, 1
9.507, 0.0104877, -0.00473818, 1
9.508, 0.010483, -0.00473915, 1
9.509, 0.0104782, -0.00474006, 1
9.51, 0.0104735, -0.00474093, 1
9.511, 0.0104688, -0.00474176, 1
9.512, 0.010464, -0.00474253, 1
9.513, 0.0104593, -0.00474326, 1
9.514, 0.0104545, -0.00474395, 1
9.515, 0.0104498, -0.00474458, 1
9.516, 0.010445, -0.00474517, 1
9.517, 0.0104403, -0.00474572, 1
9.518, 0.0104356, -0.00474621, 1
9.519, 0.0104308, -0.00474666, 1
9.52, 0.0104261, -0.00474706, 1
9.521, 0.0104213, -0.00474742, 1
9.522, 0.0104166, -0.00474773, 1
9.523, 0.0104118, -0.00474799, 1
9.524, 0.0104071, -0.00474821, 1
9.525, 0.0104023, -0.00474837, 1
9.526, 0.0103976, -0.0047485, 1
9.527, 0.0103928, -0.00474857, 1
9.528, 0.0103881, -0.0047486, 1
9.529, 0.0103833, -0.00474858, 1
9.53, 0.0103786, -0.00474852, 1
9.531, 0.0103738, -0.00474841, 1
9.532, 0.0103691, -0.00474825, 1
9.533, 0.0103643, -0.00474805, 1
9.534, 0.0103596, -0.0047478, 1
9.535, 0.0103548, -0.0047475, 1
9.536, 0.0103501, -0.00474716, 1
9.537, 0.0103453, -0.00474677, 1
9.538, 0.0103406, -0.00474633, 1
9.539, 0.0103359, -0.00474585, 1
9.54, 0.0103311, -0.00474532, 1
9.541, 0.0103264, -0.00474475, 1
9.542, 0.0103216, -0.00474413, 1
9.543, 0.0103169, -0.00474346, 1
9.544, 0.0103121, -0.00474274, 1
9.545, 0.0103074, -0.00474198, 1
9.546, 0.0103026, -0.00474118, 1
9.547, 0.0102979, -0.00474033, 1
9.548, 0.0102932, -0.00473943, 1
9.549, 0.0102884, -0.00473848, 1
9.55, 0.0102837, -0.00473749, 1
9.551, 0.010279, -0.00473646, 1
9.552, 0.0102742, -0.00473537, 1
9.553, 0.0102695, -0.00473424, 1
9.554, 0.0102647, -0.00473307, 1
9.555, 0.01026, -0.00473185, 1
9.556, 0.0102553, -0.00473058, 1
9.557, 0.0102506, -0.00472927, 1
9.558, 0.0102458, -0.00472791, 1
9.559, 0.0102411, -0.00472651, 1
9.56, 0.0102364, -0.00472506, 1
9.561, 0.0102317, -0.00472356, 1
9.562, 0.0102269, -0.00472202, 1
9.563, 0.0102222, -0.00472043, 1
9.564, 0.0102175, -0.0047188, 1
9.565, 0.0102128, -0.00471712, 1
9.566, 0.0102081, -0.0047154, 1
9.567, 0.0102033, -0.00471363, 1
9.568, 0.0101986, -0.00471181, 1
9.569, 0.0101939, -0.00470995, 1
9.57, 0.0101892, -0.00470804, 1
9.571, 0.0101845, -0.00470609, 1
9.572, 0.0101798, -0.0047041, 1
9.573, 0.0101751, -0.00470205, 1
9.574, 0.0101704, -0.00469997, 1
9.575, 0.0101657, -0.00469783, 1
9.576, 0.010161, -0.00469566, 1
9.577, 0.0101563, -0.00469343, 1
9.578, 0.0101516, -0.00469116, 1
9.579, 0.0101469, -0.00468885, 1
9.58, 0.0101422, -0.00468649, 1
9.581, 0.0101375, -0.00468409, 1
9.582, 0.0101329, -0.00468164, 1
9.583, 0.0101282, -0.00467915, 1
9.584, 0.0101235, -0.00467661, 1
9.585, 0.0101188, -0.00467402, 1
9.586, 0.0101142, -0.0046714, 1
9.587, 0.0101095, -0.00466872, 1
9.588, 0.0101048, -0.00466601, 1
9.589, 0.0101002, -0.00466324, 1
9.59, 0.0100955, -0.00466044, 1
9.591, 0.0100908, -0.00465759, 1
9.592, 0.0100862, -0.00465469, 1
9.593, 0.0100815, -0.00465175, 1
9.594, 0.0100769, -0.00464877, 1
9.595, 0.0100722, -0.00464574, 1
9.596, 0.0100676, -0.00464266, 1
9.597, 0.0100629, -0.00463954, 1
9.598, 0.0100583, -0.00463638, 1
9.599, 0.0100537, -0.00463318, 1
9.6, 0.010049, -0.00462993, 1
9.601, 0.0100444, -0.00462663, 1
9.602, 0.0100398, -0.00462329, 1
9.603, 0.0100352, -0.00461991, 1
9.604, 0.0100305, -0.00461648, 1
9.605, 0.0100259, -0.00461301, 1
9.606, 0.0100213, -0.0046095, 1
9.607, 0.0100167, -0.00460594, 1
9.608, 0.0100121, -0.00460234, 1
9.609, 0.0100075, -0.00459869, 1
9.61, 0.0100029, -0.004595, 1
9.611, 0.00999831, -0.00459127, 1
9.612, 0.00999372, -0.00458749, 1
9.613, 0.00998914, -0.00458367, 1
9.614, 0.00998456, -0.00457981, 1
9.615, 0.00997998, -0.0045759, 1
9.616, 0.0099754, -0.00457195, 1
9.617, 0.00997084, -0.00456796, 1
9.618, 0.00996627, -0.00456392, 1
9.619, 0.00996171, -0.00455984, 1
9.62, 0.00995715, -0.00455572, 1
9.621, 0.0099526, -0.00455155, 1
9.622, 0.00994805, -0.00454735, 1
9.623, 0.0099435, -0.00454309, 1
9.624, 0.00993896, -0.0045388, 1
9.625, 0.00993442, -0.00453446, 1
9.626, 0.00992989, -0.00453008, 1
9.627, 0.00992536, -0.00452566, 1
9.628, 0.00992084, -0.00452119, 1
9.629, 0.00991632, -0.00451669, 1
9.63, 0.00991181, -0.00451214, 1
9.631, 0.0099073, -0.00450754, 1
9.632, 0.00990279, -0.00450291, 1
9.633, 0.00989829, -0.00449823, 1
9.634, 0.0098938, -0.00449351, 1
9.635, 0.0098893, -0.00448875, 1
9.636, 0.00988482, -0.00448394, 1
9.637, 0.00988034, -0.0044791, 1
9.638, 0.00987586, -0.00447421, 1
9.639, 0.00987139, -0.00446928, 1
9.64, 0.00986692, -0.00446431, 1
9.641, 0.00986246, -0.0044593, 1
9.642, 0.009858, -0.00445424, 1
9.643, 0.00985355, -0.00444914, 1
9.644, 0.0098491, -0.004444, 1
9.645, 0.00984466, -0.00443882, 1
9.646, 0.00984023, -0.0044336, 1
9.647, 0.0098358, -0.00442834, 1
9.648, 0.00983137, -0.00442303, 1
9.649, 0.00982695, -0.00441769, 1
9.65, 0.00982253, -0.0044123, 1
9.651, 0.00981812, -0.00440687, 1
9.652, 0.00981372, -0.00440141, 1
9.653, 0.00980932, -0.0043959, 1
9.654, 0.00980493, -0.00439034, 1
9.655, 0.00980054, -0.00438475, 1
9.656, 0.00979616, -0.00437912, 1
9.657, 0.00979178, -0.00437345, 1
9.658, 0.00978741, -0.00436773, 1
9.659, 0.00978305, -0.00436198, 1
9.66, 0.00977869, -0.00435618, 1
9.661, 0.00977434, -0.00435035, 1
9.662, 0.00976999, -0.00434447, 1
9.663, 0.00976565, -0.00433856, 1
9.664, 0.00976131, -0.0043326, 1
9.665, 0.00975698, -0.0043266, 1
9.666, 0.00975266, -0.00432057, 1
9.667, 0.00974834, -0.00431449, 1
9.668, 0.00974403, -0.00430838, 1
9.669, 0.00973972, -0.00430222, 1
9.67, 0.00973542, -0.00429603, 1
9.671, 0.00973113, -0.00428979, 1
9.672, 0.00972684, -0.00428352, 1
9.673, 0.00972256, -0.0042772, 1
9.674, 0.00971829, -0.00427085, 1
9.675, 0.00971402, -0.00426445, 1
9.676, 0.00970976, -0.00425802, 1
9.677, 0.00970551, -0.00425155, 1
9.678, 0.00970126, -0.00424504, 1
9.679, 0.00969702, -0.00423849, 1
9.68, 0.00969278, -0.0042319, 1
9.681, 0.00968855, -0.00422527, 1
9.682, 0.00968433, -0.00421861, 1
9.683, 0.00968012, -0.0042119, 1
9.684, 0.00967591, -0.00420516, 1
9.685, 0.00967171, -0.00419838, 1
9.686, 0.00966751, -0.00419156, 1
9.687, 0.00966332, -0.0041847, 1
9.688, 0.00965914, -0.0041778, 1
9.689, 0.00965497, -0.00417086, 1
9.69, 0.0096508, -0.00416389, 1
9.691, 0.00964664, -0.00415688, 1
9.692, 0.00964249, -0.00414983, 1
9.693, 0.00963834, -0.00414274, 1
9.694, 0.0096342, -0.00413562, 1
9.695, 0.00963007, -0.00412845, 1
9.696, 0.00962594, -0.00412125, 1
9.697, 0.00962183, -0.00411401, 1
9.698, 0.00961771, -0.00410674, 1
9.699, 0.00961361, -0.00409943, 1
9.7, 0.00960952, -0.00409208, 1
9.701, 0.00960543, -0.00408469, 1
9.702, 0.00960135, -0.00407726, 1
9.703, 0.00959727, -0.0040698, 1
9.704, 0.00959321, -0.0040623, 1
9.705, 0.00958915, -0.00405477, 1
9.706, 0.0095851, -0.0040472, 1
9.707, 0.00958105, -0.00403959, 1
9.708, 0.00957702, -0.00403194, 1
9.709, 0.00957299, -0.00402426, 1
9.71, 0.00956897, -0.00401654, 1
9.711, 0.00956496, -0.00400879, 1
9.712, 0.00956095, -0.004001, 1
9.713, 0.00955696, -0.00399317, 1
9.714, 0.00955297, -0.00398531, 1
9.715, 0.00954898, -0.00397741, 1
9.716, 0.00954501, -0.00396947, 1
9.717, 0.00954105, -0.0039615, 1
9.718, 0.00953709, -0.0039535, 1
9.719, 0.00953314, -0.00394545, 1
9.72, 0.0095292, -0.00393738, 1
9.721, 0.00952526, -0.00392926, 1
9.722, 0.00952134, -0.00392112, 1
9.723, 0.00951742, -0.00391293, 1
9.724, 0.00951351, -0.00390471, 1
9.725, 0.00950961, -0.00389646, 1
9.726, 0.00950572, -0.00388817, 1
9.727, 0.00950184, -0.00387985, 1
9.728, 0.00949796, -0.00387149, 1
9.729, 0.00949409, -0.0038631, 1
9.73, 0.00949023, -0.00385467, 1
9.731, 0.00948638, -0.00384621, 1
9.732, 0.00948254, -0.00383772, 1
9.733, 0.00947871, -0.00382919, 1
9.734, 0.00947488, -0.00382062, 1
9.735, 0.00947107, -0.00381202, 1
9.736, 0.00946726, -0.00380339, 1
9.737, 0.00946346, -0.00379473, 1
9.738, 0.00945967, -0.00378603, 1
9.739, 0.00945589, -0.00377729, 1
9.74, 0.00945212, -0.00376853, 1
9.741, 0.00944835, -0.00375973, 1
9.742, 0.0094446, -0.00375089, 1
9.743, 0.00944085, -0.00374203, 1
9.744, 0.00943711, -0.00373313, 1
9.745, 0.00943338, -0.00372419, 1
9.746, 0.00942966, -0.00371523, 1
9.747, 0.00942595, -0.00370623, 1
9.748, 0.00942225, -0.0036972, 1
9.749, 0.00941856, -0.00368813, 1
9.75, 0.00941487, -0.00367904, 1
9.751, 0.0094112, -0.00366991, 1
9.752, 0.00940753, -0.00366074, 1
9.753, 0.00940388, -0.00365155, 1
9.754, 0.00940023, -0.00364233, 1
9.755, 0.00939659, -0.00363307, 1
9.756, 0.00939297, -0.00362378, 1
9.757, 0.00938935, -0.00361446, 1
9.758, 0.00938574, -0.0036051, 1
9.759, 0.00938214, -0.00359572, 1
9.76, 0.00937855, -0.0035863, 1
9.761, 0.00937496, -0.00357685, 1
9.762, 0.00937139, -0.00356737, 1
9.763, 0.00936783, -0.00355786, 1
9.764, 0.00936428, -0.00354832, 1
9.765, 0.00936073, -0.00353875, 1
9.766, 0.0093572, -0.00352914, 1
9.767, 0.00935367, -0.00351951, 1
9.768, 0.00935016, -0.00350985, 1
9.769, 0.00934665, -0.00350015, 1
9.77, 0.00934316, -0.00349042, 1
9.771, 0.00933967, -0.00348067, 1
9.772, 0.0093362, -0.00347088, 1
9.773, 0.00933273, -0.00346106, 1
9.774, 0.00932928, -0.00345122, 1
9.775, 0.00932583, -0.00344134, 1
9.776, 0.00932239, -0.00343144, 1
9.777, 0.00931897, -0.0034215, 1
9.778, 0.00931555, -0.00341153, 1
9.779, 0.00931214, -0.00340154, 1
9.78, 0.00930875, -0.00339151, 1
9.781, 0.00930536, -0.00338146, 1
9.782, 0.00930198, -0.00337138, 1
9.783, 0.00929862, -0.00336127, 1
9.784, 0.00929526, -0.00335112, 1
9.785, 0.00929192, -0.00334095, 1
9.786, 0.00928858, -0.00333076, 1
9.787, 0.00928525, -0.00332053, 1
9.788, 0.00928194, -0.00331027, 1
9.789, 0.00927863, -0.00329999, 1
9.79, 0.00927534, -0.00328968, 1
9.791, 0.00927205, -0.00327934, 1
9.792, 0.00926878, -0.00326897, 1
9.793, 0.00926552, -0.00325857, 1
9.794, 0.00926226, -0.00324815, 1
9.795, 0.00925902, -0.0032377, 1
9.796, 0.00925579, -0.00322722, 1
9.797, 0.00925257, -0.00321671, 1
9.798, 0.00924935, -0.00320618, 1
9.799, 0.00924615, -0.00319562, 1
9.8, 0.00924296, -0.00318503, 1
9.801, 0.00923978, -0.00317441, 1
9.802, 0.00923661, -0.00316377, 1
9.803, 0.00923346, -0.0031531, 1
9.804, 0.00923031, -0.00314241, 1
9.805, 0.00922717, -0.00313169, 1
9.806, 0.00922404, -0.00312094, 1
9.807, 0.00922093, -0.00311016, 1
9.808, 0.00921782, -0.00309936, 1
9.809, 0.00921473, -0.00308853, 1
9.81, 0.00921165, -0.00307768, 1
9.811, 0.00920857, -0.0030668, 1
9.812, 0.00920551, -0.0030559, 1
9.813, 0.00920246, -0.00304497, 1
9.814, 0.00919942, -0.00303401, 1
9.815, 0.0091964, -0.00302303, 1
9.816, 0.00919338, -0.00301202, 1
9.817, 0.00919037, -0.00300099, 1
9.818, 0.00918738, -0.00298993, 1
9.819, 0.00918439, -0.00297885, 1
9.82, 0.00918142, -0.00296775, 1
9.821, 0.00917846, -0.00295662, 1
9.822, 0.0091755, -0.00294546, 1
9.823, 0.00917256, -0.00293428, 1
9.824, 0.00916964, -0.00292308, 1
9.825, 0.00916672, -0.00291185, 1
9.826, 0.00916381, -0.00290059, 1
9.827, 0.00916092, -0.00288932, 1
9.828, 0.00915803, -0.00287802, 1
9.829, 0.00915516, -0.00286669, 1
9.83, 0.0091523, -0.00285535, 1
9.831, 0.00914945, -0.00284398, 1
9.832, 0.00914661, -0.00283258, 1
9.833, 0.00914379, -0.00282116, 1
9.834, 0.00914097, -0.00280972, 1
9.835, 0.00913817, -0.00279826, 1
9.836, 0.00913537, -0.00278677, 1
9.837, 0.00913259, -0.00277526, 1
9.838, 0.00912982, -0.00276373, 1
9.839, 0.00912707, -0.00275218, 1
9.84, 0.00912432, -0.0027406, 1
9.841, 0.00912158, -0.002729, 1
9.842, 0.00911886, -0.00271738, 1
9.843, 0.00911615, -0.00270574, 1
9.844, 0.00911345, -0.00269407, 1
9.845, 0.00911076, -0.00268239, 1
9.846, 0.00910808, -0.00267068, 1
9.847, 0.00910542, -0.00265895, 1
9.848, 0.00910277, -0.0026472, 1
9.849, 0.00910013, -0.00263542, 1
9.85, 0.0090975, -0.00262363, 1
9.851, 0.00909488, -0.00261181, 1
9.852, 0.00909227, -0.00259998, 1
9.853, 0.00908968, -0.00258812, 1
9.854, 0.0090871, -0.00257625, 1
9.855, 0.00908453, -0.00256435, 1
9.856, 0.00908197, -0.00255243, 1
9.857, 0.00907942, -0.00254049, 1
9.858, 0.00907689, -0.00252853, 1
9.859, 0.00907436, -0.00251655, 1
9.86, 0.00907185, -0.00250456, 1
9.861, 0.00906935, -0.00249254, 1
9.862, 0.00906687, -0.0024805, 1
9.863, 0.00906439, -0.00246844, 1
9.864, 0.00906193, -0.00245637, 1
9.865, 0.00905948, -0.00244427, 1
9.866, 0.00905704, -0.00243216, 1
9.867, 0.00905462, -0.00242002, 1
9.868, 0.0090522, -0.00240787, 1
9.869, 0.0090498, -0.0023957, 1
9.87, 0.00904741, -0.00238351, 1
9.871, 0.00904503, -0.0023713, 1
9.872, 0.00904267, -0.00235907, 1
9.873, 0.00904032, -0.00234683, 1
9.874, 0.00903798, -0.00233456, 1
9.875, 0.00903565, -0.00232228, 1
9.876, 0.00903333, -0.00230998, 1
9.877, 0.00903103, -0.00229767, 1
9.878, 0.00902874, -0.00228533, 1
9.879, 0.00902646, -0.00227298, 1
9.88, 0.00902419, -0.00226061, 1
9.881, 0.00902193, -0.00224822, 1
9.882, 0.00901969, -0.00223582, 1
9.883, 0.00901746, -0.0022234, 1
9.884, 0.00901525, -0.00221096, 1
9.885, 0.00901304, -0.00219851, 1
9.886, 0.00901085, -0.00218603, 1
9.887, 0.00900867, -0.00217355, 1
9.888, 0.0090065, -0.00216104, 1
9.889, 0.00900435, -0.00214852, 1
9.89, 0.0090022, -0.00213599, 1
9.891, 0.00900008, -0.00212344, 1
9.892, 0.00899796, -0.00211087, 1
9.893, 0.00899585, -0.00209828, 1
9.894, 0.00899376, -0.00208569, 1
9.895, 0.00899168, -0.00207307, 1
9.896, 0.00898962, -0.00206044, 1
9.897, 0.00898756, -0.0020478, 1
9.898, 0.00898552, -0.00203514, 1
9.899, 0.00898349, -0.00202246, 1
9.9, 0.00898147, -0.00200977, 1
9.901, 0.00897947, -0.00199707, 1
9.902, 0.00897748, -0.00198435, 1
9.903, 0.0089755, -0.00197162, 1
9.904, 0.00897354, -0.00195887, 1
9.905, 0.00897158, -0.00194611, 1
9.906, 0.00896965, -0.00193333, 1
9.907, 0.00896772, -0.00192054, 1
9.908, 0.0089658, -0.00190774, 1
9.909, 0.0089639, -0.00189492, 1
9.91, 0.00896201, -0.00188209, 1
9.911, 0.00896014, -0.00186925, 1
9.912, 0.00895828, -0.00185639, 1
9.913, 0.00895643, -0.00184353, 1
9.914, 0.00895459, -0.00183064, 1
9.915, 0.00895276, -0.00181775, 1
9.916, 0.00895095, -0.00180484, 1
9.917, 0.00894915, -0.00179192, 1
9.918, 0.00894737, -0.00177899, 1
9.919, 0.0089456, -0.00176604, 1
9.92, 0.00894384, -0.00175308, 1
9.921, 0.00894209, -0.00174011, 1
9.922, 0.00894036, -0.00172713, 1
9.923, 0.00893864, -0.00171414, 1
9.924, 0.00893693, -0.00170114, 1
9.925, 0.00893523, -0.00168812, 1
9.926, 0.00893355, -0.00167509, 1
9.927, 0.00893188, -0.00166205, 1
9.928, 0.00893023, -0.001649, 1
9.929, 0.00892859, -0.00163594, 1
9.93, 0.00892696, -0.00162287, 1
9.931, 0.00892534, -0.00160979, 1
9.932, 0.00892374, -0.0015967, 1
9.933, 0.00892215, -0.00158359, 1
9.934, 0.00892057, -0.00157048, 1
9.935, 0.00891901, -0.00155736, 1
9.936, 0.00891746, -0.00154422, 1
9.937, 0.00891592, -0.00153108, 1
9.938, 0.00891439, -0.00151793, 1
9.939, 0.00891288, -0.00150476, 1
9.94, 0.00891138, -0.00149159, 1
9.941, 0.0089099, -0.00147841, 1
9.942, 0.00890843, -0.00146522, 1
9.943, 0.00890697, -0.00145202, 1
9.944, 0.00890552, -0.00143881, 1
9.945, 0.00890409, -0.00142559, 1
9.946, 0.00890267, -0.00141236, 1
9.947, 0.00890127, -0.00139913, 1
9.948, 0.00889987, -0.00138589, 1
9.949, 0.00889849, -0.00137263, 1
9.95, 0.00889713, -0.00135937, 1
9.951, 0.00889578, -0.00134611, 1
9.952, 0.00889444, -0.00133283, 1
9.953, 0.00889311, -0.00131955, 1
9.954, 0.0088918, -0.00130625, 1
9.955, 0.0088905, -0.00129296, 1
9.956, 0.00888921, -0.00127965, 1
9.957, 0.00888794, -0.00126634, 1
9.958, 0.00888668, -0.00125302, 1
9.959, 0.00888543, -0.00123969, 1
9.96, 0.0088842, -0.00122635, 1
9.961, 0.00888298, -0.00121301, 1
9.962, 0.00888177, -0.00119966, 1
9.963, 0.00888058, -0.00118631, 1
9.964, 0.0088794, -0.00117295, 1
9.965, 0.00887823, -0.00115958, 1
9.966, 0.00887708, -0.00114621, 1
9.967, 0.00887594, -0.00113283, 1
9.968, 0.00887482, -0.00111945, 1
9.969, 0.0088737, -0.00110606, 1
9.97, 0.0088726, -0.00109266, 1
9.971, 0.00887152, -0.00107926, 1
9.972, 0.00887044, -0.00106586, 1
9.973, 0.00886939, -0.00105245, 1
9.974, 0.00886834, -0.00103903, 1
9.975, 0.00886731, -0.00102561, 1
9.976, 0.00886629, -0.00101218, 1
9.977, 0.00886528, -0.000998754, 1
9.978, 0.00886429, -0.00098532, 1
9.979, 0.00886331, -0.000971881, 1
9.98, 0.00886235, -0.000958438, 1
9.981, 0.0088614, -0.000944991, 1
9.982, 0.00886046, -0.000931541, 1
9.983, 0.00885953, -0.000918086, 1
9.984, 0.00885862, -0.000904628, 1
9.985, 0.00885772, -0.000891166, 1
9.986, 0.00885684, -0.000877701, 1
9.987, 0.00885597, -0.000864233, 1
9.988, 0.00885511, -0.000850762, 1
9.989, 0.00885427, -0.000837288, 1
9.99, 0.00885344, -0.000823811, 1
9.991, 0.00885262, -0.000810331, 1
9.992, 0.00885182, -0.000796848, 1
9.993, 0.00885102, -0.000783364, 1
9.994, 0.00885025, -0.000769877, 1
9.995, 0.00884949, -0.000756387, 1
9.996, 0.00884874, -0.000742896, 1
9.997, 0.008848, -0.000729403, 1
9.998, 0.00884728, -0.000715908, 1
9.999, 0.00884657, -0.000702412, 1
10, 0.00884587, -0.000688914, 1
10.001, 0.00884519, -0.000675414, 1
